date,古着
2021-06-16,33
2021-06-17,36
2021-06-18,39
2021-06-19,45
2021-06-20,51
2021-06-21,35
2021-06-22,34
2021-06-23,32
2021-06-24,36
2021-06-25,36
2021-06-26,48
2021-06-27,45
2021-06-28,36
2021-06-29,37
2021-06-30,33
2021-07-01,33
2021-07-02,33
2021-07-03,42
2021-07-04,44
2021-07-05,37
2021-07-06,33
2021-07-07,34
2021-07-08,31
2021-07-09,36
2021-07-10,44
2021-07-11,44
2021-07-12,33
2021-07-13,34
2021-07-14,33
2021-07-15,34
2021-07-16,34
2021-07-17,43
2021-07-18,45
2021-07-19,34
2021-07-20,30
2021-07-21,37
2021-07-22,47
2021-07-23,49
2021-07-24,44
2021-07-25,42
2021-07-26,35
2021-07-27,33
2021-07-28,34
2021-07-29,33
2021-07-30,34
2021-07-31,39
2021-08-01,44
2021-08-02,38
2021-08-03,32
2021-08-04,34
2021-08-05,36
2021-08-06,36
2021-08-07,43
2021-08-08,45
2021-08-09,41
2021-08-10,40
2021-08-11,41
2021-08-12,41
2021-08-13,43
2021-08-14,44
2021-08-15,43
2021-08-16,37
2021-08-17,39
2021-08-18,37
2021-08-19,36
2021-08-20,40
2021-08-21,39
2021-08-22,43
2021-08-23,37
2021-08-24,43
2021-08-25,39
2021-08-26,34
2021-08-27,39
2021-08-28,43
2021-08-29,48
2021-08-30,51
2021-08-31,39
2021-09-01,39
2021-09-02,45
2021-09-03,45
2021-09-04,61
2021-09-05,62
2021-09-06,47
2021-09-07,53
2021-09-08,50
2021-09-09,51
2021-09-10,48
2021-09-11,64
2021-09-12,66
2021-09-13,48
2021-09-14,49
2021-09-15,48
2021-09-16,47
2021-09-17,45
2021-09-18,63
2021-09-19,69
2021-09-20,68
2021-09-21,49
2021-09-22,47
2021-09-23,61
2021-09-24,49
2021-09-25,70
2021-09-26,70
2021-09-27,48
2021-09-28,50
2021-09-29,49
2021-09-30,41
2021-10-01,45
2021-10-02,64
2021-10-03,65
2021-10-04,46
2021-10-05,47
2021-10-06,45
2021-10-07,47
2021-10-08,50
2021-10-09,65
2021-10-10,63
2021-10-11,49
2021-10-12,46
2021-10-13,46
2021-10-14,45
2021-10-15,48
2021-10-16,67
2021-10-17,72
2021-10-18,52
2021-10-19,51
2021-10-20,52
2021-10-21,52
2021-10-22,61
2021-10-23,73
2021-10-24,78
2021-10-25,53
2021-10-26,54
2021-10-27,49
2021-10-28,49
2021-10-29,54
2021-10-30,69
2021-10-31,66
2021-11-01,50
2021-11-02,54
2021-11-03,65
2021-11-04,50
2021-11-05,51
2021-11-06,67
2021-11-07,71
2021-11-08,50
2021-11-09,48
2021-11-10,51
2021-11-11,47
2021-11-12,50
2021-11-13,72
2021-11-14,73
2021-11-15,52
2021-11-16,45
2021-11-17,50
2021-11-18,50
2021-11-19,53
2021-11-20,66
2021-11-21,67
2021-11-22,58
2021-11-23,71
2021-11-24,53
2021-11-25,53
2021-11-26,49
2021-11-27,66
2021-11-28,73
2021-11-29,50
2021-11-30,43
2021-12-01,50
2021-12-02,46
2021-12-03,48
2021-12-04,66
2021-12-05,68
2021-12-06,54
2021-12-07,48
2021-12-08,50
2021-12-09,47
2021-12-10,51
2021-12-11,68
2021-12-12,66
2021-12-13,50
2021-12-14,44
2021-12-15,46
2021-12-16,46
2021-12-17,100
2021-12-18,75
2021-12-19,69
2021-12-20,49
2021-12-21,50
2021-12-22,51
2021-12-23,45
2021-12-24,53
2021-12-25,94
2021-12-26,72
2021-12-27,52
2021-12-28,54
2021-12-29,72
2021-12-30,73
2021-12-31,52
2022-01-01,70
2022-01-02,94
2022-01-03,82
2022-01-04,74
2022-01-05,57
2022-01-06,48
2022-01-07,50
2022-01-08,67
2022-01-09,68
2022-01-10,61
2022-01-11,47
2022-01-12,51
2022-01-13,50
2022-01-14,47
2022-01-15,60
2022-01-16,64
2022-01-17,42
2022-01-18,46
2022-01-19,42
2022-01-20,41
2022-01-21,43
2022-01-22,62
2022-01-23,63
2022-01-24,51
2022-01-25,44
2022-01-26,42
2022-01-27,42
2022-01-28,47
2022-01-29,60
2022-01-30,58
2022-01-31,47
2022-02-01,43
2022-02-02,46
2022-02-03,42
2022-02-04,46
2022-02-05,60
2022-02-06,62
2022-02-07,46
2022-02-08,48
2022-02-09,43
2022-02-10,41
2022-02-11,52
2022-02-12,61
2022-02-13,56
2022-02-14,46
2022-02-15,48
2022-02-16,51
2022-02-17,49
2022-02-18,51
2022-02-19,55
2022-02-20,63
2022-02-21,52
2022-02-22,51
2022-02-23,57
2022-02-24,48
2022-02-25,47
2022-02-26,59
2022-02-27,76
2022-02-28,48
2022-03-01,45
2022-03-02,45
2022-03-03,47
2022-03-04,52
2022-03-05,58
2022-03-06,65
2022-03-07,52
2022-03-08,50
2022-03-09,48
2022-03-10,48
2022-03-11,50
