Season_fall-winter_sum,Season_spring-fall_sum,Season_spring-summer_sum,TotalPrice,Quantity,ShipCharge,TotalMallCouponDiscount,Week_Friday,Week_Monday,Week_Saturday,Week_Sunday,Week_Thursday,Week_Tuesday,Week_Wednesday,Holiday_Flag,SaleEventFlag_yahoo,SaleEventFlag_rakuten,Average_Temperature,Maximum Temperature,Minimum Temperature,Total Precipitation (mm),Brand_Price_Range_Very Low,Brand_Price_Range_Low,Brand_Price_Range_Medium,Brand_Price_Range_High,Brand_Price_Range_Very High,Brand_Price_Range_Extremely High,Category_Outer,Category_Suit,Category_Tops,Category_Bottoms,Category_Dress,Category_Accessory
0,0,1,27720,1,0,0,0,0,0,0,0,0,1,0,0,0,22.8,24.9,20.6,30.5,0,0,0,0,1,0,0,0,0,0,1,0
0,0,0,0,0,0,0,0,0,0,0,1,0,0,0,0,0,22.9,26.7,18.9,3.5,0,0,0,0,0,0,0,0,0,0,0,0
0,0,0,0,0,0,0,1,0,0,0,0,0,0,0,0,0,23.1,27.4,18.5,0.0,0,0,0,0,0,0,0,0,0,0,0,0
0,0,0,0,0,0,0,0,0,1,0,0,0,0,1,1,0,22.0,23.1,19.2,12.0,0,0,0,0,0,0,0,0,0,0,0,0
1,0,0,20000,1,0,0,0,0,0,1,0,0,0,1,1,0,22.8,28.6,19.5,14.5,0,0,0,1,0,0,1,0,0,0,0,0
0,0,0,0,0,0,0,0,1,0,0,0,0,0,0,1,0,22.9,27.9,19.6,0.0,0,0,0,0,0,0,0,0,0,0,0,0
0,0,1,18000,1,0,0,0,0,0,0,0,1,0,0,1,0,23.1,28.6,19.1,0.0,0,0,1,0,0,0,0,1,0,0,0,0
0,0,0,0,0,0,0,0,0,0,0,0,0,1,0,1,1,22.0,25.6,20.6,1.5,0,0,0,0,0,0,0,0,0,0,0,0
0,0,1,7200,1,0,0,0,0,0,0,1,0,0,0,1,1,22.8,27.2,19.1,0.0,0,1,0,0,0,0,0,0,1,0,0,0
0,0,0,0,0,0,0,1,0,0,0,0,0,0,0,1,1,23.3,27.5,20.7,19.0,0,0,0,0,0,0,0,0,0,0,0,0
0,0,0,0,0,0,0,0,0,1,0,0,0,0,1,1,1,24.2,28.4,20.5,0.0,0,0,0,0,0,0,0,0,0,0,0,0
0,0,0,0,0,0,0,0,0,0,1,0,0,0,1,1,0,23.7,26.7,21.6,0.0,0,0,0,0,0,0,0,0,0,0,0,0
0,0,0,0,0,0,0,0,1,0,0,0,0,0,0,1,0,24.4,29.6,20.1,0.0,0,0,0,0,0,0,0,0,0,0,0,0
0,0,0,0,0,0,0,0,0,0,0,0,1,0,0,1,0,21.9,28.4,18.8,53.0,0,0,0,0,0,0,0,0,0,0,0,0
0,0,0,0,0,0,0,0,0,0,0,0,0,1,0,0,0,20.6,23.1,18.4,3.0,0,0,0,0,0,0,0,0,0,0,0,0
0,0,0,0,0,0,0,0,0,0,0,1,0,0,0,0,0,20.9,22.9,20.1,64.5,0,0,0,0,0,0,0,0,0,0,0,0
1,0,0,39500,1,0,500,1,0,0,0,0,0,0,0,0,0,21.2,22.2,20.3,68.0,0,0,0,0,0,1,0,0,0,0,1,0
0,0,0,0,0,0,0,0,0,1,0,0,0,0,1,1,0,22.2,25.8,20.5,53.5,0,0,0,0,0,0,0,0,0,0,0,0
0,0,0,0,0,0,0,0,0,0,1,0,0,0,1,1,0,20.1,21.1,19.3,17.5,0,0,0,0,0,0,0,0,0,0,0,0
0,0,0,0,0,0,0,0,1,0,0,0,0,0,0,1,1,22.1,25.1,19.9,2.5,0,0,0,0,0,0,0,0,0,0,0,0
0,0,0,0,0,0,0,0,0,0,0,0,1,0,0,1,1,24.7,29.6,22.0,0.5,0,0,0,0,0,0,0,0,0,0,0,0
1,0,1,31300,2,0,0,0,0,0,0,0,0,1,0,1,1,25.8,30.0,22.9,0.5,0,0,1,0,1,0,0,0,1,1,0,0
0,0,0,0,0,0,0,0,0,0,0,1,0,0,0,1,1,23.7,24.8,22.3,7.5,0,0,0,0,0,0,0,0,0,0,0,0
0,0,1,10400,1,0,0,1,0,0,0,0,0,0,0,1,1,23.5,24.9,22.2,9.0,0,0,0,1,0,0,0,0,0,0,1,0
1,0,0,38000,1,0,11400,0,0,1,0,0,0,0,1,1,1,27.0,33.4,22.7,4.5,0,0,0,0,0,1,1,0,0,0,0,0
0,0,0,0,0,0,0,0,0,0,1,0,0,0,1,1,1,24.7,31.8,21.2,17.5,0,0,0,0,0,0,0,0,0,0,0,0
0,0,0,0,0,0,0,0,1,0,0,0,0,0,0,1,0,25.8,31.6,21.0,0.0,0,0,0,0,0,0,0,0,0,0,0,0
0,0,0,0,0,0,0,0,0,0,0,0,1,0,0,1,0,25.5,29.0,23.4,0.0,0,0,0,0,0,0,0,0,0,0,0,0
0,0,0,0,0,0,0,0,0,0,0,0,0,1,0,1,0,25.3,28.8,22.8,0.0,0,0,0,0,0,0,0,0,0,0,0,0
0,0,0,0,0,0,0,0,0,0,0,1,0,0,0,1,0,26.4,31.1,23.0,0.0,0,0,0,0,0,0,0,0,0,0,0,0
0,0,0,0,0,0,0,1,0,0,0,0,0,0,0,1,0,27.7,33.2,24.1,0.0,0,0,0,0,0,0,0,0,0,0,0,0
0,0,0,0,0,0,0,0,0,1,0,0,0,0,1,1,0,27.4,32.6,23.5,0.0,0,0,0,0,0,0,0,0,0,0,0,0
0,0,0,0,0,0,0,0,0,0,1,0,0,0,1,1,0,28.1,33.2,23.7,0.0,0,0,0,0,0,0,0,0,0,0,0,0
0,0,0,0,0,0,0,0,1,0,0,0,0,0,0,1,0,29.2,34.7,25.1,0.0,0,0,0,0,1,0,0,1,0,0,0,0
0,0,1,16800,1,0,1000,0,0,0,0,0,1,0,0,0,1,28.8,34.0,25.6,0.0,0,0,0,1,0,0,1,0,0,0,0,0
0,0,0,0,0,0,0,0,0,0,0,0,0,1,0,0,1,28.4,33.6,24.3,0.0,0,0,0,0,0,0,0,0,0,0,0,0
0,0,0,0,0,0,0,0,0,0,0,1,0,0,1,1,1,28.4,34.2,24.1,0.0,0,0,0,0,0,0,0,0,0,0,0,0
0,0,0,0,0,0,0,1,0,0,0,0,0,0,1,1,1,28.4,34.0,24.6,0.0,0,0,0,0,0,0,0,0,0,0,0,0
0,1,0,33000,1,0,2000,0,0,1,0,0,0,0,1,1,1,28.5,34.4,25.3,0.0,0,0,0,0,1,0,0,1,0,0,0,0
0,0,0,0,0,0,0,0,0,0,1,0,0,0,1,1,1,28.5,34.4,24.7,0.0,0,0,0,0,0,0,0,0,0,0,0,0
0,0,0,0,0,0,0,0,1,0,0,0,0,0,0,1,1,27.5,32.1,24.6,0.0,0,0,0,0,0,0,0,0,0,0,0,0
0,0,0,0,0,0,0,0,0,0,0,0,1,0,0,1,0,24.9,29.8,21.3,34.5,0,0,0,0,0,0,0,0,0,0,0,0
0,0,0,0,0,0,0,0,0,0,0,0,0,1,0,1,0,27.7,32.0,23.9,0.0,0,0,0,0,0,0,0,0,0,0,0,0
0,0,1,15800,1,0,0,0,0,0,0,1,0,0,0,1,0,27.8,32.1,24.3,0.0,0,0,0,1,0,0,1,0,0,0,0,0
0,0,0,0,0,0,0,1,0,0,0,0,0,0,0,0,0,25.8,30.5,23.9,30.0,0,0,0,0,0,0,0,0,0,0,0,0
0,0,1,9350,1,600,0,0,0,1,0,0,0,0,1,1,0,27.5,32.5,23.3,0.0,0,0,1,0,0,0,0,0,1,0,0,0
0,0,0,0,0,0,0,0,0,0,1,0,0,0,1,1,0,28.7,33.7,24.2,0.0,0,0,0,0,0,0,0,0,0,0,0,0
0,0,0,0,0,0,0,0,1,0,0,0,0,0,0,1,0,28.6,33.1,25.6,0.5,0,0,0,0,0,0,0,0,0,0,0,0
0,0,0,0,0,0,0,0,0,0,0,0,1,0,0,0,0,29.0,32.9,25.7,3.0,0,0,0,0,0,0,0,0,0,0,0,0
0,0,0,0,0,0,0,0,0,0,0,0,0,1,0,0,0,29.5,34.5,25.7,0.0,0,0,0,0,0,0,0,0,0,0,0,0
0,0,1,12000,1,0,1000,0,0,0,0,1,0,0,0,1,1,29.1,34.7,24.0,0.0,0,0,1,0,0,0,1,0,0,0,0,0
0,0,0,0,0,0,0,1,0,0,0,0,0,0,0,1,1,29.1,34.8,24.6,0.0,0,0,0,0,0,0,0,0,0,0,0,0
0,0,0,0,0,0,0,0,0,1,0,0,0,0,1,1,1,27.9,31.4,26.3,2.0,0,0,0,0,0,0,0,0,0,0,0,0
0,0,0,0,0,0,0,0,0,0,1,0,0,0,1,1,1,25.9,28.8,24.7,90.5,0,0,0,0,0,0,0,0,0,0,0,0
0,0,0,0,0,0,0,0,1,0,0,0,0,0,1,1,1,28.1,31.3,25.6,2.0,0,0,0,0,0,0,0,0,0,0,0,0
1,1,0,78100,2,0,46860,0,0,0,0,0,1,0,0,0,1,31.0,36.8,27.2,0.0,0,0,0,0,0,2,2,0,0,0,0,0
0,0,0,0,0,0,0,0,0,0,0,0,0,1,0,1,1,29.2,33.5,25.9,0.0,0,0,0,0,0,0,0,0,0,0,0,0
0,0,0,0,0,0,0,0,0,0,0,1,0,0,0,1,0,26.0,29.2,23.9,0.5,0,0,0,0,0,0,0,0,0,0,0,0
0,0,0,0,0,0,0,1,0,0,0,0,0,0,0,1,0,22.5,25.4,20.5,20.5,0,0,0,0,0,0,0,0,0,0,0,0
0,0,1,6820,1,600,0,0,0,1,0,0,0,0,1,1,0,22.3,25.6,20.1,77.0,0,1,0,0,0,0,0,0,0,1,0,0
1,0,0,14500,1,0,0,0,0,0,1,0,0,0,1,1,0,19.3,20.2,18.4,138.5,0,0,0,0,1,0,0,0,0,1,0,0
0,0,0,0,0,0,0,0,1,0,0,0,0,0,0,1,0,20.7,22.5,19.0,2.0,0,0,0,0,0,0,0,0,0,0,0,0
0,1,2,44000,3,600,100,0,0,0,0,0,1,0,0,1,0,23.7,27.4,20.7,23.5,0,1,0,2,0,0,1,0,0,2,0,0
0,0,2,29700,2,0,500,0,0,0,0,0,0,1,0,1,0,27.0,31.3,24.5,3.0,0,0,1,0,1,0,0,0,0,0,2,0
0,0,0,0,0,0,0,0,0,0,0,1,0,0,0,1,0,28.5,33.8,25.1,0.0,0,0,0,0,0,0,0,0,0,0,0,0
0,1,1,31680,2,0,0,1,0,0,0,0,0,0,0,0,0,28.7,33.7,25.2,0.0,0,0,0,1,1,0,0,1,1,0,0,0
0,0,0,0,0,0,0,0,0,1,0,0,0,0,1,1,0,27.9,32.1,24.8,0.0,0,0,0,0,0,0,0,0,0,0,0,0
0,0,0,0,0,0,0,0,0,0,1,0,0,0,1,1,0,28.5,33.6,25.5,0.0,0,0,0,0,0,0,0,0,0,0,0,0
0,0,1,12100,1,0,0,0,1,0,0,0,0,0,0,1,0,26.9,30.3,22.2,2.5,0,1,0,0,0,0,0,0,0,0,1,0
0,0,1,7700,1,600,0,0,0,0,0,0,1,0,0,1,0,27.5,31.0,23.9,0.0,0,1,0,0,0,0,0,0,0,1,0,0
0,0,0,0,0,0,0,0,0,0,0,0,0,1,0,1,0,29.4,34.4,26.3,0.0,0,0,0,0,0,0,0,0,0,0,0,0
0,0,0,0,0,0,0,0,0,0,0,1,0,0,0,1,0,30.5,35.7,26.6,0.0,0,0,0,0,0,0,0,0,0,0,0,0
1,0,0,8800,1,600,0,1,0,0,0,0,0,0,0,1,0,30.0,34.3,26.9,0.0,0,1,0,0,0,0,0,0,1,0,0,0
0,0,0,0,0,0,0,0,0,1,0,0,0,0,1,1,0,29.8,34.8,26.7,0.0,0,0,0,0,0,0,0,0,0,0,0,0
0,0,0,0,0,0,0,0,0,0,1,0,0,0,1,1,0,28.5,32.8,26.5,0.0,0,0,0,0,0,0,0,0,0,0,0,0
0,0,0,0,0,0,0,0,1,0,0,0,0,0,0,1,0,29.2,33.8,26.1,0.0,0,0,0,0,0,0,0,0,0,0,0,0
0,0,0,0,0,0,0,0,0,0,0,0,1,0,0,0,0,26.9,32.4,21.2,17.0,0,0,0,0,0,0,0,0,0,0,0,0
0,0,0,0,0,0,0,0,0,0,0,0,0,1,0,0,0,20.7,23.5,18.3,3.0,0,0,0,0,0,0,0,0,0,0,0,0
0,0,0,0,0,0,0,0,0,0,0,1,0,0,0,0,0,19.4,20.6,18.4,18.5,0,0,0,0,0,0,0,0,0,0,0,0
0,0,0,0,0,0,0,1,0,0,0,0,0,0,0,0,0,19.7,21.4,18.7,17.0,0,0,0,0,0,0,0,0,0,0,0,0
3,2,2,74990,7,0,1000,0,0,1,0,0,0,0,1,1,0,20.6,22.9,19.2,14.0,0,2,1,1,0,3,1,0,3,0,3,0
4,1,1,89300,6,0,21527,0,0,0,1,0,0,0,1,1,1,21.0,24.7,18.6,10.0,0,1,0,1,1,3,3,0,1,2,0,0
3,1,6,120700,10,0,534200,0,1,0,0,0,0,0,0,1,1,19.9,21.8,18.1,8.5,0,0,0,1,2,9,2,1,2,2,3,2
2,1,1,89250,4,0,18500,0,0,0,0,0,1,0,0,1,1,20.4,24.4,16.8,0.0,0,0,1,1,1,1,1,1,0,0,2,0
0,1,0,31400,1,0,15700,0,0,0,0,0,0,1,0,1,1,20.3,25.0,16.9,0.5,0,0,0,1,0,0,1,0,0,0,0,0
0,1,0,4100,1,0,200,0,0,0,0,1,0,0,0,1,1,20.5,22.5,18.3,14.0,0,0,1,0,0,0,1,0,0,0,0,0
11,4,2,280000,17,0,402527,1,0,0,0,0,0,0,0,0,1,24.8,30.0,20.6,0.0,0,0,0,3,4,10,8,0,2,5,2,0
1,0,0,62400,1,0,31200,0,0,1,0,0,0,0,1,1,1,25.0,29.1,22.7,0.0,0,0,0,0,0,1,1,0,0,0,0,0
0,0,0,0,0,0,0,0,0,0,1,0,0,0,1,1,0,24.4,26.9,22.8,0.0,0,0,0,0,0,0,0,0,0,0,0,0
0,0,0,0,0,0,0,0,1,0,0,0,0,0,0,1,0,25.2,30.7,21.5,0.0,0,0,0,0,0,0,0,0,0,0,0,0
0,0,0,0,0,0,0,0,0,0,0,0,1,0,0,1,0,22.8,25.7,19.8,5.5,0,0,0,0,0,0,0,0,0,0,0,0
0,0,0,0,0,0,0,0,0,0,0,0,0,1,0,1,0,22.9,28.5,19.4,1.5,0,0,0,0,0,0,0,0,0,0,0,0
2,0,0,45100,2,0,2530,0,0,0,0,1,0,0,0,1,0,22.3,27.4,19.4,0.0,0,0,0,1,0,1,2,0,0,0,0,0
0,0,0,0,0,0,0,1,0,0,0,0,0,0,0,1,0,22.3,25.2,17.6,0.0,0,0,0,0,0,0,0,0,0,0,0,0
0,0,0,0,0,0,0,0,0,1,0,0,0,0,1,1,0,23.7,26.0,22.0,124.5,0,0,0,0,0,0,0,0,0,0,0,0
0,0,0,0,0,0,0,0,0,0,1,0,0,0,1,1,0,23.9,29.2,19.0,0.0,0,0,0,0,0,0,0,0,0,0,0,0
1,0,0,28400,1,0,11076,0,1,0,0,0,0,0,1,1,1,22.4,28.3,17.8,0.0,0,0,0,0,1,0,1,0,0,0,0,0
0,0,0,0,0,0,0,0,0,0,0,0,1,0,0,0,1,22.7,27.9,18.6,0.0,0,0,0,0,0,0,0,0,0,0,0,0
0,0,0,0,0,0,0,0,0,0,0,0,0,1,0,1,1,24.9,29.5,20.6,1.0,0,0,0,0,0,0,0,0,0,0,0,0
0,0,1,36800,1,0,14352,0,0,0,0,1,0,0,1,1,1,26.6,31.7,22.9,0.0,0,0,0,0,0,1,1,0,0,0,0,0
0,0,0,0,0,0,0,1,0,0,0,0,0,0,0,1,1,25.4,30.6,21.2,0.0,0,0,0,0,0,0,0,0,0,0,0,0
0,0,1,17000,1,0,0,0,0,1,0,0,0,0,1,1,0,22.1,24.5,20.3,0.0,0,0,1,0,0,0,0,0,1,0,0,0
1,0,0,19000,1,0,0,0,0,0,1,0,0,0,1,1,0,19.9,21.3,18.2,0.0,0,0,0,0,0,1,1,0,0,0,0,0
0,0,0,0,0,0,0,0,1,0,0,0,0,0,0,1,0,20.1,24.8,17.0,0.0,0,0,0,0,0,0,0,0,0,0,0,0
0,0,0,0,0,0,0,0,0,0,0,0,1,0,0,1,0,21.1,26.6,16.9,0.0,0,0,0,0,0,0,0,0,0,0,0,0
0,0,0,0,0,0,0,0,0,0,0,0,0,1,0,1,0,21.9,26.3,17.5,0.0,0,0,0,0,0,0,0,0,0,0,0,0
0,0,0,0,0,0,0,0,0,0,0,1,0,0,0,0,0,23.2,29.2,19.3,4.5,0,0,0,0,0,0,0,0,0,0,0,0
1,0,0,6820,1,600,0,1,0,0,0,0,0,0,0,0,0,19.0,21.3,17.2,113.0,0,1,0,0,0,0,0,0,0,1,0,0
0,1,0,38500,1,0,0,0,0,1,0,0,0,0,1,1,0,21.9,30.1,15.2,2.0,0,0,0,0,1,0,1,0,0,0,0,0
0,0,0,0,0,0,0,0,0,0,1,0,0,0,1,1,0,22.1,27.7,18.0,0.0,0,0,0,0,0,0,0,0,0,0,0,0
0,0,0,0,0,0,0,0,1,0,0,0,0,0,0,1,0,23.5,29.7,18.6,0.0,0,0,0,0,0,0,0,0,0,0,0,0
0,0,2,37000,2,0,1000,0,0,0,0,0,1,0,0,1,1,23.9,29.1,19.3,0.0,0,0,0,2,0,0,0,0,0,1,1,0
0,0,0,0,0,0,0,0,0,0,0,0,0,1,0,1,1,22.8,28.5,19.5,0.0,0,0,0,0,0,0,0,0,0,0,0,0
0,0,0,0,0,0,0,0,0,0,0,1,0,0,0,1,1,21.3,24.1,18.2,0.0,0,0,0,0,0,0,0,0,0,0,0,0
0,0,1,7150,1,600,0,1,0,0,0,0,0,0,0,1,1,24.2,29.2,20.2,0.0,0,1,0,0,0,0,0,0,0,1,0,0
0,0,0,0,0,0,0,0,0,1,0,0,0,0,1,1,1,22.7,28.1,20.3,0.0,0,0,0,0,0,0,0,0,0,0,0,0
1,1,0,46400,2,0,1000,0,0,0,1,0,0,0,1,1,1,22.2,26.7,19.7,0.0,0,0,0,0,0,2,1,0,1,0,0,0
0,0,0,0,0,0,0,0,1,0,0,0,0,0,0,1,1,24.0,29.3,19.5,0.0,0,0,0,0,0,0,0,0,0,0,0,0
0,0,0,0,0,0,0,0,0,0,0,0,1,0,0,1,0,20.5,23.8,17.9,2.5,0,0,0,0,0,0,0,0,0,0,0,0
0,0,0,0,0,0,0,0,0,0,0,0,0,1,0,1,0,17.4,18.5,16.4,10.5,0,0,0,0,0,0,0,0,0,0,0,0
0,0,0,0,0,0,0,0,0,0,0,1,0,0,0,1,0,19.1,24.5,15.9,0.0,0,0,0,0,0,0,0,0,0,0,0,0
1,0,0,15950,1,0,0,1,0,0,0,0,0,0,0,1,0,20.7,25.4,16.6,0.0,0,0,1,0,0,0,0,0,0,0,1,0
1,0,0,6000,1,0,0,0,0,1,0,0,0,0,1,1,0,21.0,23.2,18.9,0.5,0,1,0,0,0,0,0,0,1,0,0,0
0,0,0,0,0,0,0,0,0,0,1,0,0,0,1,1,0,15.7,21.2,11.1,13.5,0,0,0,0,0,0,0,0,0,0,0,0
0,0,1,11880,1,0,594,0,1,0,0,0,0,0,0,1,0,13.6,18.8,9.2,0.0,0,0,1,0,0,0,0,0,0,0,1,0
0,0,0,0,0,0,0,0,0,0,0,0,1,0,0,1,0,13.5,15.4,11.5,9.0,0,0,0,0,0,0,0,0,0,0,0,0
0,0,0,0,0,0,0,0,0,0,0,0,0,1,0,0,0,16.1,22.3,11.6,0.0,0,0,0,0,0,0,0,0,0,0,0,0
1,0,0,17200,1,0,0,0,0,0,0,1,0,0,0,0,0,15.4,19.3,12.3,0.0,0,0,0,1,0,0,0,0,0,1,0,0
2,0,0,28700,2,0,0,1,0,0,0,0,0,0,0,1,0,11.2,15.3,10.2,9.5,0,0,0,1,0,1,2,0,0,0,0,0
0,0,0,0,0,0,0,0,0,1,0,0,0,0,1,1,0,13.6,19.2,8.6,0.0,0,0,0,0,0,0,0,0,0,0,0,0
2,0,0,49200,2,0,0,0,0,0,1,0,0,0,1,1,0,13.4,19.5,7.9,0.0,0,0,0,0,1,1,1,0,0,1,0,0
0,0,0,0,0,0,0,0,1,0,0,0,0,0,0,1,0,14.0,17.3,10.9,5.5,0,0,0,0,0,0,0,0,0,0,0,0
0,1,1,38600,2,0,1000,0,0,0,0,0,1,0,0,1,0,15.0,20.4,11.2,30.0,0,0,1,0,0,1,1,0,0,1,0,0
0,0,0,0,0,0,0,0,0,0,0,0,0,1,0,1,0,14.5,16.6,12.8,1.0,0,0,0,0,0,0,0,0,0,0,0,0
0,0,1,19000,1,0,0,0,0,0,0,1,0,0,0,1,0,17.6,23.0,13.7,0.5,0,0,1,0,0,0,0,0,0,1,0,0
2,0,0,32700,2,0,0,1,0,0,0,0,0,0,0,1,0,15.3,20.0,10.9,0.0,0,0,0,1,0,1,1,0,0,1,0,0
1,0,0,14800,1,0,1000,0,0,1,0,0,0,0,1,1,0,14.5,20.4,9.5,0.0,0,0,1,0,0,0,1,0,0,0,0,0
0,0,0,0,0,0,0,0,0,0,1,0,0,0,1,1,0,13.6,16.4,12.3,2.0,0,0,0,0,0,0,0,0,0,0,0,0
0,0,0,0,0,0,0,0,1,0,0,0,0,0,0,1,0,16.8,21.4,12.4,0.0,0,0,0,0,0,0,0,0,0,0,0,0
0,0,0,0,0,0,0,0,0,0,0,0,1,0,0,0,0,17.7,21.9,15.3,0.0,0,0,0,0,0,0,0,0,0,0,0,0
1,0,0,24200,1,0,0,0,0,0,0,0,0,1,1,0,0,17.1,22.1,13.5,0.0,0,0,1,0,0,0,1,0,0,0,0,0
1,1,0,30000,2,0,6300,0,0,0,0,1,0,0,0,0,0,15.5,20.3,11.6,0.0,0,1,1,0,0,0,2,0,0,0,0,0
1,0,0,23900,1,0,7170,1,0,0,0,0,0,0,0,1,1,15.3,20.3,11.5,0.0,0,0,1,0,0,0,1,0,0,0,0,0
2,0,0,47800,2,0,3000,0,0,1,0,0,0,0,1,1,1,14.9,19.6,10.6,0.0,0,0,1,0,1,0,0,0,0,2,0,0
1,0,0,20000,1,0,6000,0,0,0,1,0,0,0,1,1,1,15.7,19.2,12.2,1.0,0,0,1,0,0,0,1,0,0,0,0,0
3,1,0,68200,4,0,24690,0,1,0,0,0,0,0,0,1,1,16.4,21.5,12.7,1.5,0,0,1,2,1,0,3,0,0,1,0,0
1,0,0,32000,1,0,9600,0,0,0,0,0,1,0,0,1,1,16.1,19.8,14.2,47.5,0,0,0,0,1,0,0,0,1,0,0,0
1,0,0,19800,1,0,0,0,0,0,0,0,0,1,0,0,1,16.0,20.9,13.6,0.0,0,0,2,0,0,0,1,0,0,1,0,0
0,0,0,0,0,0,0,0,0,0,0,1,0,0,0,1,1,15.4,20.7,10.8,0.0,0,0,0,0,0,0,0,0,0,0,0,0
0,0,0,0,0,0,0,1,0,0,0,0,0,0,0,1,0,14.5,21.5,9.7,0.0,0,0,0,0,0,0,0,0,0,0,0,0
2,0,0,39070,2,0,700,0,0,1,0,0,0,0,1,1,0,13.1,18.4,8.6,0.0,0,0,0,1,1,0,0,1,0,1,0,0
0,0,1,38500,1,0,0,0,0,0,1,0,0,0,1,1,0,14.0,19.6,8.9,0.0,0,0,0,0,0,1,0,1,0,0,0,0
0,0,0,0,0,0,0,0,1,0,0,0,0,0,0,1,0,14.3,20.4,9.5,0.0,0,0,0,0,1,0,0,1,0,0,0,0
0,0,0,0,0,0,0,0,0,0,0,0,1,0,0,1,0,14.2,18.8,11.2,0.0,0,0,0,0,0,0,0,0,0,0,0,0
1,0,0,8690,1,600,0,0,0,0,0,0,0,1,0,1,0,13.5,17.6,9.8,0.0,0,0,0,1,0,0,0,0,0,1,0,0
3,0,0,63400,3,0,16140,0,0,0,0,1,0,0,0,1,0,12.6,17.4,9.6,0.0,0,0,0,0,1,2,1,0,0,2,0,0
1,0,0,27900,1,0,8370,1,0,0,0,0,0,0,0,1,0,12.5,17.6,8.4,0.0,0,0,0,0,0,1,1,0,0,0,0,0
1,0,0,20500,1,0,6150,0,0,1,0,0,0,0,1,1,0,13.2,18.7,8.3,0.0,0,0,0,0,1,0,0,0,0,1,0,0
0,0,0,0,0,0,0,0,0,0,1,0,0,0,1,1,0,12.5,15.8,9.4,12.5,0,0,0,0,0,0,0,0,0,0,0,0
1,0,0,14630,1,0,0,0,1,0,0,0,0,0,0,1,0,13.5,16.6,11.9,24.5,0,0,1,0,1,0,0,1,0,1,0,0
0,0,0,0,0,0,0,0,0,0,0,0,1,0,1,1,0,12.5,17.0,7.9,0.0,0,0,0,0,0,0,0,0,0,0,0,0
0,0,0,0,0,0,0,0,0,0,0,0,0,1,0,1,0,11.4,16.9,7.2,0.0,0,0,0,0,0,0,0,0,0,0,0,0
0,0,0,0,0,0,0,0,0,0,0,1,0,0,0,1,0,12.3,18.5,6.0,0.0,0,0,0,0,0,0,0,0,0,0,0,0
0,0,0,0,0,0,0,1,0,0,0,0,0,0,0,1,0,12.0,17.3,8.3,0.0,0,0,0,0,0,0,0,0,0,0,0,0
1,1,0,32780,2,600,500,0,0,1,0,0,0,0,1,1,0,9.6,13.8,6.2,0.0,0,1,1,0,0,0,1,0,1,0,0,0
0,0,0,0,0,0,0,0,0,0,1,0,0,0,1,1,0,8.9,14.4,3.8,0.0,0,0,0,0,0,0,0,0,0,0,0,0
0,0,0,0,0,0,0,0,1,0,0,0,0,0,0,1,0,8.1,13.6,4.0,0.0,0,0,0,0,0,0,0,0,0,0,0,0
1,0,0,16500,1,0,0,0,0,0,0,0,1,0,0,0,0,11.0,16.1,3.8,6.0,0,0,0,1,0,0,1,0,0,0,0,0
0,0,0,0,0,0,0,0,0,0,0,0,0,1,0,0,0,15.5,20.3,9.7,54.5,0,0,0,0,0,0,0,0,0,0,0,0
1,0,0,21800,1,0,0,0,0,0,0,1,0,0,0,0,0,10.1,13.8,6.1,0.0,0,0,0,0,1,0,1,0,0,0,0,0
2,0,0,36080,2,0,5940,1,0,0,0,0,0,0,0,0,0,9.7,16.1,4.6,0.0,0,0,0,2,0,0,0,1,0,1,0,0
9,4,3,256299,16,600,22444,0,0,1,0,0,0,0,1,1,0,9.9,14.9,5.1,0.0,0,1,4,4,1,6,4,3,6,0,3,0
6,1,2,94582,9,0,9777,0,0,0,1,0,0,0,1,1,1,8.6,11.9,5.4,0.0,0,0,2,4,1,2,0,0,3,6,0,0
2,0,1,40870,3,0,1000,0,1,0,0,0,0,0,0,1,1,8.9,10.8,6.6,0.0,0,1,1,0,1,0,2,1,0,0,0,0
1,1,0,37070,2,0,0,0,0,0,0,0,1,0,0,1,1,11.8,14.9,9.5,9.5,0,0,1,0,0,1,0,0,1,0,1,0
0,1,0,35380,1,0,2000,0,0,0,0,0,0,1,0,1,1,9.5,10.6,8.3,36.5,0,0,0,0,0,1,1,0,0,0,0,0
2,0,1,20770,3,600,2344,0,0,0,0,1,0,0,0,1,1,10.2,14.2,8.2,0.0,1,1,1,0,0,0,1,0,0,1,0,1
2,3,0,33828,5,600,8310,1,0,0,0,0,0,0,0,0,1,8.6,12.5,6.3,0.0,1,1,1,0,2,0,1,0,3,0,0,1
0,1,1,37100,2,0,1000,0,0,1,0,0,0,0,1,1,1,9.4,15.4,4.1,0.0,0,0,0,1,1,0,1,0,0,1,0,0
0,0,0,0,0,0,0,0,0,0,1,0,0,0,1,1,0,11.3,16.7,7.9,0.0,0,0,0,0,0,0,0,0,0,0,0,0
2,0,0,10950,2,600,2841,0,1,0,0,0,0,0,0,1,0,9.7,13.0,5.8,0.0,0,2,0,0,0,0,0,0,0,0,1,1
0,1,1,31200,2,0,5610,0,0,0,0,0,1,0,0,1,0,5.1,6.4,3.6,5.5,0,0,0,2,0,0,0,1,0,1,0,0
0,0,0,0,0,0,0,0,0,0,0,0,0,1,0,1,0,7.6,14.3,2.6,0.0,0,0,0,0,0,0,0,0,0,0,0,0
0,0,0,0,0,0,0,0,0,0,0,1,0,0,0,1,0,9.5,14.7,4.2,0.0,0,0,0,0,0,0,0,0,0,0,0,0
1,0,0,7700,1,600,2310,1,0,0,0,0,0,0,0,1,0,8.7,11.9,4.9,6.0,0,1,0,0,0,0,0,0,1,0,0,0
1,0,0,2780,1,0,0,0,0,1,0,0,0,0,1,1,0,4.5,8.5,1.7,0.0,1,0,0,0,0,0,0,0,0,0,0,1
0,0,0,0,0,0,0,0,0,0,1,0,0,0,1,1,0,4.3,10.0,-0.7,0.0,0,0,0,0,0,0,0,0,0,0,0,0
3,0,1,66460,4,0,13040,0,1,0,0,0,0,0,0,1,0,6.4,11.9,0.8,0.0,0,2,0,1,1,0,1,0,0,0,1,2
2,0,0,32480,2,0,9300,0,0,0,0,0,1,0,0,0,0,8.2,15.2,2.0,0.0,0,1,0,0,1,0,1,0,0,0,0,1
1,0,0,12700,1,0,3810,0,0,0,0,0,0,1,0,1,0,8.8,13.5,5.0,0.0,0,0,0,1,0,0,0,0,0,1,0,0
1,0,0,2780,1,0,300,0,0,0,0,1,0,0,0,1,0,8.3,13.2,5.0,0.0,1,0,0,0,0,0,0,0,0,0,0,1
0,0,0,0,0,0,0,1,0,0,0,0,0,0,0,1,0,8.0,13.2,3.6,0.5,0,0,0,0,0,0,0,0,0,0,0,0
1,1,0,22400,2,0,4410,0,0,1,0,0,0,0,1,1,0,8.3,14.1,4.7,3.5,0,0,2,0,0,0,1,0,0,1,0,0
3,0,0,26780,3,0,3300,0,0,0,1,0,0,0,1,1,0,3.5,7.6,-0.2,0.0,0,1,1,0,0,1,1,0,0,1,0,1
0,0,0,0,0,0,0,0,1,0,0,0,0,0,0,1,0,2.7,8.1,-2.2,0.0,0,0,0,0,0,0,0,0,0,0,0,0
1,0,0,2480,1,0,300,0,0,0,0,0,1,0,0,1,0,3.8,9.5,-1.6,0.0,0,1,0,0,0,0,0,0,0,0,0,1
0,0,0,0,0,0,0,0,0,0,0,0,0,1,0,1,0,4.2,8.9,0.9,0.0,0,0,0,0,0,0,0,0,0,0,0,0
2,0,0,35200,2,0,600,0,0,0,0,1,0,0,0,0,0,6.5,14.5,0.6,0.0,0,0,1,1,0,0,1,0,0,1,0,0
0,0,0,0,0,0,0,1,0,0,0,0,0,0,0,0,0,3.2,6.0,0.1,0.0,0,0,0,0,0,0,0,0,0,0,0,0
4,0,3,92184,7,0,132600,0,0,1,0,0,0,0,1,1,0,3.4,7.8,-1.0,0.0,0,1,2,2,0,2,3,0,3,0,0,1
1,0,0,1984,1,0,0,0,0,0,1,0,0,0,1,1,0,3.5,7.9,0.4,0.0,0,1,0,0,0,0,0,0,0,0,0,1
2,0,3,89380,5,0,173800,0,1,0,0,0,0,0,0,1,0,5.5,10.5,0.5,0.0,0,1,0,1,0,3,1,1,1,1,0,1
1,0,0,2224,1,0,0,0,0,0,0,0,1,0,0,0,0,5.2,12.4,0.6,0.0,1,0,0,0,0,0,0,0,0,0,0,1
0,0,0,0,0,0,0,0,0,0,0,0,0,1,0,1,0,4.1,8.7,0.6,0.0,0,0,0,0,0,0,0,0,0,0,0,0
0,0,0,0,0,0,0,0,0,0,0,1,0,0,0,1,0,0.7,2.6,-1.7,6.5,0,0,0,0,0,0,0,0,0,0,0,0
0,0,1,7700,1,600,800,1,0,0,0,0,0,0,0,1,0,2.6,8.4,-3.5,0.0,0,1,0,0,0,0,0,0,0,1,0,0
0,0,0,0,0,0,0,0,0,1,0,0,0,0,1,1,0,4.5,9.5,-0.2,0.0,0,0,0,0,0,0,0,0,0,0,0,0
2,0,0,18210,2,0,4829,0,0,0,1,0,0,0,1,1,0,6.3,13.4,-0.5,0.0,0,1,1,0,0,0,0,0,0,0,1,1
4,2,1,101280,7,0,106404,0,1,0,0,0,0,0,1,1,1,7.7,9.6,6.1,0.0,0,0,4,1,1,1,4,1,0,1,1,0
0,0,0,0,0,0,0,0,0,0,0,0,1,0,0,1,1,5.7,7.2,4.3,16.0,0,0,0,0,0,0,0,0,0,0,0,0
1,0,1,25850,2,0,0,0,0,0,0,0,0,1,0,1,1,5.0,8.6,2.4,0.0,0,0,1,1,0,0,0,0,0,2,0,0
1,0,0,16800,1,0,1000,0,0,0,0,1,0,0,0,1,1,5.7,11.5,2.3,0.0,0,0,0,1,0,0,1,0,0,0,0,0
0,0,0,0,0,0,0,1,0,0,0,0,0,0,0,1,1,4.4,8.6,0.7,0.0,0,0,0,0,0,0,0,0,0,0,0,0
2,0,0,45900,2,0,4000,0,0,1,0,0,0,0,1,1,1,5.5,10.5,-0.2,0.0,0,0,0,2,0,0,2,0,0,0,0,0
1,0,0,25080,1,0,0,0,0,0,1,0,0,0,1,1,1,5.4,11.1,0.3,0.0,0,0,0,0,1,0,1,0,0,0,0,0
1,0,0,27500,1,0,8250,0,1,0,0,0,0,0,0,1,0,6.0,11.8,1.4,0.0,0,0,0,1,0,0,1,0,0,0,0,0
1,0,0,18480,1,0,5544,0,0,0,0,0,1,0,0,1,0,4.4,8.7,1.6,0.0,0,0,0,1,0,0,0,0,0,0,1,0
1,0,0,16500,1,0,4950,0,0,0,0,0,0,1,0,1,0,3.7,8.1,0.6,0.0,0,1,0,0,0,0,1,0,0,0,0,0
2,0,1,32550,3,0,7445,0,0,0,0,1,0,0,0,0,0,3.4,8.4,-1.0,0.0,0,0,2,0,1,0,1,0,0,2,0,0
0,0,0,0,0,0,0,1,0,0,0,0,0,0,0,0,0,3.0,7.8,-0.9,0.0,0,0,0,0,0,0,0,0,0,0,0,0
0,0,1,34100,1,0,0,0,0,1,0,0,0,0,1,1,0,4.5,9.9,-0.1,0.0,0,0,0,0,0,1,0,0,0,0,1,0
1,0,0,16000,1,0,0,0,0,0,1,0,0,0,1,1,0,5.1,7.7,1.6,0.0,0,0,1,0,0,0,1,0,0,0,0,0
0,0,0,0,0,0,0,0,1,0,0,0,0,0,0,1,0,6.4,11.0,1.4,0.0,0,0,0,0,0,0,0,0,0,0,0,0
3,1,0,52130,4,600,12405,0,0,0,0,0,1,0,0,1,1,5.2,9.6,0.3,0.0,0,1,0,1,1,1,0,1,2,0,0,1
0,0,0,0,0,0,0,0,0,0,0,0,0,1,0,1,1,5.5,9.5,3.7,0.0,0,0,0,0,0,0,0,0,0,0,0,0
1,0,0,19800,1,0,0,0,0,0,0,1,0,0,0,1,1,6.8,11.9,2.0,0.0,0,0,0,1,0,0,1,0,0,0,0,0
1,0,1,43660,2,0,13098,1,0,0,0,0,0,0,0,1,1,6.6,11.8,4.1,0.0,0,0,0,1,1,0,1,1,0,0,0,0
2,1,0,32340,3,600,7592,0,0,1,0,0,0,0,1,1,0,5.9,10.0,3.7,0.0,0,2,1,0,0,0,1,0,2,0,0,0
0,0,1,7150,1,600,2145,0,0,0,1,0,0,0,1,1,0,5.2,8.2,2.2,0.0,0,0,0,1,0,0,0,0,1,0,0,0
1,0,0,22900,1,0,0,0,1,0,0,0,0,0,0,1,0,4.9,10.0,1.5,0.0,0,0,0,1,0,0,1,0,0,0,0,0
0,1,1,48400,2,0,0,0,0,0,0,0,1,0,0,0,0,5.6,11.2,1.1,0.0,0,0,1,0,0,1,0,0,1,0,1,0
0,0,0,0,0,0,0,0,0,0,0,0,0,1,0,0,0,5.5,11.1,0.9,0.0,0,0,0,0,0,0,0,0,0,0,0,0
0,0,0,0,0,0,0,0,0,0,0,1,0,0,0,0,0,5.8,11.8,0.6,0.0,0,0,0,0,0,0,0,0,0,0,0,0
0,0,3,69820,3,0,20946,1,0,0,0,0,0,0,0,0,0,4.9,8.5,2.4,0.0,0,0,1,1,1,0,0,1,1,0,1,0
1,1,0,75100,2,0,19385,0,0,1,0,0,0,0,1,1,1,3.5,9.2,0.3,0.0,0,0,0,1,1,1,2,1,0,0,0,0
1,0,1,17500,2,0,777,0,0,0,1,0,0,0,1,1,1,2.3,8.2,-1.9,0.0,0,1,0,0,1,0,1,0,0,1,0,0
0,0,0,0,0,0,0,0,1,0,0,0,0,0,0,1,1,4.5,9.7,-0.5,0.0,0,0,0,0,0,0,0,0,0,0,0,0
0,0,0,0,0,0,0,0,0,0,0,0,1,0,0,1,1,5.3,9.1,2.2,0.0,0,0,0,0,0,0,0,0,0,0,0,0
1,0,1,36050,2,0,5115,0,0,0,0,0,0,1,0,1,1,6.2,10.8,1.8,0.0,0,0,0,2,0,0,2,0,0,0,0,0
0,0,0,0,0,0,0,0,0,0,0,1,0,0,0,0,1,2.3,6.1,0.6,27.0,0,0,0,0,0,0,0,0,0,0,0,0
0,0,1,26200,1,0,0,1,0,0,0,0,0,0,1,1,1,4.1,9.2,0.7,2.5,0,0,0,0,0,1,0,0,0,1,0,0
1,0,0,2780,1,0,0,0,0,1,0,0,0,0,1,1,0,4.7,9.9,0.2,0.0,1,0,0,0,0,0,0,0,0,0,0,1
0,0,0,0,0,0,0,0,0,0,1,0,0,0,1,1,0,3.1,5.0,0.8,22.5,0,0,0,0,0,0,0,0,0,0,0,0
0,0,1,14520,1,0,0,0,1,0,0,0,0,0,0,1,0,3.9,8.0,0.8,3.5,0,0,0,1,0,0,0,0,0,1,0,0
1,0,0,24800,1,0,0,0,0,0,0,0,1,0,0,1,0,5.5,11.6,1.1,0.0,0,0,0,1,0,0,1,0,0,0,0,0
1,0,0,2480,1,0,0,0,0,0,0,0,0,1,0,1,0,6.0,11.8,1.3,0.0,0,1,0,0,0,0,0,0,0,0,0,1
0,0,0,0,0,0,0,0,0,0,0,1,0,0,0,1,0,4.6,9.7,0.5,0.0,0,0,0,0,0,0,0,0,0,0,0,0
1,0,0,2480,1,0,0,1,0,0,0,0,0,0,0,1,0,5.7,11.4,-0.2,0.0,0,1,0,0,0,0,0,0,0,0,0,1
0,0,0,0,0,0,0,0,0,1,0,0,0,0,1,1,0,5.0,8.9,1.5,6.5,0,0,0,0,0,0,0,0,0,0,0,0
0,0,0,0,0,0,0,0,0,0,1,0,0,0,1,1,0,5.9,10.0,2.4,9.0,0,0,0,0,0,0,0,0,0,0,0,0
0,0,0,0,0,0,0,0,1,0,0,0,0,0,0,1,0,4.1,8.7,1.2,0.0,0,0,0,0,0,0,0,0,0,0,0,0
0,0,2,32450,2,0,6040,0,0,0,0,0,1,0,0,1,0,4.4,10.0,-0.5,0.0,0,0,0,1,0,1,0,0,0,1,1,0
1,0,1,22000,2,0,3300,0,0,0,0,0,0,1,1,1,0,4.4,10.3,0.1,0.0,0,0,2,0,0,0,0,0,1,0,1,0
0,0,0,0,0,0,0,0,0,0,0,1,0,0,0,1,0,4.8,10.1,1.7,0.0,0,0,0,0,0,0,0,0,0,0,0,0
0,0,0,0,0,0,0,1,0,0,0,0,0,0,0,1,0,6.5,13.4,-0.1,0.0,0,0,0,0,0,0,0,0,0,0,0,0
0,0,2,27720,2,600,6336,0,0,1,0,0,0,0,1,1,0,8.6,14.7,3.0,0.0,0,1,0,1,0,0,0,1,0,0,1,0
0,0,0,0,0,0,0,0,0,0,1,0,0,0,1,1,0,9.5,18.5,3.2,0.0,0,0,0,0,0,0,0,0,0,0,0,0
0,0,1,13200,1,0,3960,0,1,0,0,0,0,0,0,1,0,9.8,15.9,4.5,0.0,0,0,1,0,0,0,0,0,0,1,0,0
0,0,0,0,0,0,0,0,0,0,0,0,1,0,0,1,0,11.0,18.3,4.9,0.0,0,0,0,0,0,0,0,0,0,0,0,0
0,0,0,0,0,0,0,0,0,0,0,0,0,1,0,0,0,11.2,16.3,7.2,4.0,0,0,0,0,0,0,0,0,0,0,0,0
0,0,0,0,0,0,0,0,0,0,0,1,0,0,0,0,0,9.5,15.0,4.7,0.0,0,0,0,0,0,0,0,0,0,0,0,0
3,0,2,82726,5,0,3000,1,0,0,0,0,0,0,0,0,0,8.1,12.2,4.7,0.0,1,0,2,1,0,1,2,0,0,1,1,1
1,1,0,15050,2,0,777,0,0,1,0,0,0,0,1,1,1,11.2,17.9,4.3,0.0,0,0,1,1,0,0,1,0,0,1,0,0
4,0,2,62496,6,0,5777,0,0,0,1,0,0,0,1,1,1,8.1,13.9,4.6,0.0,0,1,3,0,1,1,2,1,0,1,1,1
0,0,0,0,0,0,0,0,1,0,0,0,0,0,0,1,1,8.3,14.2,3.9,0.0,0,0,0,0,0,0,0,0,0,0,0,0
0,0,1,19460,1,0,1000,0,0,0,0,0,1,0,0,1,1,6.3,8.0,4.1,0.5,0,0,0,0,1,0,0,0,1,0,0,0
0,0,1,14000,1,0,1000,0,0,0,0,0,0,1,0,1,1,7.9,13.6,2.6,0.0,0,0,0,0,1,0,1,0,0,0,0,0
1,2,0,40810,3,0,2000,0,0,0,0,1,0,0,0,0,1,9.0,14.3,3.7,0.0,0,0,0,2,1,0,1,0,1,1,0,0
0,0,0,0,0,0,0,1,0,0,0,0,0,0,0,1,1,12.0,18.7,5.2,0.0,0,0,0,0,0,0,0,0,0,0,0,0
0,0,0,0,0,0,0,0,0,1,0,0,0,0,1,1,0,14.6,21.8,7.8,0.0,0,0,0,0,0,0,0,0,0,0,0,0
0,0,0,0,0,0,0,0,0,0,1,0,0,0,1,1,0,14.7,19.5,8.7,0.0,0,0,0,0,0,0,0,0,0,0,0,0
0,0,1,7920,1,600,100,0,1,0,0,0,0,0,0,1,0,16.4,24.1,7.8,1.0,0,1,0,0,0,0,0,0,1,0,0,0
0,0,0,0,0,0,0,0,0,0,0,0,1,0,0,1,0,12.7,20.3,7.2,0.0,0,0,0,0,0,1,0,1,0,0,0,0
0,0,0,0,0,0,0,0,0,0,0,0,0,1,0,1,0,14.1,20.3,9.5,0.0,0,0,0,0,0,0,0,0,0,0,0,0
0,0,0,0,0,0,0,0,0,0,0,1,0,0,0,1,0,14.1,21.0,8.3,0.0,0,0,0,0,0,0,0,0,0,0,0,0
0,0,0,0,0,0,0,1,0,0,0,0,0,0,0,1,0,5.2,10.3,3.8,48.0,0,0,0,0,0,0,0,0,0,0,0,0
0,0,0,0,0,0,0,0,0,1,0,0,0,0,1,1,0,10.1,18.6,4.4,22.0,0,0,0,0,0,0,0,0,0,0,0,0
1,0,0,30800,1,0,1000,0,0,0,1,0,0,0,1,1,0,9.9,15.5,4.1,0.0,0,0,0,0,1,0,0,1,0,0,0,0
0,0,1,18150,1,0,0,0,1,0,0,0,0,0,1,1,0,9.6,14.1,6.2,0.0,0,0,0,1,0,0,0,0,0,0,1,0
2,0,0,30400,2,0,6450,0,0,0,0,0,1,0,0,1,1,3.7,9.9,1.2,18.0,0,0,2,0,0,0,0,1,0,0,1,0
1,0,0,11000,1,0,0,0,0,0,0,0,0,1,0,1,1,5.2,10.5,0.5,1.0,0,0,0,1,0,0,0,0,0,0,1,0
0,0,0,0,0,0,0,0,0,0,0,1,0,0,0,1,1,8.2,14.3,2.4,1.0,0,0,0,0,0,0,0,0,0,0,0,0
0,0,0,0,0,0,0,1,0,0,0,0,0,0,0,1,1,12.2,17.6,5.2,0.0,0,0,0,0,0,0,0,0,0,0,0,0
2,1,2,99540,5,600,15037,0,0,1,0,0,0,0,1,1,1,16.1,19.0,13.3,7.5,0,1,1,1,1,1,1,1,1,1,1,0
1,0,2,61300,3,600,15750,0,0,0,1,0,0,0,1,1,1,16.2,21.4,11.5,0.5,0,1,0,0,1,1,1,0,0,1,1,0
0,0,2,42350,2,0,0,0,1,0,0,0,0,0,0,1,1,13.5,19.0,10.7,0.0,0,0,0,0,0,2,0,0,2,0,0,0
0,0,1,7480,1,600,0,0,0,0,0,0,1,0,0,1,0,10.2,11.0,9.1,0.0,0,0,0,1,0,0,0,0,0,1,0,0
0,0,0,0,0,0,0,0,0,0,0,0,0,1,0,0,0,14.5,20.3,9.3,0.0,0,0,0,0,0,0,0,0,0,0,0,0
0,0,0,0,0,0,0,0,0,0,0,1,0,0,0,0,0,15.1,22.8,8.9,7.0,0,0,0,0,0,0,0,0,0,0,0,0
0,0,0,0,0,0,0,1,0,0,0,0,0,0,0,0,0,7.6,12.4,3.9,16.5,0,0,0,0,0,0,0,0,0,0,0,0
0,0,0,0,0,0,0,0,0,1,0,0,0,0,1,1,0,8.5,12.9,3.6,0.0,0,0,0,0,0,0,0,0,0,0,0,0
0,0,0,0,0,0,0,0,0,0,1,0,0,0,1,1,0,8.2,10.1,6.6,13.5,0,0,0,0,0,0,0,0,0,0,0,0
0,2,0,35800,2,0,0,0,1,0,0,0,0,0,0,1,0,8.5,9.8,6.7,53.5,0,0,0,1,1,0,0,0,0,0,2,0
0,0,0,0,0,0,0,0,0,0,0,0,1,0,0,1,0,12.6,17.9,8.2,1.5,0,0,0,0,0,0,0,0,0,0,0,0
0,0,1,5500,1,600,0,0,0,0,0,0,0,1,0,1,0,15.5,21.8,10.6,0.0,0,1,0,0,0,0,0,0,1,0,0,0
2,0,0,36080,2,0,770,0,0,0,0,1,0,0,0,1,0,14.3,19.2,10.9,0.0,0,1,1,1,0,0,1,2,0,0,0,0
0,0,0,0,0,0,0,1,0,0,0,0,0,0,0,1,0,15.4,21.7,9.7,0.0,0,0,0,0,0,0,0,0,0,0,0,0
0,0,0,0,0,0,0,0,0,1,0,0,0,0,1,1,0,17.2,23.8,10.1,0.0,0,0,0,0,0,0,0,0,0,0,0,0
0,1,2,57600,3,0,10750,0,0,0,1,0,0,0,1,1,1,19.6,26.8,13.0,0.0,0,0,0,2,0,1,0,0,0,2,1,0
0,0,1,6600,1,600,0,0,1,0,0,0,0,0,0,1,1,18.9,24.7,13.8,0.0,0,1,0,0,0,0,0,0,1,0,0,0
0,1,1,51400,2,0,10600,0,0,0,0,0,1,0,0,1,1,20.0,25.6,15.4,0.0,0,0,0,0,0,2,0,1,1,0,0,0
0,0,2,35500,2,600,8540,0,0,0,0,0,0,1,0,1,1,20.8,26.4,15.2,0.0,0,0,1,0,0,1,0,1,0,1,0,0
0,0,0,0,0,0,0,0,0,0,0,1,0,0,0,1,1,12.3,20.2,10.0,4.0,0,0,0,0,0,0,0,0,0,0,0,0
0,0,2,27600,2,0,16560,1,0,0,0,0,0,0,0,1,1,10.1,12.1,8.3,19.5,0,0,1,0,0,1,0,0,2,0,0,0
0,0,3,36800,3,600,0,0,0,1,0,0,0,0,1,1,1,12.5,20.2,8.0,1.0,0,0,1,1,0,1,0,0,1,2,0,0
1,0,0,10000,1,0,0,0,0,0,1,0,0,0,1,1,0,13.7,17.8,9.9,0.0,0,0,1,0,0,0,0,0,1,0,0,0
0,0,0,0,0,0,0,0,1,0,0,0,0,0,0,1,0,14.3,18.2,11.7,28.5,0,0,0,0,0,0,0,0,0,0,0,0
0,0,0,0,0,0,0,0,0,0,0,0,1,0,0,1,0,15.3,20.9,10.6,1.0,0,0,0,0,0,0,0,0,0,0,0,0
0,0,1,15000,1,0,0,0,0,0,0,0,0,1,0,0,0,12.2,14.0,9.5,1.5,0,0,0,0,0,1,0,1,0,0,0,0
0,0,0,0,0,0,0,0,0,0,0,1,0,0,0,0,0,16.4,21.5,12.2,8.5,0,0,0,0,0,0,0,0,0,0,0,0
0,0,0,0,0,0,0,1,0,0,0,0,0,0,0,1,0,19.2,26.2,13.5,29.0,0,0,0,0,0,0,0,0,0,0,0,0
0,0,1,8500,1,0,0,0,0,1,0,0,0,0,1,1,0,20.8,26.7,16.5,0.0,0,0,1,0,0,0,0,0,0,0,1,0
0,0,0,0,0,0,0,0,0,0,1,0,0,0,1,1,1,17.3,20.3,14.1,3.5,0,0,0,0,0,0,0,0,0,0,0,0
0,0,1,13200,1,0,660,0,1,0,0,0,0,0,0,1,1,19.9,26.6,13.0,0.0,0,0,1,0,0,0,0,0,0,0,1,0
0,0,1,27500,1,0,8250,0,0,0,0,0,1,0,0,1,1,21.3,23.6,17.9,2.5,0,0,0,1,0,0,0,0,0,0,1,0
0,0,2,25900,2,0,15540,0,0,0,0,0,0,1,0,1,1,23.0,27.7,18.9,0.5,0,0,0,1,0,1,0,0,1,0,1,0
0,0,1,14080,1,0,0,0,0,0,0,1,0,0,0,1,1,16.9,21.1,14.2,0.0,0,0,0,0,1,0,0,0,0,1,0,0
0,0,0,0,0,0,0,1,0,0,0,0,0,0,1,1,0,12.9,16.4,9.0,40.0,0,0,0,0,0,0,0,0,0,0,0,0
0,0,0,0,0,0,0,0,0,1,0,0,0,0,1,1,0,12.6,18.4,7.4,0.0,0,0,0,0,0,0,0,0,0,0,0,0
0,0,0,0,0,0,0,0,0,0,1,0,0,0,1,1,0,12.7,16.8,10.8,12.0,0,0,0,0,0,0,0,0,0,0,0,0
0,0,1,12650,1,0,0,0,1,0,0,0,0,0,0,1,0,13.3,19.4,9.5,1.0,0,0,1,0,0,0,0,0,0,0,1,0
0,0,0,0,0,0,0,0,0,0,0,0,1,0,1,1,0,15.2,20.4,9.3,0.0,0,0,0,0,0,0,0,0,0,0,0,0
0,0,0,0,0,0,0,0,0,0,0,0,0,1,1,1,0,17.9,25.0,10.8,0.0,0,0,0,0,0,0,0,0,0,0,0,0
0,0,0,0,0,0,0,0,0,0,0,1,0,0,1,1,0,19.8,26.3,13.6,0.0,0,0,0,0,0,0,0,0,0,0,0,0
0,0,0,0,0,0,0,1,0,0,0,0,0,0,0,1,0,19.5,24.5,15.2,0.0,0,0,0,0,0,0,0,0,0,0,0,0
0,0,1,8500,1,0,1000,0,0,1,0,0,0,0,1,1,0,18.5,22.8,15.4,7.5,0,0,1,0,0,0,0,0,0,0,1,0
0,0,0,0,0,0,0,0,0,0,1,0,0,0,1,1,0,18.3,22.5,16.2,0.0,0,0,0,0,0,0,0,0,0,0,0,0
0,0,0,0,0,0,0,0,1,0,0,0,0,0,0,1,0,14.1,17.3,11.2,8.0,0,0,0,0,0,0,0,0,0,0,0,0
0,0,2,34550,2,0,1000,0,0,0,0,0,1,0,0,1,1,16.5,23.0,11.2,0.5,0,0,1,0,1,0,0,0,0,1,1,0
0,0,0,0,0,0,0,0,0,0,0,0,0,1,0,1,1,18.7,24.6,13.0,0.0,0,0,0,0,0,0,0,0,0,0,0,0
0,1,1,31350,2,0,0,0,0,0,0,1,0,0,0,1,1,19.4,25.0,16.3,2.0,0,0,1,0,1,0,1,0,1,0,0,0
0,0,0,0,0,0,0,1,0,0,0,0,0,0,0,1,1,18.8,20.6,17.3,28.5,0,0,0,0,0,0,0,0,0,0,0,0
0,0,0,0,0,0,0,0,0,1,0,0,0,0,1,1,1,21.8,25.6,19.6,9.5,0,0,0,0,0,0,0,0,0,0,0,0
1,1,2,46350,4,1200,0,0,0,0,1,0,0,0,1,1,1,17.5,19.9,14.7,1.0,0,2,1,1,0,0,1,0,1,2,0,0
0,1,0,5000,1,600,0,0,1,0,0,0,0,0,0,1,1,14.5,15.6,13.2,7.5,0,0,0,0,1,0,0,0,0,1,0,0
1,1,2,30611,4,1800,0,0,0,0,0,0,1,0,0,1,0,15.7,18.2,13.7,0.5,0,2,1,1,0,0,0,0,1,3,0,0
2,0,2,50100,4,600,0,0,0,0,0,0,0,1,0,1,0,18.8,24.9,13.4,0.0,0,1,0,3,0,0,1,0,0,2,1,0
1,0,2,28100,3,1200,0,0,0,0,0,1,0,0,0,1,0,20.5,26.6,14.2,0.0,0,2,0,1,0,0,0,0,2,0,1,0
0,0,0,0,0,0,0,1,0,0,0,0,0,0,0,1,0,21.2,25.9,16.3,0.0,0,0,0,0,0,0,0,0,0,0,0,0
1,0,1,39800,2,0,0,0,0,1,0,0,0,0,1,1,0,18.2,20.7,15.0,39.5,0,0,1,0,1,0,1,0,0,0,1,0
0,0,2,21100,2,600,0,0,0,0,1,0,0,0,1,1,0,19.0,25.9,14.0,1.5,0,0,0,2,0,0,0,0,0,2,0,0
2,1,0,38210,3,600,2500,0,1,0,0,0,0,0,0,1,0,19.6,26.1,16.0,0.5,0,0,2,1,0,0,1,0,1,0,1,0
0,0,0,0,0,0,0,0,0,0,0,0,1,0,0,1,1,20.9,26.2,16.5,0.0,0,0,0,0,0,0,0,0,0,0,0,0
0,0,0,0,0,0,0,0,0,0,0,0,0,1,0,1,1,21.8,27.0,18.0,0.0,0,0,0,0,0,0,0,0,0,0,0,0
1,0,0,6300,1,600,200,0,0,0,0,1,0,0,0,1,1,21.6,26.2,17.2,0.0,0,1,0,0,0,0,0,0,0,1,0,0
1,0,0,6000,1,600,0,1,0,0,0,0,0,0,0,1,1,21.0,24.6,19.2,59.5,0,0,1,0,0,0,0,0,0,1,0,0
0,0,1,7800,1,0,0,0,0,1,0,0,0,0,1,1,1,22.4,27.7,16.8,0.0,0,1,0,0,0,0,0,0,1,0,0,0
0,0,2,5994,2,1200,200,0,0,0,1,0,0,0,1,1,1,24.1,31.2,16.6,0.0,0,0,1,1,0,0,0,0,1,1,0,0
0,0,1,7920,1,600,0,0,1,0,0,0,0,0,0,1,1,22.3,27.8,18.8,0.0,0,1,0,0,0,0,0,0,0,0,1,0
0,0,1,11330,1,0,200,0,0,0,0,0,1,0,0,1,0,18.7,20.4,16.6,19.0,0,0,1,0,0,0,0,0,0,0,1,0
0,0,3,34900,3,1200,0,0,0,0,0,0,0,1,0,1,0,21.8,27.1,17.3,0.0,0,1,1,0,1,0,1,0,1,1,0,0
1,0,0,24800,1,0,0,0,0,0,0,1,0,0,0,1,0,22.5,28.1,17.6,0.0,0,0,0,0,1,0,0,1,0,0,0,0
0,1,1,11720,2,1200,0,1,0,0,0,0,0,0,0,1,0,20.6,27.2,17.3,5.0,1,1,0,0,0,0,0,0,1,1,0,0
0,2,7,130309,9,1200,12000,0,0,1,0,0,0,0,1,1,0,20.3,25.6,15.8,0.0,0,1,0,3,0,5,4,1,0,3,1,0
1,1,1,32300,3,600,777,0,0,0,1,0,0,0,1,1,1,21.5,26.2,18.2,0.0,0,0,1,2,0,0,1,1,0,0,1,0
3,1,2,79310,6,0,23152,0,1,0,0,0,0,0,0,1,1,16.6,18.4,15.7,43.5,0,1,1,0,1,3,3,0,0,1,2,0
3,1,1,30568,5,600,3200,0,0,0,0,0,1,0,0,1,1,16.8,19.8,15.3,3.5,0,3,1,0,0,1,0,0,1,1,0,3
1,0,1,17970,2,600,1000,0,0,0,0,0,0,1,0,1,1,17.2,20.5,14.7,0.0,0,1,1,0,0,0,1,0,0,0,1,0
1,1,2,48530,4,600,25830,0,0,0,0,1,0,0,0,1,1,19.1,24.7,15.9,0.0,0,0,1,0,1,2,0,0,3,0,1,0
1,1,2,33830,4,0,777,1,0,0,0,0,0,0,0,0,1,21.2,25.2,18.0,0.0,0,2,1,0,0,1,1,0,1,2,0,0
0,1,0,4210,1,600,200,0,0,1,0,0,0,0,1,1,1,21.9,25.4,19.4,0.5,0,1,0,0,0,0,0,0,0,1,0,0
0,0,2,9699,2,1200,100,0,0,0,1,0,0,0,1,1,0,21.4,26.6,18.0,0.5,1,0,0,1,0,0,0,1,0,1,0,0
0,0,1,4980,1,600,0,0,1,0,0,0,0,0,0,1,0,21.2,27.4,17.0,0.0,0,1,0,0,0,0,0,0,0,1,0,0
0,0,1,12810,1,0,0,0,0,0,0,0,1,0,0,1,0,17.3,18.6,15.4,0.5,0,0,1,0,0,0,1,0,0,0,0,0
0,0,1,8800,1,600,0,0,0,0,0,0,0,1,0,1,0,16.9,18.7,15.1,3.0,0,1,0,0,0,0,0,0,0,1,0,0
0,0,0,0,0,0,0,0,0,0,0,1,0,0,0,1,0,20.3,24.1,17.3,0.0,0,0,0,0,0,0,0,0,0,0,0,0
0,0,0,0,0,0,0,1,0,0,0,0,0,0,0,1,0,22.8,28.0,19.1,0.0,0,0,0,0,0,0,0,0,0,0,0,0
0,0,0,0,0,0,0,0,0,1,0,0,0,0,1,1,0,22.7,25.9,19.9,2.5,0,0,0,0,0,0,0,0,0,0,0,0
0,0,2,12551,2,1200,400,0,0,0,1,0,0,0,1,1,0,24.0,28.9,19.5,0.0,0,1,1,0,0,0,0,0,1,1,0,0
0,0,2,18500,2,600,100,0,1,0,0,0,0,0,0,1,0,25.1,30.3,21.4,0.0,0,1,1,0,0,0,0,1,0,0,1,0
0,0,1,16280,1,0,0,0,0,0,0,0,1,0,0,0,0,25.2,30.1,22.2,0.5,0,0,0,0,1,0,0,0,0,0,1,0
0,0,0,0,0,0,0,0,0,0,0,0,0,1,0,1,0,23.8,28.6,21.4,4.5,0,0,0,0,0,0,0,0,0,0,0,0
0,0,4,69300,4,600,25500,0,0,0,0,1,0,0,0,1,1,23.5,26.2,21.6,0.0,0,0,0,0,1,3,0,2,0,0,2,0
0,1,2,35290,3,600,0,1,0,0,0,0,0,0,0,1,1,27.5,32.6,22.9,0.0,0,1,0,1,0,1,1,0,1,1,0,0
0,0,4,68401,4,600,0,0,0,1,0,0,0,0,1,1,1,30.0,35.4,25.9,0.0,0,0,0,2,2,0,0,0,4,0,0,0
0,0,1,19000,1,0,0,0,0,0,1,0,0,0,1,1,1,29.6,36.2,25.7,0.0,0,0,0,1,0,0,0,0,0,1,0,0
0,0,1,6800,1,600,200,0,1,0,0,0,0,0,0,1,1,29.5,35.7,24.1,0.0,0,1,0,0,0,0,0,0,0,0,1,0
0,0,0,0,0,0,0,0,0,0,0,0,1,0,0,1,0,29.2,35.1,24.8,0.0,0,0,0,0,0,0,0,0,0,0,0,0
0,0,3,26290,3,1200,100,0,0,0,0,0,0,1,0,1,0,29.4,35.4,25.3,0.0,0,1,1,0,1,0,0,0,1,2,0,0
0,1,2,23090,3,1200,0,0,0,0,0,1,0,0,0,0,0,30.8,36.4,25.3,0.0,0,2,0,1,0,0,1,0,0,1,1,0
0,0,1,11800,1,0,400,1,0,0,0,0,0,0,0,0,0,30.4,37.0,25.4,0.0,0,0,1,0,0,0,0,0,1,0,0,0
0,0,0,0,0,0,0,0,0,1,0,0,0,0,1,1,0,29.5,35.2,25.4,0.0,0,0,0,0,0,0,0,0,0,0,0,0
1,0,1,14451,2,600,200,0,0,0,1,0,0,0,1,1,0,28.9,35.3,25.2,0.0,0,0,1,0,1,0,0,0,1,1,0,0
0,0,0,0,0,0,0,0,1,0,0,0,0,0,0,1,0,26.5,29.3,24.4,3.5,0,0,0,0,0,0,0,0,0,0,0,0
1,0,0,14300,1,0,715,0,0,0,0,0,1,0,0,1,1,26.2,32.1,23.9,2.0,0,0,1,0,0,0,0,1,0,0,0,0
0,0,1,12800,1,0,100,0,0,0,0,0,0,1,0,1,1,26.0,31.1,23.6,0.0,0,0,1,0,0,0,1,0,0,0,0,0
0,0,2,33600,2,0,20160,0,0,0,0,1,0,0,0,1,1,25.5,31.4,23.1,0.0,0,0,0,1,1,0,1,0,1,0,0,0
1,0,1,65000,2,0,19500,1,0,0,0,0,0,0,0,1,1,26.0,31.0,22.4,0.0,0,0,0,0,0,2,0,1,0,0,1,0
0,0,2,26730,2,0,0,0,0,1,0,0,0,0,1,1,1,26.6,32.0,21.8,0.0,0,0,0,1,1,1,0,1,0,1,1,0
2,0,1,26500,3,600,1300,0,0,0,1,0,0,0,1,1,1,27.4,31.8,24.3,0.0,0,2,1,0,0,0,2,0,0,0,1,0
1,0,2,27009,3,1200,400,0,1,0,0,0,0,0,0,1,1,28.1,34.4,24.9,0.0,0,2,0,1,0,0,2,0,1,0,0,0
0,0,0,0,0,0,0,0,0,0,0,0,1,0,0,1,0,25.9,28.5,22.7,32.0,0,0,0,0,0,0,0,0,0,0,0,0
0,0,0,0,0,0,0,0,0,0,0,0,0,1,0,1,0,23.7,25.2,22.6,53.0,0,0,0,0,0,0,0,0,0,0,0,0
0,0,0,0,0,0,0,0,0,0,0,1,0,0,0,1,0,23.8,26.9,22.8,22.5,0,0,0,0,0,0,0,0,0,0,0,0
0,0,2,26150,2,0,908,1,0,0,0,0,0,0,0,1,0,23.8,25.3,23.0,61.5,0,1,0,1,0,0,0,0,0,0,2,0
0,0,2,10799,2,1200,300,0,0,1,0,0,0,0,1,1,0,23.5,24.7,22.6,9.0,0,2,0,0,0,0,0,0,1,0,1,0
0,0,2,31830,2,0,1000,0,0,0,1,0,0,0,1,1,0,25.4,29.8,22.1,1.5,0,0,1,1,0,0,0,0,0,1,1,0
1,0,6,98395,7,1200,2940,0,1,0,0,0,0,0,1,1,0,27.5,32.2,23.1,0.0,0,2,2,1,0,2,1,1,2,1,2,0
0,0,1,7480,1,600,0,0,0,0,0,0,1,0,0,1,0,27.4,31.6,25.6,0.0,0,1,0,0,0,0,0,0,0,0,1,0
0,1,3,69580,4,0,12150,0,0,0,0,0,0,1,0,0,1,29.7,34.5,24.8,0.0,0,0,2,1,0,1,1,0,1,0,2,0
0,0,0,0,0,0,0,0,0,0,0,1,0,0,0,0,1,28.1,32.8,25.0,0.0,0,0,0,0,0,0,0,0,0,0,0,0
1,0,3,35001,4,600,0,1,0,0,0,0,0,0,0,1,1,28.3,32.8,26.1,1.5,0,2,2,0,0,0,0,0,2,1,1,0
0,1,1,13599,2,1200,0,0,0,1,0,0,0,0,1,1,1,28.7,33.6,25.1,0.0,1,0,1,0,0,0,0,0,2,0,0,0
0,0,0,0,0,0,0,0,0,0,1,0,0,0,1,1,1,28.3,32.8,24.9,0.0,0,0,0,0,0,0,0,0,0,0,0,0
0,0,3,64500,3,0,10940,0,1,0,0,0,0,0,0,1,1,29.2,33.5,25.5,0.0,0,0,0,0,1,2,2,0,1,0,0,0
0,1,1,22580,2,600,0,0,0,0,0,0,1,0,0,1,1,26.6,29.1,24.9,45.5,1,0,1,0,0,0,0,0,2,0,0,0
0,0,1,14080,1,0,0,0,0,0,0,0,0,1,0,1,0,29.4,33.6,26.2,0.0,0,1,0,0,0,0,1,0,0,0,0,0
0,0,0,0,0,0,0,0,0,0,0,1,0,0,0,1,0,28.8,32.9,25.5,1.0,0,0,0,0,0,0,0,0,0,0,0,0
0,0,0,0,0,0,0,1,0,0,0,0,0,0,0,1,0,29.1,33.9,24.6,0.0,0,0,0,0,0,0,0,0,0,0,0,0
0,1,0,30140,1,0,1000,0,0,1,0,0,0,0,1,1,0,29.9,34.5,26.5,0.0,0,0,0,0,1,0,0,1,0,0,0,0
0,0,1,8800,1,600,1500,0,0,0,1,0,0,0,1,1,0,30.8,35.0,27.2,0.0,0,0,0,1,0,0,0,0,0,0,1,0
0,0,1,8400,1,0,0,0,1,0,0,0,0,0,0,1,0,30.6,35.9,27.1,0.0,0,0,0,1,0,0,0,0,0,0,1,0
0,0,0,0,0,0,0,0,0,0,0,0,1,0,0,0,0,31.6,35.9,27.6,0.0,0,0,0,0,0,0,0,0,0,0,0,0
0,0,0,0,0,0,0,0,0,0,0,0,0,1,0,0,0,31.5,36.1,28.2,0.0,0,0,0,0,0,0,0,0,0,0,0,0
0,0,2,31600,2,0,1000,0,0,0,0,1,0,0,0,0,0,24.6,29.7,22.2,18.0,0,0,1,0,1,0,0,0,0,0,2,0
0,2,2,70800,4,0,30877,1,0,0,0,0,0,0,0,1,1,23.8,27.7,21.6,0.0,0,1,0,3,0,0,2,0,1,0,1,0
0,0,0,0,0,0,0,0,0,1,0,0,0,0,1,1,1,25.2,28.8,22.3,0.0,0,0,0,0,0,0,0,0,0,0,0,0
0,0,4,53345,4,600,17840,0,0,0,1,0,0,0,1,1,1,27.6,33.0,24.4,0.0,0,1,0,1,1,1,0,0,1,0,3,0
0,0,0,0,0,0,0,0,1,0,0,0,0,0,0,1,1,29.8,33.9,26.2,0.0,0,0,0,0,0,0,0,0,0,0,0,0
0,1,0,7000,1,0,0,0,0,0,0,0,1,0,0,1,1,30.9,35.7,27.7,0.0,0,0,0,0,0,1,0,0,0,0,1,0
0,0,0,0,0,0,0,0,0,0,0,0,0,1,0,0,1,30.5,35.3,27.5,0.0,0,0,0,0,0,0,0,0,0,0,0,0
0,0,0,0,0,0,0,0,0,0,0,1,0,0,1,1,1,29.5,34.3,26.8,0.0,0,0,0,0,0,0,0,0,0,0,0,0
0,0,1,5480,1,600,0,1,0,0,0,0,0,0,0,1,0,28.3,32.0,25.3,2.0,0,1,0,0,0,0,0,0,1,0,0,0
0,1,0,5199,1,600,200,0,0,1,0,0,0,0,1,1,0,25.5,28.6,23.8,47.5,0,1,0,0,0,0,0,0,0,0,1,0
0,2,0,8795,2,1200,0,0,0,0,1,0,0,0,1,1,0,28.2,33.3,23.7,0.0,0,2,0,0,0,0,1,0,0,1,0,0
1,0,0,17400,1,0,0,0,1,0,0,0,0,0,0,1,0,29.4,34.0,25.9,0.0,0,0,1,0,0,0,0,0,1,0,0,0
0,0,0,0,0,0,0,0,0,0,0,0,1,0,0,1,0,31.0,36.4,27.9,0.0,0,0,0,0,0,0,0,0,0,0,0,0
0,0,3,66200,3,600,0,0,0,0,0,0,0,1,0,1,0,27.3,32.3,23.4,5.0,0,1,1,0,0,1,0,0,1,1,1,0
0,1,0,24000,1,0,0,0,0,0,0,1,0,0,0,1,0,26.8,31.1,23.7,13.0,0,0,0,0,1,0,0,0,0,0,1,0
0,0,0,0,0,0,0,1,0,0,0,0,0,0,0,1,0,27.5,32.5,22.7,0.0,0,0,0,0,0,0,0,0,0,0,0,0
0,0,0,0,0,0,0,0,0,1,0,0,0,0,1,1,0,26.4,31.2,23.8,1.5,0,0,0,0,0,0,0,0,0,0,0,0
1,0,1,16380,2,0,0,0,0,0,1,0,0,0,1,1,0,26.0,29.0,23.8,1.0,0,1,1,0,0,0,0,0,0,0,1,1
0,0,0,0,0,0,0,0,1,0,0,0,0,0,0,1,0,26.2,29.5,23.6,0.0,0,0,0,0,0,0,0,0,0,0,0,0
0,0,0,0,0,0,0,0,0,0,0,0,1,0,0,1,0,28.7,33.5,24.7,0.0,0,0,0,0,0,0,0,0,0,0,0,0
0,0,1,8580,1,600,0,0,0,0,0,0,0,1,0,1,0,27.8,32.7,22.6,2.0,0,0,1,0,0,0,0,0,0,0,1,0
0,0,0,0,0,0,0,0,0,0,0,1,0,0,0,1,0,25.7,29.3,23.0,0.0,0,0,0,0,0,0,0,0,0,0,0,0
0,0,0,0,0,0,0,1,0,0,0,0,0,0,0,1,0,27.0,31.3,24.2,3.5,0,0,0,0,0,0,0,0,0,0,0,0
0,2,1,33100,3,600,860,0,0,1,0,0,0,0,1,1,0,29.0,33.9,26.5,0.0,0,2,0,0,1,0,1,1,0,1,0,0
0,0,1,4210,1,600,0,0,0,0,1,0,0,0,1,1,0,23.7,28.1,21.4,5.0,0,0,1,0,0,0,0,0,1,0,0,0
0,0,0,0,0,0,0,0,1,0,0,0,0,0,0,1,0,23.3,28.0,18.6,0.5,0,0,0,0,0,0,0,0,0,0,0,0
0,0,1,12810,1,0,0,0,0,0,0,0,1,0,0,0,0,22.8,26.2,20.2,5.0,0,0,0,1,0,0,0,0,0,0,1,0
0,0,1,5210,1,600,0,0,0,0,0,0,0,1,0,0,0,27.1,32.5,22.3,1.0,0,0,1,0,0,0,0,0,0,1,0,0
1,0,0,12800,1,0,0,0,0,0,0,1,0,0,0,0,0,27.1,32.7,23.6,23.0,0,0,0,1,0,0,0,0,0,1,0,0
0,0,0,0,0,0,0,1,0,0,0,0,0,0,0,0,0,23.2,25.1,21.4,15.0,0,0,0,0,0,0,0,0,0,0,0,0
0,0,0,0,0,0,0,0,0,1,0,0,0,0,1,1,0,24.6,29.1,21.5,0.0,0,0,0,0,0,0,0,0,0,0,0,0
3,3,2,80124,8,600,3000,0,0,0,1,0,0,0,1,1,0,26.1,31.8,23.1,0.0,2,0,1,2,3,0,3,1,1,1,0,2
2,0,2,49362,4,0,1908,0,1,0,0,0,0,0,0,1,1,26.6,31.3,23.9,0.0,0,1,1,2,0,0,2,0,0,1,0,1
0,0,1,5040,1,0,0,0,0,0,0,0,1,0,0,1,1,27.8,32.0,23.9,0.0,0,0,0,1,0,0,0,0,1,0,0,0
2,2,0,53940,4,0,1000,0,0,0,0,0,0,1,0,1,1,26.8,30.0,24.4,6.0,0,0,0,1,2,1,1,0,2,0,1,0
0,0,2,33250,2,0,3000,0,0,0,0,1,0,0,0,1,1,23.5,26.0,21.4,1.0,0,0,0,1,1,0,1,0,0,0,1,0
0,0,0,0,0,0,0,1,0,0,0,0,0,0,0,1,1,24.5,28.8,21.6,0.5,0,0,0,0,0,0,0,0,0,0,0,0
2,1,0,23932,3,0,4000,0,0,1,0,0,0,0,1,1,1,25.3,30.6,22.0,0.0,0,1,1,1,0,0,2,0,0,0,0,1
1,0,1,25900,2,600,0,0,0,0,1,0,0,0,1,1,1,24.4,28.3,21.3,0.0,0,0,0,0,0,2,0,0,1,1,0,0
1,0,1,35399,2,0,1500,0,1,0,0,0,0,0,0,1,0,25.8,30.9,22.3,1.5,0,0,0,1,1,0,1,0,1,0,0,0
0,0,0,0,0,0,0,0,0,0,0,0,1,0,0,1,0,26.1,31.2,22.0,0.0,0,0,0,0,0,0,0,0,0,0,0,0
0,0,0,0,0,0,0,0,0,0,0,0,0,1,0,1,0,26.7,32.3,22.9,0.0,0,0,0,0,0,0,0,0,0,0,0,0
0,0,0,0,0,0,0,0,0,0,0,1,0,0,0,1,0,23.6,27.1,20.9,0.0,0,0,0,0,0,0,0,0,0,0,0,0
0,1,0,8500,1,0,0,1,0,0,0,0,0,0,0,1,0,25.1,31.1,19.5,0.0,0,0,0,1,0,0,0,0,0,1,0,0
1,0,1,15470,2,1200,0,0,0,1,0,0,0,0,1,1,0,26.9,31.1,22.8,0.0,0,1,0,1,0,0,1,0,0,0,1,0
0,0,2,34599,2,600,0,0,0,0,1,0,0,0,1,1,0,25.2,26.7,23.7,72.5,0,1,0,1,0,0,0,0,0,1,1,0
3,0,3,65179,6,600,13880,0,1,0,0,0,0,0,1,1,0,27.1,30.8,24.7,18.5,1,0,2,2,1,0,1,0,1,1,2,1
0,0,2,48950,2,0,7260,0,0,0,0,0,1,0,0,0,1,22.3,27.8,17.0,50.0,0,0,0,0,2,0,0,0,0,0,2,0
3,0,0,9840,3,0,2500,0,0,0,0,0,0,1,0,0,1,19.5,24.2,16.5,0.0,0,3,0,0,0,0,0,0,0,0,0,3
1,1,0,29710,2,600,7650,0,0,0,0,1,0,0,0,1,1,20.3,24.9,17.2,0.0,0,0,0,1,1,0,1,0,1,0,0,0
2,0,1,61611,3,0,6840,1,0,0,0,0,0,0,1,1,1,21.7,25.1,19.0,9.5,0,0,0,1,1,1,1,0,1,0,1,0
0,0,0,0,0,0,0,0,0,1,0,0,0,0,1,1,1,23.1,25.8,20.5,112.5,0,0,0,0,0,0,0,0,0,0,0,0
1,1,0,18880,2,0,771,0,0,0,1,0,0,0,1,1,0,22.9,27.6,20.1,0.0,0,0,2,0,0,0,0,0,0,1,1,0
0,0,0,0,0,0,0,0,1,0,0,0,0,0,0,1,0,23.3,29.1,18.5,0.0,0,0,0,0,0,0,0,0,0,0,0,0
0,0,0,0,0,0,0,0,0,0,0,0,1,0,0,1,0,23.2,29.0,19.4,0.0,0,0,0,0,0,0,0,0,0,0,0,0
0,0,0,0,0,0,0,0,0,0,0,0,0,1,0,1,0,22.8,27.5,18.7,0.0,0,0,0,0,0,0,0,0,0,0,0,0
1,0,0,11000,1,0,0,0,0,0,0,1,0,0,0,1,0,22.4,26.7,20.3,0.0,0,0,1,0,0,0,0,0,0,0,1,0
0,0,2,35400,2,0,0,1,0,0,0,0,0,0,0,0,0,23.2,28.3,19.2,0.0,0,1,0,0,0,1,0,0,0,1,1,0
1,0,0,12800,1,0,0,0,0,1,0,0,0,0,1,1,0,23.6,29.2,19.8,0.0,0,0,1,0,0,0,0,1,0,0,0,0
0,1,0,7999,1,600,200,0,0,0,1,0,0,0,1,1,0,23.5,29.6,18.9,0.0,0,1,0,0,0,0,0,0,1,0,0,0
1,0,1,17699,2,1200,300,0,1,0,0,0,0,0,0,1,0,23.0,27.6,20.1,0.0,0,1,1,0,0,0,0,0,1,1,0,0
1,0,1,25280,2,600,0,0,0,0,0,0,1,0,0,0,0,25.2,29.5,20.5,0.0,0,0,1,0,1,0,0,0,0,2,0,0
4,1,2,155220,7,0,58281,0,0,0,0,0,0,1,0,1,1,19.8,25.2,14.3,14.0,0,0,0,3,1,3,1,0,0,4,2,0
0,0,0,0,0,0,0,0,0,0,0,1,0,0,0,1,1,13.1,15.0,11.4,9.0,0,0,0,0,0,0,0,0,0,0,0,0
0,0,2,36000,2,600,8490,1,0,0,0,0,0,0,0,1,1,12.4,13.3,11.3,53.0,0,0,0,1,1,0,0,0,1,1,0,0
0,2,1,104300,3,0,1000,0,0,1,0,0,0,0,1,1,1,16.1,20.9,12.1,0.0,0,0,2,0,0,1,0,1,1,1,0,0
1,0,0,21000,1,0,2000,0,0,0,1,0,0,0,1,1,1,17.0,21.1,14.3,7.5,0,0,0,0,1,0,1,0,0,0,0,0
5,1,2,105886,8,1800,20780,0,1,0,0,0,0,0,1,1,1,18.1,22.8,14.7,9.0,0,3,2,1,0,2,3,0,1,3,0,1
1,0,0,11300,1,0,1000,0,0,0,0,0,1,0,0,1,1,21.6,25.8,17.6,0.0,0,0,1,0,0,0,0,0,0,1,0,0
0,0,0,0,0,0,0,0,0,0,0,0,0,1,0,1,0,18.5,20.0,17.4,0.0,0,0,0,0,0,0,0,0,0,0,0,0
0,0,0,0,0,0,0,0,0,0,0,1,0,0,0,1,0,15.8,17.9,14.9,9.5,0,0,0,0,0,0,0,0,0,0,0,0
1,0,0,3280,1,0,500,1,0,0,0,0,0,0,0,1,0,17.9,20.5,14.9,5.0,0,1,0,0,0,0,0,0,0,0,0,1
3,0,1,28880,4,1200,1700,0,0,1,0,0,0,0,1,1,0,20.2,24.7,17.5,0.0,0,2,1,1,0,0,0,1,1,1,0,1
1,1,1,25600,3,600,200,0,0,0,1,0,0,0,1,1,0,20.0,25.5,16.1,0.0,0,0,2,1,0,0,1,0,1,1,0,0
3,0,0,50700,3,600,1000,0,1,0,0,0,0,0,0,1,0,20.1,21.9,18.7,1.5,0,0,2,0,0,1,1,0,1,1,0,0
1,0,0,9800,1,0,0,0,0,0,0,0,1,0,0,1,0,16.2,18.8,13.0,4.0,0,0,1,0,0,0,0,0,0,1,0,0
2,0,0,26130,2,600,0,0,0,0,0,0,0,1,0,1,0,14.6,18.8,11.4,1.5,0,1,0,1,0,0,0,1,1,0,0,0
3,1,0,27280,4,600,2000,0,0,0,0,1,0,0,0,0,0,14.7,20.7,9.7,0.0,0,1,3,0,0,0,0,0,2,2,0,0
1,1,0,11999,2,1200,0,1,0,0,0,0,0,0,0,0,0,16.7,23.2,10.9,0.0,0,0,2,0,0,0,0,0,1,1,0,0
2,0,2,84750,4,1200,1500,0,0,1,0,0,0,0,1,1,0,16.6,20.8,14.1,0.0,0,1,0,0,1,2,2,0,0,1,1,0
2,0,0,6560,2,0,1000,0,0,0,1,0,0,0,1,1,0,18.2,23.8,13.1,0.0,1,1,0,0,0,0,0,0,0,0,0,2
1,1,1,33290,3,0,641,0,1,0,0,0,0,0,0,1,0,13.3,17.2,11.9,0.0,0,1,2,0,0,0,1,0,1,0,0,1
4,1,0,31359,5,1200,700,0,0,0,0,0,1,0,0,1,0,12.8,14.4,10.2,1.0,1,2,0,2,0,0,0,0,1,2,0,2
1,1,1,41319,3,600,790,0,0,0,0,0,0,1,0,1,0,13.8,18.9,9.5,3.0,0,1,1,0,0,1,0,0,2,0,1,0
0,0,0,0,0,0,0,0,0,0,0,1,0,0,0,1,0,12.8,17.7,8.5,0.0,0,0,0,0,0,0,0,0,0,0,0,0
3,0,0,14260,3,1200,500,1,0,0,0,0,0,0,0,1,0,13.5,19.2,9.9,0.0,1,1,1,0,0,0,1,0,1,0,0,1
0,0,0,0,0,0,0,0,0,1,0,0,0,0,1,1,0,15.8,22.0,10.8,0.0,0,0,0,0,0,0,0,0,0,0,0,0
2,1,0,12760,3,600,500,0,0,0,1,0,0,0,1,1,0,13.8,19.2,10.2,0.0,0,2,1,0,0,0,0,0,0,1,0,2
2,1,0,27089,3,1200,200,0,1,0,0,0,0,0,0,1,0,14.7,20.1,10.3,0.0,0,1,1,1,0,0,1,0,0,2,0,0
2,0,2,43230,4,600,0,0,0,0,0,0,1,0,0,0,0,14.8,17.6,12.1,0.0,0,2,2,0,0,0,3,0,0,1,0,0
1,0,0,20000,1,0,0,0,0,0,0,0,0,1,0,0,0,16.7,22.8,11.6,0.0,0,0,1,0,0,0,1,0,0,0,0,0
2,0,0,22800,2,0,0,0,0,0,0,1,0,0,1,0,0,17.8,24.3,12.8,0.0,0,0,1,1,0,0,1,0,0,1,0,0
0,1,0,12800,1,0,0,1,0,0,0,0,0,0,0,0,0,15.5,21.0,11.9,0.0,0,1,0,0,0,0,1,0,0,0,0,0
5,1,2,79230,8,600,24914,0,0,1,0,0,0,0,1,1,1,14.0,17.3,11.7,0.0,0,2,4,1,1,0,2,0,1,3,1,1
1,0,0,9801,1,600,200,0,0,0,1,0,0,0,1,1,1,13.5,18.4,10.0,0.0,0,0,1,0,0,0,0,0,0,1,0,0
4,0,0,59870,4,600,17160,0,1,0,0,0,0,0,0,1,1,13.7,18.2,9.6,0.0,0,0,3,0,0,1,2,0,0,0,2,0
3,0,1,36300,4,1200,2000,0,0,0,0,0,1,0,0,1,1,15.9,22.2,11.0,0.0,1,1,1,1,0,0,1,0,1,2,0,0
2,1,2,36169,5,1200,1000,0,0,0,0,0,0,1,0,1,1,14.6,19.2,10.4,0.0,1,3,0,1,0,0,0,0,2,1,0,2
0,0,1,5500,1,600,0,0,0,0,0,1,0,0,0,0,1,15.2,21.8,9.9,0.0,0,0,1,0,0,0,0,0,1,0,0,0
1,1,0,22110,2,0,0,1,0,0,0,0,0,0,0,1,1,16.1,21.6,10.4,0.0,0,1,0,0,1,0,2,0,0,0,0,0
2,0,0,6560,2,0,1000,0,0,1,0,0,0,0,1,1,0,16.6,21.8,13.1,0.0,0,2,0,0,0,0,0,0,0,0,0,2
2,0,0,21080,2,600,0,0,0,0,1,0,0,0,1,1,0,18.0,24.1,13.0,0.5,0,0,0,1,1,0,1,0,0,1,0,0
0,0,0,0,0,0,0,0,1,0,0,0,0,0,0,1,0,16.1,18.8,14.2,0.0,0,0,0,0,0,0,0,0,0,0,0,0
1,0,0,7000,1,600,0,0,0,0,0,0,1,0,0,1,0,11.1,14.4,9.4,6.0,0,1,0,0,0,0,1,0,0,0,0,0
1,0,0,12900,1,0,0,0,0,0,0,0,0,1,0,1,0,12.4,17.3,8.3,0.0,0,0,1,0,0,0,1,0,0,0,0,0
1,1,0,23010,2,0,0,0,0,0,0,1,0,0,0,1,0,12.8,17.7,7.7,0.0,0,1,0,1,0,0,0,1,0,1,0,0
1,0,0,3280,1,0,500,1,0,0,0,0,0,0,0,1,0,13.2,17.9,9.2,0.0,0,1,0,0,0,0,0,0,0,0,0,1
1,0,0,6600,1,600,0,0,0,1,0,0,0,0,1,1,0,13.7,18.5,8.9,0.0,0,1,0,0,0,0,0,0,1,0,0,0
3,0,0,50080,3,0,500,0,0,0,1,0,0,0,1,1,0,11.6,13.7,10.3,6.0,0,1,0,0,0,2,2,0,0,0,0,1
0,0,0,0,0,0,0,0,1,0,0,0,0,0,0,1,0,13.4,17.8,10.8,3.0,0,0,0,0,0,0,0,0,0,0,0,0
1,1,1,25350,3,600,5124,0,0,0,0,0,1,0,0,1,0,15.4,20.4,10.1,0.0,1,0,1,1,0,0,1,0,0,1,0,1
4,0,1,79800,5,0,23940,0,0,0,0,0,0,1,1,1,0,11.7,15.3,10.3,42.0,0,1,2,2,0,0,2,0,2,0,1,0
2,1,0,22350,3,600,0,0,0,0,0,1,0,0,0,1,0,15.3,20.9,9.5,0.5,0,1,1,1,0,0,2,0,0,1,0,0
1,1,0,8880,2,600,0,1,0,0,0,0,0,0,0,1,0,13.5,17.8,10.5,0.5,0,2,0,0,0,0,0,0,1,0,0,1
0,1,0,5299,1,600,0,0,0,1,0,0,0,0,1,1,0,12.7,16.6,10.5,1.0,0,0,0,1,0,0,0,0,0,1,0,0
1,0,1,20000,2,0,0,0,0,0,1,0,0,0,1,1,0,14.4,19.2,10.8,0.0,0,1,1,0,0,0,0,0,1,1,0,0
3,1,0,19870,4,0,2490,0,1,0,0,0,0,0,0,1,0,11.7,14.3,8.4,0.0,0,1,3,0,0,0,0,0,3,0,0,1
0,0,0,0,0,0,0,0,0,0,0,0,1,0,0,1,0,16.7,21.3,11.6,10.5,0,0,0,0,0,0,0,0,0,0,0,0
1,0,0,15400,1,0,1000,0,0,0,0,0,0,1,0,0,0,16.6,20.6,13.4,32.5,0,0,0,1,0,0,1,0,0,0,0,0
0,0,0,0,0,0,0,0,0,0,0,1,0,0,0,0,0,10.1,13.6,8.4,0.5,0,0,0,0,0,0,0,0,0,0,0,0
0,0,0,0,0,0,0,1,0,0,0,0,0,0,0,0,0,9.4,13.3,6.1,0.0,0,0,0,0,0,0,0,0,0,0,0,0
3,0,0,26779,3,600,200,0,0,1,0,0,0,0,1,1,0,7.8,11.7,5.4,0.0,0,3,0,0,0,0,2,0,0,0,0,1
22,2,8,269090,32,600,32322,0,0,0,1,0,0,0,1,1,0,10.2,15.9,4.9,0.0,1,8,6,4,3,10,4,0,7,12,6,3
15,3,3,211079,21,600,18585,0,1,0,0,0,0,0,0,1,1,7.6,10.3,5.2,19.5,2,3,1,10,1,4,8,1,6,3,1,2
4,0,1,44110,5,600,3777,0,0,0,0,0,1,0,0,1,1,6.1,8.6,4.1,9.5,1,2,1,1,0,0,1,0,2,1,0,1
3,0,0,52300,3,0,2000,0,0,0,0,0,0,1,0,1,1,8.5,14.2,3.6,0.0,0,0,1,0,1,2,3,1,0,0,0,0
4,0,1,109400,5,0,7900,0,0,0,0,1,0,0,0,1,1,9.3,14.9,4.3,0.0,0,1,3,0,1,1,4,1,0,0,1,0
3,0,0,17060,3,0,3000,1,0,0,0,0,0,0,0,1,1,9.3,13.8,5.0,0.0,2,0,1,0,0,0,1,0,0,0,0,2
12,2,7,142725,21,1800,25030,0,0,1,0,0,0,0,1,1,1,10.4,15.8,5.0,0.0,3,4,5,3,1,5,2,0,1,9,2,7
0,0,1,12880,1,0,1000,0,0,0,1,0,0,0,1,1,1,9.5,15.2,6.4,0.0,0,0,0,0,0,1,0,1,0,0,0,0
1,0,1,18751,2,600,640,0,1,0,0,0,0,0,0,1,0,8.2,11.8,5.8,0.0,0,0,1,0,0,1,0,0,0,2,0,0
1,0,0,6210,1,600,311,0,0,0,0,0,1,0,0,1,0,7.2,10.1,5.3,3.5,0,1,0,0,0,0,0,0,1,0,0,0
2,0,0,29040,2,0,0,0,0,0,0,0,0,1,0,1,0,9.2,15.4,4.9,0.0,0,0,1,0,1,0,2,0,0,0,0,0
3,0,0,44300,3,600,0,0,0,0,0,1,0,0,0,1,0,7.0,12.4,3.0,0.0,0,0,1,1,1,0,2,0,1,0,0,0
0,0,0,0,0,0,0,1,0,0,0,0,0,0,0,1,0,8.2,14.1,2.3,0.0,0,0,0,0,0,0,0,0,0,0,0,0
1,0,0,10800,1,0,0,0,0,1,0,0,0,0,1,1,0,6.7,10.1,4.5,3.5,0,0,0,1,0,0,1,0,0,0,0,0
2,0,0,30350,2,0,578,0,0,0,1,0,0,0,1,1,0,6.5,11.3,2.8,2.5,0,0,1,1,0,0,2,0,0,0,0,0
0,0,1,12900,1,0,0,0,1,0,0,0,0,0,0,1,0,4.9,10.1,0.0,0.0,0,0,1,0,0,0,0,0,0,1,0,0
1,0,0,3980,1,0,0,0,0,0,0,0,1,0,0,0,0,5.4,10.9,0.8,0.0,0,1,0,0,0,0,0,0,0,0,0,1
0,0,0,0,0,0,0,0,0,0,0,0,0,1,0,0,0,6.5,9.9,2.8,0.0,0,0,0,0,0,0,0,0,0,0,0,0
4,0,1,53429,5,1800,0,0,0,0,0,1,0,0,0,1,0,7.2,10.7,4.1,17.5,0,1,1,1,2,0,1,0,2,2,0,0
0,1,0,15180,1,0,759,1,0,0,0,0,0,0,0,1,0,5.4,8.4,2.2,0.0,0,0,1,0,0,0,1,0,0,0,0,0
3,2,3,53499,8,600,111,0,0,1,0,0,0,0,1,1,0,6.2,11.5,-0.1,0.0,0,1,1,1,1,4,1,0,7,0,0,0
1,0,0,5500,1,0,0,0,0,0,1,0,0,0,1,1,0,6.9,13.1,1.8,0.0,0,1,0,0,0,0,0,0,0,1,0,0
2,0,0,15386,2,600,111,0,1,0,0,0,0,0,0,1,0,6.3,11.4,1.8,0.0,1,0,0,0,0,1,1,0,0,1,0,0
1,0,0,11000,1,0,0,0,0,0,0,0,1,0,0,1,0,6.8,12.3,2.0,0.0,0,1,0,0,0,0,1,0,0,0,0,0
8,1,3,97275,12,0,1050,0,0,0,0,0,0,1,0,1,0,6.5,11.9,2.8,0.0,1,3,5,0,2,1,6,0,1,3,2,0
1,0,1,13600,2,600,200,0,0,0,0,1,0,0,0,1,0,8.1,13.7,2.9,0.0,0,1,1,0,0,0,0,0,0,1,1,0
1,0,3,45750,4,0,0,1,0,0,0,0,0,0,0,0,0,6.6,11.8,2.8,0.0,0,0,1,0,1,2,1,0,2,1,0,0
3,0,1,32090,4,1800,0,0,0,1,0,0,0,0,1,1,0,5.7,10.5,3.1,0.0,0,0,4,0,0,0,1,0,0,3,0,0
1,1,1,27750,3,0,0,0,0,0,1,0,0,0,1,1,0,6.6,13.0,0.9,0.0,0,0,0,1,1,1,2,0,1,0,0,0
2,1,0,44400,3,0,1000,0,1,0,0,0,0,0,1,1,0,6.2,12.1,2.0,0.0,0,0,3,0,0,0,3,0,0,0,0,0
3,1,1,31720,5,0,0,0,0,0,0,0,1,0,0,0,0,5.8,11.0,0.5,0.0,0,2,0,0,1,2,2,1,1,1,0,0
0,0,1,11000,1,0,0,0,0,0,0,0,0,1,0,0,0,5.6,11.0,1.3,0.0,0,0,1,0,0,0,1,0,0,0,0,0
1,0,6,82460,7,0,3400,0,0,0,0,1,0,0,0,1,0,5.9,10.6,2.6,0.0,0,3,2,1,1,0,1,0,1,2,3,0
2,0,4,48160,6,1200,4395,1,0,0,0,0,0,0,0,1,0,5.3,9.9,0.0,0.0,0,1,2,0,3,1,1,1,2,1,1,1
1,0,3,31940,4,0,0,0,0,1,0,0,0,0,1,1,0,6.0,10.4,3.0,0.0,0,1,0,2,1,0,1,0,0,3,0,0
1,0,0,16250,1,0,0,0,0,0,1,0,0,0,1,1,0,7.0,12.5,1.6,0.0,0,0,0,0,0,1,1,0,0,0,0,0
4,0,1,57915,5,0,4700,0,1,0,0,0,0,0,1,1,0,8.0,13.9,2.4,0.0,1,1,1,1,1,0,1,0,1,1,2,0
8,2,2,116850,12,0,51221,0,0,0,0,0,1,0,0,0,1,6.3,9.9,2.8,0.0,0,4,2,3,2,1,6,2,1,1,2,0
3,1,1,70950,5,0,64440,0,0,0,0,0,0,1,0,1,1,5.4,10.7,1.5,0.0,0,0,0,1,2,2,3,1,0,1,0,0
0,1,0,26800,1,0,8040,0,0,0,0,1,0,0,0,1,1,6.1,12.6,1.3,0.0,0,0,0,0,0,1,0,1,0,0,0,0
1,0,0,7500,1,0,0,1,0,0,0,0,0,0,0,1,1,8.7,14.0,3.1,0.0,0,0,1,0,0,0,0,0,0,1,0,0
1,0,2,25600,3,1200,0,0,0,1,0,0,0,0,1,1,1,9.5,14.2,7.1,1.5,0,2,0,1,0,0,0,0,1,2,0,0
0,1,1,38400,2,0,23040,0,0,0,1,0,0,0,1,1,1,10.3,12.0,7.6,3.0,0,0,1,0,0,1,1,0,0,1,0,0
0,0,2,10800,2,1200,200,0,1,0,0,0,0,0,0,1,1,6.3,7.7,3.6,8.0,0,2,0,0,0,0,1,0,0,0,1,0
0,0,0,0,0,0,0,0,0,0,0,0,1,0,0,1,0,4.7,7.6,2.1,1.5,0,0,0,0,0,0,0,0,0,0,0,0
1,0,0,16800,1,0,0,0,0,0,0,0,0,1,0,1,0,7.3,12.4,3.8,0.0,0,0,0,0,0,1,0,0,0,1,0,0
2,0,1,22670,3,600,2198,0,0,0,0,1,0,0,0,1,0,6.3,9.1,2.7,0.0,1,0,0,1,1,0,0,0,0,2,0,1
2,0,0,42480,2,0,19250,1,0,0,0,0,0,0,0,0,0,7.6,12.3,3.9,0.5,0,1,0,0,0,1,1,0,0,0,0,1
1,2,0,58500,3,0,87750,0,0,1,0,0,0,0,1,1,0,5.6,9.0,3.2,0.0,0,0,0,0,0,3,1,0,2,0,0,0
3,2,1,74701,6,2400,44200,0,0,0,1,0,0,0,1,1,0,4.9,8.9,1.7,0.0,0,2,1,1,2,0,2,0,0,3,1,0
2,1,2,87660,5,600,0,0,1,0,0,0,0,0,0,1,0,4.5,6.1,2.8,0.5,0,0,0,1,0,4,4,0,1,0,0,0
2,1,0,92300,3,0,68300,0,0,0,0,0,1,0,0,1,0,4.7,11.8,-0.8,0.5,0,0,0,1,1,1,3,0,0,0,0,0
0,3,0,102300,3,0,72300,0,0,0,0,0,0,1,0,1,1,-0.3,3.7,-2.9,0.0,0,0,0,1,0,2,1,2,0,0,0,0
0,1,2,53800,3,0,43000,0,0,0,0,1,0,0,0,1,1,3.0,8.5,-3.4,0.0,0,0,1,0,1,1,0,0,1,1,1,0
4,0,2,89780,6,600,92200,1,0,0,0,0,0,0,0,1,1,3.8,6.6,1.5,0.0,0,1,1,0,2,2,3,0,0,3,0,0
2,2,0,60380,4,0,32857,0,0,1,0,0,0,0,1,1,1,3.7,8.3,0.4,0.0,0,1,1,0,0,2,2,1,1,0,0,0
0,1,0,6200,1,600,0,0,0,0,1,0,0,0,1,1,0,3.4,8.8,-1.6,0.0,0,1,0,0,0,0,0,0,1,0,0,0
2,0,0,35220,2,0,0,0,1,0,0,0,0,0,0,1,0,4.2,10.0,-0.7,0.0,0,1,0,0,0,1,2,0,0,0,0,0
0,0,0,0,0,0,0,0,0,0,0,0,1,0,0,0,0,4.6,9.0,1.3,0.0,0,0,0,0,0,0,0,0,0,0,0,0
2,0,1,59800,3,0,12240,0,0,0,0,0,0,1,0,0,0,6.8,13.1,-0.7,0.0,0,0,2,0,0,1,1,1,0,1,0,0
1,1,1,54000,3,0,16200,0,0,0,0,1,0,0,0,0,0,6.4,9.2,4.7,0.0,0,0,2,0,0,1,0,1,0,2,0,0
0,0,0,0,0,0,0,1,0,0,0,0,0,0,0,0,0,4.8,6.2,3.2,0.0,0,0,0,0,0,0,0,0,0,0,0,0
0,0,0,0,0,0,0,0,0,1,0,0,0,0,1,1,0,6.5,11.2,2.2,0.0,0,0,0,0,0,0,0,0,0,0,0,0
1,2,0,37801,3,600,3181,0,0,0,1,0,0,0,1,1,1,6.8,12.0,1.4,0.0,0,1,2,0,0,0,2,0,1,0,0,0
0,0,0,0,0,0,0,0,1,0,0,0,0,0,0,1,1,7.8,13.6,3.2,0.0,0,0,0,0,0,0,0,0,0,0,0,0
0,0,0,0,0,0,0,0,0,0,0,0,1,0,0,1,1,10.5,15.4,6.7,0.0,0,0,0,0,0,0,0,0,0,0,0,0
1,0,0,7480,1,600,0,0,0,0,0,0,0,1,0,1,1,8.7,11.7,5.6,0.0,0,0,1,0,0,0,0,0,1,0,0,0
0,0,0,0,0,0,0,0,0,0,0,1,0,0,0,1,1,6.2,10.6,2.3,0.0,0,0,0,0,0,0,0,0,0,0,0,0
1,1,0,38800,2,0,15777,1,0,0,0,0,0,0,0,0,1,1.9,3.5,0.0,27.5,0,1,0,1,0,0,2,0,0,0,0,0
0,0,0,0,0,0,0,0,0,1,0,0,0,0,1,1,1,8.7,14.1,2.6,0.0,0,0,0,0,0,0,0,0,0,0,0,0
1,3,1,38719,5,600,5795,0,0,0,1,0,0,0,1,1,0,11.0,16.9,4.9,0.0,0,0,3,1,0,1,1,0,2,2,0,0
1,2,0,43481,3,600,0,0,1,0,0,0,0,0,0,1,0,7.7,10.3,4.9,10.5,1,0,0,0,2,0,0,1,1,1,0,0
0,1,1,37400,2,0,0,0,0,0,0,0,1,0,0,1,0,5.6,10.7,3.3,0.0,0,0,0,1,1,0,1,0,1,0,0,0
0,1,0,12000,1,0,0,0,0,0,0,0,0,1,0,1,0,3.5,7.8,0.8,0.0,0,0,1,0,0,0,1,0,0,0,0,0
1,0,0,17900,1,0,0,0,0,0,0,1,0,0,0,1,0,4.1,9.6,-0.7,0.0,0,1,0,0,0,0,0,0,0,1,0,0
1,0,0,8800,1,600,0,1,0,0,0,0,0,0,0,1,0,5.7,10.8,0.8,0.0,0,0,0,1,0,0,1,0,0,0,0,0
3,0,2,127900,5,0,27780,0,0,1,0,0,0,0,1,1,0,8.9,15.0,1.8,0.0,0,0,1,1,3,0,3,1,0,1,0,0
0,4,0,46480,4,1200,10649,0,0,0,1,0,0,0,1,1,0,11.8,18.5,6.9,0.0,0,1,3,0,0,0,3,0,0,1,0,0
3,1,5,117299,9,1800,39180,0,1,0,0,0,0,0,0,1,0,9.7,14.7,4.7,0.0,0,3,1,1,2,3,6,1,1,2,0,0
0,1,1,40700,2,0,5610,0,0,0,0,0,1,0,0,0,0,4.7,9.2,2.2,0.0,0,0,0,0,0,2,2,0,0,0,0,0
0,0,0,0,0,0,0,0,0,0,0,0,0,1,0,1,0,5.5,10.4,0.2,0.0,0,0,0,0,0,0,0,0,0,0,0,0
1,0,0,12600,1,0,1000,0,0,0,0,1,0,0,1,1,0,8.5,14.4,4.6,0.0,0,0,1,0,0,0,1,0,0,0,0,0
0,0,0,0,0,0,0,1,0,0,0,0,0,0,0,1,0,8.9,12.1,6.0,2.5,0,0,0,0,0,0,0,0,0,0,0,0
1,0,0,8800,1,600,704,0,0,1,0,0,0,0,1,1,0,7.5,12.7,4.0,0.0,0,0,1,0,0,0,0,0,0,1,0,0
1,0,0,15000,1,0,0,0,0,0,1,0,0,0,1,1,0,6.0,10.7,1.9,0.0,0,0,0,1,0,0,0,0,1,0,0,0
1,0,0,5700,1,0,1000,0,1,0,0,0,0,0,0,1,0,8.7,15.0,3.0,0.0,0,1,0,0,0,0,0,0,0,1,0,0
0,1,0,13800,1,0,0,0,0,0,0,0,1,0,0,1,0,11.6,19.4,3.1,0.0,0,0,1,0,0,0,1,0,0,0,0,0
0,1,0,14600,1,0,4380,0,0,0,0,0,0,1,0,1,0,13.8,19.4,7.3,0.0,0,0,0,1,0,0,1,0,0,0,0,0
0,0,0,0,0,0,0,0,0,0,0,1,0,0,0,0,0,12.8,20.0,6.1,0.0,0,0,0,0,0,0,0,0,0,0,0,0
1,0,1,22480,2,600,0,1,0,0,0,0,0,0,0,0,0,7.8,13.4,3.6,0.0,0,0,1,0,0,1,0,0,1,0,1,0
9,4,17,278880,30,0,15777,0,0,1,0,0,0,0,1,1,0,10.5,17.4,5.0,0.0,0,6,7,5,6,7,12,0,7,4,8,0
6,1,4,154280,11,0,9400,0,0,0,1,0,0,0,1,1,1,9.5,13.1,6.9,0.0,1,1,1,3,4,2,5,4,2,0,1,0
2,4,4,183551,10,1200,7500,0,1,0,0,0,0,0,0,1,1,9.9,15.0,6.8,1.0,0,0,3,3,2,2,5,1,2,1,1,0
1,2,5,46740,8,600,3000,0,0,0,0,0,1,0,0,1,1,12.1,18.8,6.5,0.0,0,3,3,1,0,1,3,1,0,0,4,0
3,0,7,110650,10,0,6000,0,0,0,0,0,0,1,0,1,1,14.0,21.3,7.2,0.0,1,1,1,3,1,3,3,3,1,2,1,0
4,0,6,85350,10,0,4054,0,0,0,0,1,0,0,0,1,1,15.9,22.2,9.4,0.0,0,2,2,4,1,1,2,1,3,3,1,0
2,3,6,117745,11,0,7888,1,0,0,0,0,0,0,0,0,1,17.3,22.9,12.5,1.0,0,3,2,2,4,0,4,1,1,3,2,0
0,0,1,17820,1,0,891,0,0,1,0,0,0,0,1,1,1,14.7,20.8,9.0,0.0,0,0,0,0,1,0,0,0,0,0,1,0
0,0,2,12915,2,1200,0,0,0,0,1,0,0,0,1,1,0,14.5,18.8,9.7,0.0,0,1,1,0,0,0,0,0,0,2,0,0
0,0,0,0,0,0,0,0,1,0,0,0,0,0,0,1,0,13.9,16.7,9.7,9.0,0,0,0,0,0,0,0,0,0,0,0,0
0,1,2,31180,3,600,111,0,0,0,0,0,1,0,0,1,0,10.0,14.6,7.1,0.0,0,1,0,2,0,0,0,1,0,1,1,0
1,0,1,30600,2,0,1500,0,0,0,0,0,0,1,0,1,0,12.3,17.9,6.8,0.0,0,0,1,1,0,0,1,0,0,0,1,0
0,0,2,19690,2,0,0,0,0,0,0,1,0,0,0,1,0,14.5,20.9,8.5,0.0,0,1,0,1,0,0,0,0,0,0,2,0
1,1,1,36700,3,600,0,1,0,0,0,0,0,0,0,1,0,12.5,15.1,9.5,0.0,0,0,2,1,0,0,1,0,0,2,0,0
0,2,1,42220,3,0,7980,0,0,1,0,0,0,0,1,1,0,8.1,9.5,6.9,32.0,0,1,2,0,0,0,1,0,1,1,0,0
0,0,1,6199,1,600,0,0,0,0,1,0,0,0,1,1,0,10.0,15.5,4.4,0.0,0,1,0,0,0,0,0,0,0,1,0,0
0,3,5,89910,8,1800,53130,0,1,0,0,0,0,0,0,1,0,13.1,19.2,6.1,0.0,0,3,1,1,0,3,0,0,5,3,0,0
1,0,1,16080,2,0,0,0,0,0,0,0,1,0,1,0,0,14.7,18.5,10.8,0.0,1,0,1,0,0,0,0,0,1,0,0,1
1,1,1,22640,3,600,6425,0,0,0,0,0,0,1,0,1,1,17.2,23.8,12.4,0.0,0,2,0,0,0,1,1,0,2,0,0,0
0,1,2,33500,3,600,0,0,0,0,0,1,0,0,0,1,1,16.5,19.7,13.9,14.5,0,1,1,1,0,0,1,0,1,0,1,0
1,0,1,27260,2,600,6000,1,0,0,0,0,0,0,0,1,1,18.1,25.0,13.8,15.5,0,0,1,0,1,0,1,0,0,0,1,0
1,0,3,106500,4,0,43410,0,0,1,0,0,0,0,1,1,1,11.0,14.1,9.4,26.0,0,0,0,0,2,2,2,1,0,0,1,0
0,1,2,28780,3,1200,0,0,0,0,1,0,0,0,1,1,1,11.4,12.5,10.4,27.0,0,1,0,2,0,0,1,0,2,0,0,0
0,0,1,20000,1,0,0,0,1,0,0,0,0,0,0,1,1,13.4,16.9,11.2,0.0,0,0,0,0,1,0,0,0,1,0,0,0
1,2,0,39660,3,600,952,0,0,0,0,0,1,0,0,1,1,10.2,13.4,7.5,3.0,0,1,1,1,0,0,1,1,1,0,0,0
0,0,0,0,0,0,0,0,0,0,0,0,0,1,0,1,0,12.6,18.6,8.3,15.5,0,0,0,0,0,0,0,0,0,0,0,0
0,0,0,0,0,0,0,0,0,0,0,1,0,0,0,0,0,14.1,19.7,10.1,0.5,0,0,0,0,0,0,0,0,0,0,0,0
1,0,0,17700,1,0,0,1,0,0,0,0,0,0,0,0,0,15.0,20.1,10.4,0.0,0,0,1,0,0,0,0,0,1,0,0,0
0,0,3,37440,3,0,7410,0,0,1,0,0,0,0,1,1,0,16.0,23.3,10.3,0.0,0,1,0,1,1,0,0,0,1,0,2,0
0,0,1,10000,1,0,0,0,0,0,1,0,0,0,1,1,0,14.1,19.0,11.1,0.0,0,1,0,0,0,0,0,0,0,1,0,0
0,1,0,7920,1,600,0,0,1,0,0,0,0,0,0,1,0,12.8,18.4,9.5,0.0,0,1,0,0,0,0,0,0,0,1,0,0
1,0,2,34400,3,600,0,0,0,0,0,0,1,0,0,0,0,14.0,21.0,7.7,0.0,0,2,0,1,0,0,0,0,1,2,0,0
0,1,2,35110,3,600,9300,0,0,0,0,0,0,1,0,1,0,16.1,21.8,9.8,0.0,0,0,2,1,0,0,0,0,1,1,1,0
0,0,1,23430,1,0,1000,0,0,0,0,1,0,0,0,1,0,18.8,23.4,16.3,0.0,0,0,0,1,0,0,0,1,0,0,0,0
0,0,0,0,0,0,0,1,0,0,0,0,0,0,0,1,0,18.5,21.3,17.0,11.5,0,0,0,0,0,0,0,0,0,0,0,0
0,0,0,0,0,0,0,0,0,1,0,0,0,0,1,1,0,14.6,21.1,9.1,3.5,0,0,0,0,0,0,0,0,0,0,0,0
0,0,0,0,0,0,0,0,0,0,1,0,0,0,1,1,0,11.8,17.7,6.6,0.0,0,0,0,0,0,0,0,0,0,0,0,0
0,2,3,40839,5,1800,0,0,1,0,0,0,0,0,0,1,1,14.6,21.6,7.4,0.0,0,2,3,0,0,0,2,0,1,2,0,0
0,0,0,0,0,0,0,0,0,0,0,0,1,0,0,1,1,18.2,25.0,10.9,0.0,0,0,0,0,0,0,0,0,0,0,0,0
1,0,1,34500,2,0,2000,0,0,0,0,0,0,1,0,1,1,19.2,24.5,14.3,0.0,0,0,1,0,1,0,1,0,0,0,1,0
1,0,0,19600,1,0,0,0,0,0,0,1,0,0,0,1,1,16.1,21.3,10.6,0.0,0,0,0,1,0,0,1,0,0,0,0,0
0,0,0,0,0,0,0,1,0,0,0,0,0,0,0,1,1,18.2,22.5,13.2,0.0,0,0,0,0,0,0,0,0,0,0,0,0
0,0,4,37399,4,1200,0,0,0,1,0,0,0,0,1,1,1,14.3,18.0,12.8,33.0,0,0,3,0,1,0,1,0,1,2,0,0
0,0,3,58600,3,600,1111,0,0,0,1,0,0,0,1,1,1,16.2,24.5,13.0,13.5,0,1,0,0,0,2,0,1,1,0,1,0
0,0,0,0,0,0,0,0,1,0,0,0,0,0,0,1,0,15.1,20.3,10.1,1.0,0,0,0,0,0,0,0,0,0,0,0,0
0,0,0,0,0,0,0,0,0,0,0,0,1,0,0,1,0,13.6,21.0,9.5,0.0,0,0,0,0,0,0,0,0,0,0,0,0
0,0,0,0,0,0,0,0,0,0,0,0,0,1,0,1,0,18.0,24.9,10.1,0.0,0,0,0,0,0,0,0,0,0,0,0,0
0,0,0,0,0,0,0,0,0,0,0,1,0,0,0,0,0,20.4,26.0,16.5,0.0,0,0,0,0,0,0,0,0,0,0,0,0
0,0,2,46201,2,600,0,1,0,0,0,0,0,0,0,0,0,21.6,26.8,17.9,0.0,0,1,0,0,0,1,0,0,0,1,1,0
0,0,0,0,0,0,0,0,0,1,0,0,0,0,1,1,0,14.9,18.4,12.4,0.0,0,0,0,0,0,0,0,0,0,0,0,0
0,1,0,12000,1,0,1000,0,0,0,1,0,0,0,1,1,0,14.2,20.5,10.0,0.0,0,1,0,0,0,0,0,0,0,1,0,0
0,0,1,12430,1,0,0,0,1,0,0,0,0,0,0,1,1,13.2,16.0,11.0,0.0,0,0,1,0,0,0,0,0,1,0,0,0
1,0,1,25700,2,0,19420,0,0,0,0,0,1,0,0,1,1,14.1,19.1,8.5,0.0,0,0,1,0,1,0,0,0,2,0,0,0
0,0,1,12500,1,0,0,0,0,0,0,0,0,1,0,1,1,15.6,19.7,13.4,23.5,0,0,1,0,0,0,0,0,0,1,0,0
0,0,1,15800,1,0,1000,0,0,0,0,1,0,0,0,1,1,17.2,23.8,11.6,0.0,0,0,0,1,0,0,0,0,1,0,0,0
0,0,0,0,0,0,0,1,0,0,0,0,0,0,0,1,1,18.7,24.1,13.7,0.0,0,0,0,0,0,0,0,0,0,0,0,0
0,0,1,4110,1,600,200,0,0,1,0,0,0,0,1,1,1,19.4,23.8,15.3,1.0,1,0,0,0,0,0,0,0,1,0,0,0
0,1,1,36799,2,0,1200,0,0,0,1,0,0,0,1,1,0,19.7,22.0,17.0,3.0,0,0,0,1,0,1,1,0,0,1,0,0
0,0,2,23190,2,600,0,0,1,0,0,0,0,0,0,1,0,17.8,22.5,13.4,1.0,0,0,1,1,0,0,0,0,0,1,1,0
0,0,0,0,0,0,0,0,0,0,0,0,1,0,0,1,0,17.4,23.0,12.7,0.0,0,0,0,0,0,0,0,0,0,0,0,0
0,1,1,29300,2,0,0,0,0,0,0,0,0,1,1,1,0,17.8,23.4,11.8,0.0,0,0,0,0,0,2,0,0,0,2,0,0
0,0,1,24300,1,0,0,0,0,0,0,1,0,0,1,1,0,19.7,25.7,13.8,0.0,0,0,0,1,0,0,0,0,0,0,1,0
0,0,0,0,0,0,0,1,0,0,0,0,0,0,1,1,0,21.1,26.6,15.9,0.0,0,0,0,0,0,0,0,0,0,0,0,0
0,0,1,18200,1,0,0,0,0,1,0,0,0,0,1,1,0,23.0,27.9,19.6,0.0,0,0,0,1,0,0,0,0,0,0,1,0
0,0,3,26785,3,1200,0,0,0,0,1,0,0,0,1,1,0,17.6,22.3,12.5,43.5,0,1,1,1,0,0,2,0,0,1,0,0
0,0,3,35120,3,0,0,0,1,0,0,0,0,0,0,1,0,12.9,16.6,10.3,30.5,0,1,1,0,0,1,1,0,1,1,0,0
0,0,1,5500,1,600,0,0,0,0,0,0,1,0,0,1,0,15.1,20.6,10.1,0.0,0,0,1,0,0,0,0,0,0,1,0,0
0,0,0,0,0,0,0,0,0,0,0,0,0,1,0,1,1,17.7,25.0,11.4,0.0,0,0,0,0,0,0,0,0,0,0,0,0
0,0,0,0,0,0,0,0,0,0,0,1,0,0,0,1,1,15.8,23.4,10.7,9.0,0,0,0,0,0,0,0,0,0,0,0,0
0,0,1,7700,1,600,0,1,0,0,0,0,0,0,0,1,1,17.1,21.9,11.3,0.0,0,0,1,0,0,0,0,0,0,1,0,0
0,0,1,18200,1,0,0,0,0,1,0,0,0,0,1,1,1,16.7,18.1,15.4,5.0,0,0,0,1,0,0,0,0,0,0,1,0
0,1,2,33550,3,600,8300,0,0,0,1,0,0,0,1,1,1,16.9,21.2,14.3,3.0,0,1,1,0,0,1,1,0,1,0,1,0
0,2,8,119920,10,600,49538,0,1,0,0,0,0,0,0,1,1,16.1,18.1,14.6,15.5,0,2,3,2,0,3,2,0,4,3,1,0
0,0,0,0,0,0,0,0,0,0,0,0,1,0,0,1,1,19.9,27.5,13.1,0.0,0,0,0,0,0,0,0,0,0,0,0,0
0,0,1,6985,1,600,0,0,0,0,0,0,0,1,0,1,0,22.8,31.6,15.1,0.0,0,0,0,0,0,1,0,0,1,0,0,0
0,0,0,0,0,0,0,0,0,0,0,1,0,0,0,1,0,25.4,32.2,18.7,0.0,0,0,0,0,0,0,0,0,0,0,0,0
0,0,1,6600,1,600,0,1,0,0,0,0,0,0,0,1,0,20.6,24.5,17.1,12.0,0,0,1,0,0,0,0,0,1,0,0,0
0,0,0,0,0,0,0,0,0,1,0,0,0,0,1,1,0,18.8,22.8,16.4,4.0,0,0,0,0,0,0,0,0,0,0,0,0
0,0,2,25300,2,0,3000,0,0,0,1,0,0,0,1,1,0,21.1,26.3,16.1,0.0,0,0,0,0,0,2,0,0,1,1,0,0
0,0,3,21381,3,1200,0,0,1,0,0,0,0,0,0,1,0,22.5,29.4,16.5,0.0,0,1,2,0,0,0,0,0,0,2,1,0
0,0,0,0,0,0,0,0,0,0,0,0,1,0,0,1,0,13.9,17.2,12.3,14.0,0,0,0,0,0,0,0,0,0,0,0,0
0,0,0,0,0,0,0,0,0,0,0,0,0,1,0,1,1,18.2,23.9,11.8,0.0,0,0,0,0,0,0,0,0,0,0,0,0
1,0,2,51260,3,0,1000,0,0,0,0,1,0,0,0,1,1,18.6,23.8,13.6,0.0,0,0,0,1,1,1,1,1,0,0,1,0
0,0,0,0,0,0,0,1,0,0,0,0,0,0,0,1,1,20.1,24.9,16.0,0.0,0,0,0,0,0,0,0,0,0,0,0,0
0,0,2,22900,2,600,1000,0,0,1,0,0,0,0,1,1,1,21.2,26.7,16.5,0.0,0,0,0,1,1,0,0,0,2,0,0,0
0,0,0,0,0,0,0,0,0,0,1,0,0,0,1,1,1,21.6,25.8,17.8,0.0,0,0,0,0,0,0,0,0,0,0,0,0
0,2,0,14751,2,1200,200,0,1,0,0,0,0,0,0,1,0,19.8,21.3,18.8,18.5,0,2,0,0,0,0,0,0,0,2,0,0
1,0,0,15000,1,0,0,0,0,0,0,0,1,0,0,1,0,21.4,26.3,18.6,0.0,0,0,1,0,0,0,1,0,0,0,0,0
0,1,0,18000,1,0,0,0,0,0,0,0,0,1,0,1,0,19.3,22.2,16.0,3.0,0,0,1,0,0,0,1,0,0,0,0,0
0,0,1,13530,1,0,0,0,0,0,0,1,0,0,0,1,0,20.8,26.2,15.3,0.0,0,0,1,0,0,0,1,0,0,0,0,0
0,0,0,0,0,0,0,1,0,0,0,0,0,0,0,1,0,21.3,23.8,19.7,168.5,0,0,0,0,0,0,0,0,0,0,0,0
0,0,0,0,0,0,0,0,0,1,0,0,0,0,1,1,0,20.0,24.0,17.5,92.5,0,0,0,0,0,0,0,0,0,0,0,0
2,0,2,60930,4,600,22600,0,0,0,1,0,0,0,1,1,0,21.6,27.5,15.3,0.0,0,2,1,1,0,0,1,0,1,1,1,0
1,1,3,71580,5,600,91350,0,1,0,0,0,0,0,0,1,1,23.1,29.8,18.4,0.0,0,1,1,0,1,2,2,0,0,0,3,0
0,0,4,52810,4,0,16641,0,0,0,0,0,1,0,0,1,1,20.7,25.1,17.0,3.0,0,0,0,2,0,2,0,0,2,1,1,0
0,0,1,9801,1,600,0,0,0,0,0,0,0,1,0,1,1,22.5,29.6,17.0,5.5,0,0,0,1,0,0,0,0,0,1,0,0
0,0,0,0,0,0,0,0,0,0,0,1,0,0,0,1,1,23.1,28.7,18.5,1.0,0,0,0,0,0,0,0,0,0,0,0,0
1,0,1,59300,2,0,24400,1,0,0,0,0,0,0,0,1,1,20.2,22.2,18.2,24.0,0,0,1,0,1,0,1,0,0,0,1,0
1,0,4,50960,5,0,33710,0,0,1,0,0,0,0,1,1,1,22.4,26.0,19.7,0.0,0,2,2,1,0,0,0,0,3,1,1,0
0,0,1,6200,1,600,0,0,0,0,1,0,0,0,1,1,1,21.2,22.8,20.1,16.5,0,1,0,0,0,0,0,0,1,0,0,0
0,0,0,0,0,0,0,0,1,0,0,0,0,0,0,1,0,21.3,22.5,20.5,12.5,0,0,0,0,0,0,0,0,0,0,0,0
0,0,1,8800,1,600,0,0,0,0,0,0,1,0,0,1,0,23.7,29.4,19.9,1.0,0,0,1,0,0,0,0,0,0,1,0,0
0,0,0,0,0,0,0,0,0,0,0,0,0,1,0,1,0,23.6,25.8,21.4,3.5,0,0,0,0,0,0,0,0,0,0,0,0
1,0,1,15400,2,0,0,0,0,0,0,1,0,0,0,1,0,21.7,24.1,20.3,6.0,0,1,0,1,0,0,0,0,0,2,0,0
0,0,1,11000,1,0,0,1,0,0,0,0,0,0,0,0,0,24.6,30.7,19.7,1.5,0,0,1,0,0,0,0,0,1,0,0,0
0,0,1,13750,1,0,0,0,0,1,0,0,0,0,1,1,0,25.4,30.9,18.8,0.0,0,0,1,0,0,0,0,0,0,1,0,0
0,0,0,0,0,0,0,0,0,0,1,0,0,0,1,1,0,25.7,31.1,21.2,0.0,0,0,0,0,0,0,0,0,0,0,0,0
0,0,1,12800,1,0,0,0,1,0,0,0,0,0,0,1,0,23.7,27.7,18.8,0.0,0,0,1,0,0,0,1,0,0,0,0,0
0,0,2,31685,2,600,0,0,0,0,0,0,1,0,0,0,0,22.5,27.0,18.9,0.0,0,0,1,0,1,0,0,0,2,0,0,0
0,0,2,19580,2,600,0,0,0,0,0,0,0,1,0,0,0,22.6,27.2,18.7,0.0,0,1,0,1,0,0,0,0,2,0,0,0
0,0,0,0,0,0,0,0,0,0,0,1,0,0,0,1,0,19.9,22.6,16.7,5.0,0,0,0,0,0,0,0,0,0,0,0,0
0,0,2,21000,2,0,0,1,0,0,0,0,0,0,0,1,1,21.1,24.9,16.9,0.5,0,0,1,1,0,0,0,0,1,1,0,0
0,1,2,47699,3,0,1280,0,0,1,0,0,0,0,1,1,1,24.7,29.5,21.7,0.0,0,0,0,3,0,0,2,1,0,0,0,0
0,0,1,4210,1,600,0,0,0,0,1,0,0,0,1,1,1,25.8,30.9,22.0,0.0,0,1,0,0,0,0,0,0,0,0,1,0
0,0,1,14700,1,0,0,0,1,0,0,0,0,0,0,1,1,25.9,30.4,22.5,0.0,0,0,0,1,0,0,0,0,1,0,0,0
0,0,2,26100,2,600,1000,0,0,0,0,0,1,0,0,1,1,25.9,29.6,23.6,0.0,0,1,0,1,0,0,0,0,0,2,0,0
0,0,3,20820,3,1800,0,0,0,0,0,0,0,1,0,1,0,27.1,32.3,23.5,0.0,0,3,0,0,0,0,0,0,2,1,0,0
0,0,0,0,0,0,0,0,0,0,0,1,0,0,0,1,0,27.3,33.8,23.4,3.0,0,0,0,0,0,0,0,0,0,0,0,0
0,0,1,11900,1,0,0,1,0,0,0,0,0,0,0,0,0,26.3,30.5,23.8,3.0,0,0,1,0,0,0,0,0,1,0,0,0
0,2,4,51549,6,1800,6265,0,0,1,0,0,0,0,1,1,0,25.3,27.8,21.5,13.5,0,3,1,0,1,1,1,0,1,3,1,0
0,2,5,97410,7,600,8615,0,0,0,1,0,0,0,1,1,0,26.0,31.7,20.7,2.5,0,1,0,2,4,0,4,0,0,2,1,0
0,0,1,13750,1,0,0,0,1,0,0,0,0,0,0,1,0,27.3,32.2,23.6,0.0,0,0,1,0,0,0,0,0,1,0,0,0
0,0,3,28750,3,0,2554,0,0,0,0,0,1,0,0,0,0,25.9,30.6,21.3,1.0,0,1,0,0,2,0,0,0,1,1,1,0
2,1,6,166600,9,600,14000,0,0,0,0,0,0,1,0,1,1,25.2,28.7,22.5,0.0,0,0,1,7,0,1,2,1,3,3,0,0
0,0,0,0,0,0,0,0,0,0,0,1,0,0,0,1,1,26.4,33.4,22.0,13.0,0,0,0,0,0,0,0,0,0,0,0,0
0,0,1,14700,1,0,1000,1,0,0,0,0,0,0,0,1,1,28.4,34.2,23.8,0.0,0,0,0,1,0,0,0,0,1,0,0,0
0,2,3,70650,5,0,9000,0,0,1,0,0,0,0,1,1,1,27.8,30.9,25.2,0.0,0,0,0,5,0,0,2,1,2,0,0,0
0,0,1,11600,1,0,1000,0,0,0,1,0,0,0,1,1,1,28.6,33.0,25.1,0.0,0,0,0,0,1,0,0,0,0,0,1,0
4,1,5,344500,10,0,20000,0,1,0,0,0,0,0,0,1,1,30.2,36.5,25.7,0.0,0,0,2,1,1,6,4,0,2,3,1,0
0,1,5,76799,6,600,6000,0,0,0,0,0,1,0,0,1,1,29.4,34.3,25.3,0.0,0,2,2,0,0,2,1,0,2,1,2,0
0,0,3,28300,3,600,4000,0,0,0,0,0,0,1,0,1,0,30.8,37.5,25.1,0.0,0,1,1,0,1,0,0,0,0,1,2,0
0,1,2,59050,3,0,2000,0,0,0,0,1,0,0,0,1,0,28.0,30.3,24.2,0.0,0,1,0,0,2,0,0,0,2,0,1,0
0,0,0,0,0,0,0,1,0,0,0,0,0,0,0,1,0,27.4,30.5,24.8,0.0,0,0,0,0,0,0,0,0,0,0,0,0
0,0,0,0,0,0,0,0,0,1,0,0,0,0,1,1,0,28.8,32.9,26.5,0.0,0,0,0,0,0,0,0,0,0,0,0,0
0,1,1,36200,2,0,0,0,0,0,1,0,0,0,1,1,0,30.2,35.3,26.7,0.0,0,0,1,0,1,0,0,0,0,2,0,0
1,0,1,14000,2,1200,0,0,1,0,0,0,0,0,1,1,0,31.3,36.2,26.9,0.0,0,2,0,0,0,0,0,0,1,1,0,0
0,0,0,0,0,0,0,0,0,0,0,0,1,0,0,1,0,31.8,37.5,27.3,0.0,0,0,0,0,0,0,0,0,0,0,0,0
1,0,1,52200,2,0,5460,0,0,0,0,0,0,1,0,1,0,29.7,33.9,26.4,0.0,0,0,0,0,2,0,1,0,0,1,0,0
0,0,2,34100,2,0,0,0,0,0,0,1,0,0,0,0,1,28.1,32.6,25.1,0.0,0,0,2,0,0,0,0,0,0,1,1,0
0,0,0,0,0,0,0,1,0,0,0,0,0,0,0,0,1,27.2,31.6,24.0,0.0,0,0,0,0,0,0,0,0,0,0,0,0
0,0,1,6050,1,600,484,0,0,1,0,0,0,0,1,1,1,27.2,33.4,24.1,0.0,0,1,0,0,0,0,0,0,0,1,0,0
0,1,1,32600,2,0,4400,0,0,0,1,0,0,0,1,1,1,27.7,33.4,22.5,0.0,0,0,1,0,0,1,0,1,0,0,1,0
0,1,0,16500,1,0,3300,0,1,0,0,0,0,0,0,1,1,28.5,35.7,23.5,0.0,0,0,0,0,0,1,0,0,1,0,0,0
0,1,1,16080,2,600,1940,0,0,0,0,0,1,0,0,1,1,29.8,36.6,24.2,0.0,0,2,0,0,0,0,0,0,0,1,1,0
0,1,0,4990,1,600,0,0,0,0,0,0,0,1,0,1,1,31.0,37.7,25.6,0.0,0,1,0,0,0,0,0,0,0,1,0,0
0,0,1,17500,1,0,0,0,0,0,0,1,0,0,0,1,0,30.6,36.9,26.4,0.0,0,0,1,0,0,0,0,0,0,0,1,0
0,0,0,0,0,0,0,1,0,0,0,0,0,0,0,1,0,30.4,36.2,26.7,0.0,0,0,0,0,0,0,0,0,0,0,0,0
0,1,2,17620,3,1800,400,0,0,1,0,0,0,0,1,1,0,30.0,35.7,25.8,0.0,0,3,0,0,0,0,0,0,1,2,0,0
0,0,1,17930,1,0,0,0,0,0,1,0,0,0,1,1,0,30.3,36.6,25.7,0.0,0,0,0,1,0,0,0,0,1,0,0,0
0,0,0,0,0,0,0,0,1,0,0,0,0,0,0,1,0,30.7,36.1,27.5,0.0,0,0,0,0,0,0,0,0,0,0,0,0
0,0,0,0,0,0,0,0,0,0,0,0,1,0,0,0,0,26.0,33.2,22.2,12.5,0,0,0,0,0,0,0,0,0,0,0,0
0,0,0,0,0,0,0,0,0,0,0,0,0,1,0,0,0,28.9,34.7,24.0,0.0,0,0,0,0,0,0,0,0,0,0,0,0
0,0,0,0,0,0,0,0,0,0,0,1,0,0,0,0,0,30.2,35.0,26.3,0.0,0,0,0,0,0,0,0,0,0,0,0,0
0,0,2,17980,2,600,2760,1,0,0,0,0,0,0,0,0,0,31.3,36.7,26.8,0.0,0,1,1,0,0,0,1,0,1,0,0,0
1,0,1,37100,2,0,7420,0,0,1,0,0,0,0,1,1,1,30.4,35.9,27.7,0.0,0,0,0,1,0,1,0,0,0,1,1,0
0,0,2,34760,2,0,0,0,0,0,1,0,0,0,1,1,1,28.6,34.8,26.3,4.0,0,0,0,1,1,0,0,0,1,0,1,0
0,0,0,0,0,0,0,0,1,0,0,0,0,0,0,1,1,29.4,34.9,25.9,0.0,0,0,0,0,0,0,0,0,0,0,0,0
1,0,3,52314,4,1200,0,0,0,0,0,0,1,0,0,1,1,30.1,35.9,26.7,1.0,0,1,0,1,0,1,1,0,1,2,0,0
0,0,1,12800,1,0,0,0,0,0,0,0,0,1,0,1,1,28.2,31.8,26.5,8.0,0,0,0,0,1,0,0,0,1,0,0,0
1,1,2,49750,4,600,7160,0,0,0,0,1,0,0,0,0,1,29.5,34.4,26.3,0.0,0,3,0,0,1,0,2,0,2,0,0,0
0,0,1,4210,1,600,0,1,0,0,0,0,0,0,1,1,1,29.5,35.0,26.2,0.0,0,1,0,0,0,0,0,0,1,0,0,0
0,1,1,15279,2,1200,0,0,0,1,0,0,0,0,1,1,0,29.7,35.5,26.2,0.0,0,1,1,0,0,0,0,0,1,1,0,0
0,0,0,0,0,0,0,0,0,0,1,0,0,0,1,1,0,27.4,32.9,25.8,48.5,0,0,0,0,0,0,0,0,0,0,0,0
0,0,2,41600,2,0,0,0,1,0,0,0,0,0,0,1,0,28.6,32.9,26.1,22.5,0,0,0,0,2,0,1,0,0,0,1,0
0,0,2,25600,2,0,0,0,0,0,0,0,1,0,0,1,0,28.6,32.8,25.7,14.5,0,1,1,0,0,0,0,0,0,0,2,0
1,1,0,17490,2,600,0,0,0,0,0,0,0,1,0,1,0,28.1,32.2,25.5,4.5,0,2,0,0,0,0,0,0,1,0,1,0
0,0,0,0,0,0,0,0,0,0,0,1,0,0,0,1,0,29.9,34.5,26.8,0.0,0,0,0,0,0,0,0,0,0,0,0,0
0,1,0,35000,1,0,7000,1,0,0,0,0,0,0,0,1,0,30.0,34.6,26.7,0.0,0,0,0,0,1,0,1,0,0,0,0,0
0,0,1,12650,1,0,0,0,0,1,0,0,0,0,1,1,0,30.3,35.7,26.2,0.0,0,0,1,0,0,0,0,0,0,0,1,0
1,0,0,18500,1,0,3700,0,0,0,1,0,0,0,1,1,0,30.3,35.3,27.2,0.0,0,0,0,1,0,0,1,0,0,0,0,0
0,0,1,12810,1,0,0,0,1,0,0,0,0,0,0,1,0,29.8,34.8,26.3,0.0,0,0,0,0,0,1,0,0,1,0,0,0
0,0,0,0,0,0,0,0,0,0,0,0,1,0,0,1,0,28.6,32.1,26.6,10.5,0,0,0,0,0,0,0,0,0,0,0,0
0,1,0,13200,1,0,0,0,0,0,0,0,0,1,0,1,0,29.4,34.1,26.1,2.0,0,0,1,0,0,0,0,0,1,0,0,0
0,0,0,0,0,0,0,0,0,0,0,1,0,0,0,1,0,29.5,34.1,27.2,0.0,0,0,0,0,0,0,0,0,0,0,0,0
0,0,0,0,0,0,0,1,0,0,0,0,0,0,0,1,1,29.6,34.4,26.5,0.0,0,0,0,0,0,0,0,0,0,0,0,0
0,0,0,0,0,0,0,0,0,1,0,0,0,0,1,1,1,28.1,33.4,25.5,3.5,0,0,0,0,0,0,0,0,0,0,0,0
0,0,0,0,0,0,0,0,0,0,1,0,0,0,1,1,1,28.0,32.4,25.5,1.0,0,0,0,0,0,0,0,0,0,0,0,0
0,0,1,11000,1,0,0,0,1,0,0,0,0,0,0,1,0,29.2,34.6,25.3,0.0,0,0,0,1,0,0,0,0,0,1,0,0
0,0,1,7700,1,600,0,0,0,0,0,0,1,0,0,1,0,29.4,35.0,26.1,0.0,0,1,0,0,0,0,0,0,0,1,0,0
1,0,0,12800,1,0,0,0,0,0,0,0,0,1,0,0,0,29.6,34.6,25.7,0.0,0,0,1,0,0,0,1,0,0,0,0,0
1,0,0,8250,1,600,0,0,0,0,0,1,0,0,0,0,0,29.0,34.1,26.0,0.0,0,1,0,0,0,0,1,0,0,0,0,0
0,0,2,33800,2,0,0,1,0,0,0,0,0,0,0,0,0,29.2,33.4,25.8,0.0,0,0,1,0,1,0,0,0,1,0,1,0
0,0,0,0,0,0,0,0,0,1,0,0,0,0,1,1,0,29.6,34.9,26.1,0.0,0,0,0,0,0,0,0,0,0,0,0,0
0,0,1,14000,1,0,0,0,0,0,1,0,0,0,1,1,0,29.1,34.6,26.0,3.5,0,0,1,0,0,0,0,0,1,0,0,0
0,1,5,95010,6,0,4000,0,1,0,0,0,0,0,0,1,0,26.1,30.3,24.5,34.0,0,0,2,1,1,2,1,1,1,0,3,0
2,5,5,155930,12,600,9850,0,0,0,0,0,1,0,0,1,1,29.3,34.8,25.2,0.0,0,4,3,2,2,1,5,0,1,2,4,0
0,0,0,0,0,0,0,0,0,0,0,0,0,1,0,1,1,27.5,33.4,23.9,0.5,0,0,0,0,0,0,0,0,0,0,0,0
2,1,1,26500,4,600,0,0,0,0,0,1,0,0,0,1,1,27.0,30.0,24.3,0.5,0,2,0,1,0,1,0,0,1,2,1,0
1,0,1,29000,2,0,0,1,0,0,0,0,0,0,0,1,1,21.9,25.2,19.7,107.5,0,0,0,1,0,1,1,0,1,0,0,0
3,0,0,38760,3,600,2500,0,0,1,0,0,0,0,1,1,1,24.8,29.6,21.7,1.0,0,1,0,1,1,0,2,0,0,1,0,0
8,2,5,207830,15,0,17522,0,0,0,1,0,0,0,1,1,1,27.8,33.0,23.6,0.0,1,2,5,3,2,2,2,2,3,5,3,0
3,1,1,78510,5,600,0,0,1,0,0,0,0,0,0,1,1,28.1,32.9,25.0,0.0,0,1,3,1,0,0,2,0,1,2,0,0
0,0,1,4100,1,600,0,0,0,0,0,0,1,0,0,1,0,27.7,32.0,23.8,0.0,0,0,1,0,0,0,1,0,0,0,0,0
0,0,0,0,0,0,0,0,0,0,0,0,0,1,0,1,0,28.0,33.4,23.3,0.0,0,0,0,0,0,0,0,0,0,0,0,0
1,0,0,14600,1,0,0,0,0,0,0,1,0,0,0,1,0,28.2,32.7,25.1,0.0,0,0,0,0,1,0,0,0,0,1,0,0
0,1,1,47300,2,0,2000,1,0,0,0,0,0,0,0,1,0,27.4,32.8,25.3,10.5,0,0,0,1,0,1,0,0,0,1,1,0
0,0,0,0,0,0,0,0,0,1,0,0,0,0,1,1,0,27.9,31.7,25.2,0.0,0,0,0,0,0,0,0,0,0,0,0,0
0,0,1,18550,1,0,0,0,0,0,1,0,0,0,1,1,0,28.7,32.9,25.9,0.0,0,0,0,0,1,0,0,0,0,0,1,0
0,1,0,28820,1,0,2000,0,1,0,0,0,0,0,1,1,0,28.9,33.3,26.0,0.0,0,0,0,0,0,1,0,0,0,0,1,0
0,1,0,4980,1,600,0,0,0,0,0,0,1,0,0,1,0,29.0,33.5,25.1,0.0,0,0,1,0,0,0,0,0,0,1,0,0
2,0,2,56661,4,600,2200,0,0,0,0,0,0,1,0,0,1,27.2,32.3,23.5,6.0,0,2,0,1,1,0,0,0,0,0,3,1
1,0,2,45290,3,600,2439,0,0,0,0,1,0,0,0,0,1,26.7,29.5,23.9,2.0,0,1,0,0,1,1,0,0,0,2,1,0
0,0,0,0,0,0,0,1,0,0,0,0,0,0,0,1,1,24.8,29.4,21.4,59.5,0,0,0,0,0,0,0,0,0,0,0,0
0,0,2,9610,2,1200,0,0,0,1,0,0,0,0,1,1,1,22.1,24.3,20.7,4.0,1,1,0,0,0,0,0,0,1,1,0,0
0,0,0,0,0,0,0,0,0,0,1,0,0,0,1,1,1,22.2,26.8,19.4,0.0,0,0,0,0,0,0,0,0,0,0,0,0
1,0,0,17899,1,0,0,0,1,0,0,0,0,0,0,1,0,22.4,27.7,18.5,0.0,0,0,0,1,0,0,0,1,0,0,0,0
0,0,1,6800,1,600,200,0,0,0,0,0,1,0,0,1,0,24.6,29.7,20.2,0.0,0,1,0,0,0,0,1,0,0,0,0,0
0,1,0,26180,1,0,2618,0,0,0,0,0,0,1,0,1,0,25.3,30.2,22.8,0.0,0,0,0,0,1,0,0,1,0,0,0,0
0,3,1,135170,4,0,0,0,0,0,0,1,0,0,0,1,0,27.4,33.2,22.9,0.0,0,1,1,1,1,0,1,0,0,0,3,0
0,1,0,12800,1,0,0,1,0,0,0,0,0,0,0,1,0,26.3,28.9,24.6,0.0,0,0,1,0,0,0,1,0,0,0,0,0
1,0,1,23650,2,600,2365,0,0,1,0,0,0,0,1,1,0,25.6,28.5,23.4,0.0,0,1,1,0,0,0,0,0,0,1,1,0
2,0,0,28699,2,600,50,0,0,0,1,0,0,0,1,1,0,25.6,29.9,23.3,0.0,0,0,1,1,0,0,0,0,0,1,1,0
0,0,0,0,0,0,0,0,1,0,0,0,0,0,0,1,0,23.3,27.1,19.6,0.0,0,0,0,0,0,0,0,0,0,0,0,0
0,0,0,0,0,0,0,0,0,0,0,0,1,0,0,0,0,22.8,27.3,17.9,0.0,0,0,0,0,0,0,0,0,0,0,0,0
0,1,2,18941,3,1800,0,0,0,0,0,0,0,1,0,0,0,18.7,23.1,17.3,15.0,0,2,0,0,1,0,0,0,1,2,0,0
2,0,0,24780,2,0,2000,0,0,0,0,1,0,0,0,1,1,20.0,26.4,16.9,0.0,0,1,0,0,0,1,0,0,0,0,1,1
2,0,1,46450,3,600,548,1,0,0,0,0,0,0,0,1,1,20.8,25.8,15.9,0.0,0,0,0,1,2,0,0,0,1,1,1,0
0,0,0,0,0,0,0,0,0,1,0,0,0,0,1,1,1,20.4,25.0,16.8,0.0,0,0,0,0,0,0,0,0,0,0,0,0
3,1,0,36880,4,0,1000,0,0,0,1,0,0,0,1,1,1,18.1,21.8,14.7,0.0,0,2,0,0,2,0,0,0,2,1,0,1
0,0,0,0,0,0,0,0,1,0,0,0,0,0,1,1,1,15.4,16.9,13.8,40.0,0,0,0,0,0,0,0,0,0,0,0,0
2,0,0,25850,2,0,0,0,0,0,0,0,1,0,0,0,0,20.2,26.6,16.6,13.0,0,1,0,1,0,0,0,0,0,2,0,0
0,0,0,0,0,0,0,0,0,0,0,0,0,1,0,1,0,19.8,24.3,15.7,0.0,0,0,0,0,0,0,0,0,0,0,0,0
1,0,0,17700,1,0,0,0,0,0,0,1,0,0,0,1,0,19.4,24.1,15.7,0.0,0,0,0,1,0,0,1,0,0,0,0,0
0,0,0,0,0,0,0,1,0,0,0,0,0,0,0,1,0,18.5,23.4,14.6,0.0,0,0,0,0,0,0,0,0,0,0,0,0
3,0,0,40579,3,600,0,0,0,1,0,0,0,0,1,1,0,18.2,23.4,12.7,0.0,0,2,0,0,1,0,0,0,0,1,1,1
1,0,0,3980,1,0,500,0,0,0,1,0,0,0,1,1,1,14.9,16.9,14.0,43.5,0,1,0,0,0,0,0,0,0,0,0,1
4,0,1,61540,5,1200,4664,0,1,0,0,0,0,0,0,1,1,19.0,25.8,12.1,0.0,0,1,3,1,0,0,2,0,0,3,0,0
0,0,0,0,0,0,0,0,0,0,0,0,1,0,0,1,1,19.5,25.2,15.2,0.0,0,0,0,0,0,0,0,0,0,0,0,0
2,0,1,18180,3,600,2796,0,0,0,0,0,0,1,0,1,0,18.9,24.4,13.7,0.0,0,2,0,0,0,1,0,0,2,0,0,1
3,0,1,51150,4,0,3000,0,0,0,0,1,0,0,0,1,0,20.3,25.4,14.8,0.0,0,1,2,0,1,0,1,0,1,2,0,0
1,0,0,8400,1,0,0,1,0,0,0,0,0,0,0,0,0,21.8,27.1,16.2,0.0,0,0,1,0,0,0,1,0,0,0,0,0
1,0,1,23780,2,0,0,0,0,1,0,0,0,0,1,1,0,19.0,22.5,14.3,0.0,0,1,0,0,1,0,1,0,0,0,0,1
1,0,0,4400,1,600,300,0,0,0,1,0,0,0,1,1,0,15.9,20.2,11.5,0.0,0,1,0,0,0,0,0,0,0,1,0,0
2,2,1,68550,5,600,3760,0,1,0,0,0,0,0,0,1,0,16.7,23.0,11.4,0.0,0,3,1,1,0,0,3,0,1,1,0,0
1,0,0,21230,1,0,0,0,0,0,0,0,1,0,0,1,0,17.7,24.0,12.9,0.0,0,0,0,1,0,0,0,0,0,0,1,0
1,1,0,15750,2,0,589,0,0,0,0,0,0,1,0,1,1,17.7,22.2,11.4,30.5,0,1,0,1,0,0,0,0,0,1,0,1
1,2,0,27300,3,600,1000,0,0,0,0,1,0,0,0,1,1,16.9,23.4,11.5,0.0,0,1,1,0,0,1,1,0,0,2,0,0
2,1,0,25580,3,0,0,1,0,0,0,0,0,0,0,1,1,17.8,23.4,13.4,0.0,0,1,1,1,0,0,1,0,0,1,0,1
0,0,0,0,0,0,0,0,0,1,0,0,0,0,1,1,0,17.5,21.4,14.3,0.0,0,0,0,0,0,0,0,0,0,0,0,0
0,0,0,0,0,0,0,0,0,0,1,0,0,0,1,1,0,16.3,20.8,12.5,5.0,0,0,0,0,0,0,0,0,0,0,0,0
2,1,0,17230,3,600,0,0,1,0,0,0,0,0,0,1,0,16.9,22.3,11.6,0.0,0,2,0,0,0,1,1,0,0,1,0,1
5,0,0,58580,5,0,0,0,0,0,0,0,1,0,0,0,0,17.2,20.9,13.5,0.0,1,1,0,2,0,1,2,0,0,2,0,1
2,1,2,53560,5,600,6692,0,0,0,0,0,0,1,0,0,0,18.0,23.1,13.1,0.0,0,2,1,0,1,1,0,0,2,0,1,2
1,0,0,3980,1,0,0,0,0,0,0,1,0,0,0,0,0,18.2,24.9,13.0,0.0,0,1,0,0,0,0,0,0,0,0,0,1
1,1,0,54900,2,0,0,1,0,0,0,0,0,0,1,0,0,18.8,24.3,14.3,0.0,0,0,0,1,1,0,0,1,0,0,1,0
2,0,1,62310,3,600,10650,0,0,1,0,0,0,0,1,1,0,19.7,26.3,14.4,0.0,0,1,0,1,0,1,1,0,1,0,1,0
0,1,0,14850,1,0,743,0,0,0,1,0,0,0,1,1,1,20.0,23.7,17.6,0.0,0,0,0,0,1,0,0,0,0,1,0,0
1,0,0,21500,1,0,8450,0,1,0,0,0,0,0,0,1,1,21.4,25.1,18.0,0.5,0,0,0,1,0,0,1,0,0,0,0,0
0,0,0,0,0,0,0,0,0,0,0,0,1,0,0,1,1,22.3,27.5,17.0,4.0,0,0,0,0,0,0,0,0,0,0,0,0
1,0,0,12900,1,0,1290,0,0,0,0,0,0,1,0,1,1,17.7,21.6,14.6,0.0,0,0,0,1,0,0,1,0,0,0,0,0
1,0,0,7960,1,0,500,0,0,0,0,1,0,0,0,1,1,17.1,21.0,13.4,0.0,0,1,0,0,0,0,0,0,0,0,0,1
5,0,0,26920,5,0,2000,1,0,0,0,0,0,0,0,0,1,15.5,17.7,13.5,3.0,0,4,1,0,0,0,0,0,0,1,0,4
0,1,2,43230,3,600,300,0,0,1,0,0,0,0,1,1,1,13.7,15.9,11.3,0.0,0,0,2,1,0,0,0,0,0,1,2,0
2,1,0,62980,3,600,0,0,0,0,1,0,0,0,1,1,0,10.0,11.7,8.0,0.5,0,1,0,1,0,1,1,0,2,0,0,0
0,0,0,0,0,0,0,0,1,0,0,0,0,0,0,1,0,11.1,15.6,7.9,0.0,0,0,0,0,0,0,0,0,0,0,0,0
1,0,0,6800,1,600,0,0,0,0,0,0,1,0,0,1,0,12.1,18.3,5.9,0.0,0,0,1,0,0,0,0,0,0,1,0,0
2,0,0,7960,2,0,0,0,0,0,0,0,0,1,0,1,0,11.8,14.3,9.8,0.0,0,2,0,0,0,0,0,0,0,0,0,2
6,1,0,108121,7,1200,111,0,0,0,0,1,0,0,0,1,0,12.9,17.6,7.8,0.0,1,1,1,3,0,1,4,0,1,0,1,1
0,0,0,0,0,0,0,1,0,0,0,0,0,0,0,1,0,11.5,13.6,9.8,33.5,0,0,0,0,0,0,0,0,0,0,0,0
1,0,0,28380,1,0,1500,0,0,1,0,0,0,0,1,1,0,12.3,17.6,7.4,0.0,0,0,0,0,1,0,1,0,0,0,0,0
0,0,0,0,0,0,0,0,0,0,1,0,0,0,1,1,0,12.1,19.4,5.9,0.0,0,0,0,0,0,0,0,0,0,0,0,0
2,0,0,25980,2,0,5196,0,1,0,0,0,0,0,0,1,0,12.4,18.0,7.5,0.0,0,1,0,0,1,0,1,0,0,0,0,1
0,1,0,16830,1,0,0,0,0,0,0,0,1,0,0,0,0,11.9,17.6,6.7,0.0,0,0,0,1,0,0,0,0,0,1,0,0
1,0,1,22330,2,600,0,0,0,0,0,0,0,1,0,1,1,13.4,19.5,7.4,0.0,0,0,0,2,0,0,0,1,0,1,0,0
2,0,0,14340,2,0,1000,0,0,0,0,1,0,0,1,1,1,14.7,21.2,9.8,0.0,0,1,1,0,0,0,1,0,0,0,0,1
2,0,1,40239,3,0,0,1,0,0,0,0,0,0,0,1,1,16.7,24.2,10.6,0.0,0,1,1,1,0,0,1,1,0,0,1,0
0,0,0,0,0,0,0,0,0,1,0,0,0,0,1,1,1,10.5,13.5,8.4,0.0,0,0,0,0,0,0,0,0,0,0,0,0
0,0,1,15620,1,0,0,0,0,0,1,0,0,0,1,1,1,7.7,9.5,5.3,0.0,0,0,0,0,1,0,0,0,0,0,1,0
0,0,0,0,0,0,0,0,1,0,0,0,0,0,0,1,1,11.0,15.7,7.4,0.0,0,0,0,0,0,0,0,0,0,0,0,0
1,0,0,5500,1,600,0,0,0,0,0,0,1,0,0,1,0,13.9,22.5,8.6,0.0,0,0,1,0,0,0,0,0,0,1,0,0
1,0,1,15500,2,0,0,0,0,0,0,0,0,1,0,1,0,11.5,17.6,6.6,0.0,0,1,1,0,0,0,0,0,0,1,1,0
1,0,0,5480,1,600,200,0,0,0,0,1,0,0,0,0,0,11.3,16.8,7.9,0.0,0,1,0,0,0,0,0,0,0,1,0,0
0,1,0,17300,1,0,0,1,0,0,0,0,0,0,0,0,0,8.7,12.6,6.4,0.0,0,0,0,0,1,0,1,0,0,0,0,0
0,0,0,0,0,0,0,0,0,1,0,0,0,0,1,1,0,8.3,13.1,4.1,0.0,0,0,0,0,0,0,0,0,0,0,0,0
1,1,0,28885,2,600,0,0,0,0,1,0,0,0,1,1,0,9.1,15.2,4.1,0.0,0,1,0,0,1,0,1,1,0,0,0,0
19,0,2,337430,21,600,12000,0,1,0,0,0,0,0,0,1,0,8.7,14.3,4.7,0.0,0,3,8,2,2,6,9,1,2,8,1,0
8,2,3,288140,13,0,16000,0,0,0,0,0,1,0,0,1,1,8.1,10.3,5.7,0.0,0,3,1,3,0,6,6,0,2,2,3,0
2,0,2,35330,4,600,1500,0,0,0,0,0,0,1,0,1,1,11.4,16.4,7.1,1.0,0,1,1,1,0,1,1,0,2,1,0,0
2,3,3,199094,8,0,13050,0,0,0,0,1,0,0,0,1,1,12.9,19.9,7.1,0.0,0,0,2,2,1,3,6,0,2,0,0,0
1,1,2,52600,4,0,1200,1,0,0,0,0,0,0,0,1,1,12.3,17.8,6.0,0.0,0,0,0,2,2,0,2,0,0,2,0,0
1,1,3,68450,5,0,1777,0,0,1,0,0,0,0,1,1,1,11.9,17.2,6.4,0.0,0,2,1,1,1,0,1,0,1,1,2,0
4,4,2,178046,10,0,12777,0,0,0,1,0,0,0,1,1,1,13.0,19.7,7.2,0.0,0,2,2,0,4,2,7,0,1,1,1,0
2,0,0,19560,2,600,704,0,1,0,0,0,0,0,0,1,1,13.4,16.0,11.3,0.5,0,0,1,1,0,0,0,0,1,1,0,0
1,0,0,16300,1,0,0,0,0,0,0,0,1,0,0,1,0,11.9,15.4,9.7,15.5,0,1,0,0,0,0,0,0,0,1,0,0
1,0,0,13200,1,0,200,0,0,0,0,0,0,1,0,1,0,10.8,15.1,7.3,0.0,0,0,1,0,0,0,0,0,0,1,0,0
0,0,1,10000,1,0,0,0,0,0,0,1,0,0,0,1,0,10.2,14.1,6.5,0.0,0,0,1,0,0,0,0,0,0,1,0,0
0,0,0,0,0,0,0,1,0,0,0,0,0,0,0,1,0,11.0,20.2,7.1,1.0,0,0,0,0,0,0,0,0,0,0,0,0
1,0,0,15900,1,0,0,0,0,1,0,0,0,0,1,1,0,17.0,21.1,10.8,0.0,0,0,0,1,0,0,1,0,0,0,0,0
1,0,0,10000,1,0,0,0,0,0,1,0,0,0,1,1,0,11.2,17.2,5.9,0.0,0,0,0,1,0,0,0,0,1,0,0,0
4,1,2,79310,7,0,111,0,1,0,0,0,0,0,0,1,0,7.0,11.5,3.8,0.0,0,2,3,0,1,1,2,0,0,5,0,0
0,0,1,4990,1,600,0,0,0,0,0,0,1,0,0,1,0,7.0,10.6,3.4,0.0,0,0,0,1,0,0,0,0,0,1,0,0
0,1,0,3800,1,600,0,0,0,0,0,0,0,1,0,0,1,8.5,13.5,4.6,0.0,1,0,0,0,0,0,1,0,0,0,0,0
3,0,0,78699,3,600,1000,0,0,0,0,1,0,0,0,0,1,7.7,13.1,3.3,0.0,0,1,0,1,0,1,1,0,1,1,0,0
0,0,0,0,0,0,0,1,0,0,0,0,0,0,0,1,1,5.3,10.1,1.5,0.0,0,0,0,0,0,0,0,0,0,0,0,0
0,1,0,6799,1,600,0,0,0,1,0,0,0,0,1,1,1,5.0,10.6,0.1,0.0,0,0,0,1,0,0,0,0,0,1,0,0
1,1,0,15400,2,1200,0,0,0,0,1,0,0,0,1,1,1,4.9,8.8,2.0,0.0,0,0,1,1,0,0,0,0,1,1,0,0
1,0,0,3800,1,600,300,0,1,0,0,0,0,0,0,1,1,6.3,12.1,1.0,0.0,0,0,0,0,1,0,1,0,0,0,0,0
1,0,0,35000,1,0,0,0,0,0,0,0,1,0,0,1,1,7.6,13.2,2.6,0.0,0,0,0,0,0,1,1,0,0,0,0,0
1,0,0,7700,1,600,0,0,0,0,0,0,0,1,0,1,0,8.4,12.6,4.3,0.0,0,1,0,0,0,0,0,0,0,1,0,0
0,0,0,0,0,0,0,0,0,0,0,1,0,0,0,1,0,7.0,10.8,4.4,0.0,0,0,0,0,0,0,0,0,0,0,0,0
1,0,0,28500,1,0,0,1,0,0,0,0,0,0,0,1,0,7.8,13.8,2.2,0.0,0,0,0,0,0,1,1,0,0,0,0,0
0,0,0,0,0,0,0,0,0,1,0,0,0,0,1,1,0,9.0,14.4,4.4,0.0,0,0,0,0,0,0,0,0,0,0,0,0
0,0,0,0,0,0,0,0,0,0,1,0,0,0,1,1,0,9.2,12.7,5.8,1.5,0,0,0,0,0,0,0,0,0,0,0,0
9,6,8,697497,23,600,66444,0,1,0,0,0,0,0,1,1,0,9.2,12.5,4.4,0.0,1,3,7,2,2,8,6,4,3,4,6,0
1,0,1,10800,2,0,1625,0,0,0,0,0,1,0,0,0,0,6.1,9.2,2.8,0.0,0,0,2,0,0,0,0,0,0,1,1,0
2,0,0,19400,2,0,1940,0,0,0,0,0,0,1,0,0,0,7.4,11.0,2.8,0.0,0,0,1,0,1,0,2,0,0,0,0,0
0,0,0,0,0,0,0,0,0,0,0,1,0,0,0,0,0,9.7,15.3,6.3,0.0,0,0,0,0,0,0,0,0,0,0,0,0
2,1,0,41530,3,0,1422,1,0,0,0,0,0,0,0,1,0,7.4,13.6,2.9,0.0,0,1,2,0,0,0,2,0,0,1,0,0
0,0,2,34900,2,0,3490,0,0,1,0,0,0,0,1,1,0,9.1,15.6,3.0,0.0,0,0,0,0,0,2,0,2,0,0,0,0
1,0,0,15400,1,0,770,0,0,0,1,0,0,0,1,1,0,8.3,12.7,5.7,0.0,0,0,0,1,0,0,0,0,0,0,1,0
1,0,0,6750,1,0,0,0,1,0,0,0,0,0,1,1,0,5.4,10.2,2.7,0.0,0,1,0,0,0,0,1,0,0,0,0,0
1,0,0,11000,1,0,1000,0,0,0,0,0,1,0,0,1,0,5.4,11.0,1.5,0.0,0,0,1,0,0,0,1,0,0,0,0,0
2,3,0,51400,5,0,4777,0,0,0,0,0,0,1,0,0,1,7.2,12.3,1.7,0.0,0,1,1,1,1,1,4,1,0,0,0,0
0,2,0,18480,2,600,1000,0,0,0,0,1,0,0,0,1,1,4.8,7.2,1.8,0.0,0,1,0,1,0,0,1,0,0,1,0,0
1,0,2,58009,3,0,1000,1,0,0,0,0,0,0,0,1,1,7.1,13.7,0.1,0.0,0,0,1,1,0,1,2,0,0,1,0,0
3,1,1,71335,5,600,1000,0,0,1,0,0,0,0,1,1,1,5.9,11.7,1.2,2.0,0,1,0,1,0,3,1,0,2,2,0,0
0,0,0,0,0,0,0,0,0,0,1,0,0,0,1,1,1,6.4,10.5,0.2,0.0,0,0,0,0,0,0,0,0,0,0,0,0
1,1,0,29280,2,0,1300,0,1,0,0,0,0,0,0,1,1,6.3,11.4,2.4,0.0,0,0,2,0,0,0,1,0,0,1,0,0
1,0,0,6200,1,600,0,0,0,0,0,0,1,0,0,1,1,3.7,7.0,0.0,0.0,0,1,0,0,0,0,1,0,0,0,0,0
1,0,0,33000,1,0,0,0,0,0,0,0,0,1,0,1,0,6.2,12.2,0.8,0.0,0,1,0,0,0,0,1,0,0,0,0,0
1,0,0,3980,1,0,398,0,0,0,0,1,0,0,0,1,0,8.5,13.4,2.5,0.0,0,1,0,0,0,0,0,0,0,0,0,1
0,1,0,13500,1,0,1350,1,0,0,0,0,0,0,0,1,0,10.2,15.1,7.6,0.0,0,0,1,0,0,0,0,0,1,0,0,0
2,1,2,101030,5,600,6660,0,0,1,0,0,0,0,1,1,0,6.3,7.6,4.6,2.5,0,1,2,0,0,2,2,0,2,1,0,0
1,0,0,12320,1,0,0,0,0,0,1,0,0,0,1,1,0,8.1,12.1,4.6,31.5,0,0,0,1,0,0,0,0,0,1,0,0
2,0,0,58200,2,0,0,0,1,0,0,0,0,0,0,1,0,10.7,14.6,6.7,0.0,0,0,0,1,0,1,2,0,0,0,0,0
0,0,0,0,0,0,0,0,0,0,0,0,1,0,0,1,0,9.0,13.9,5.5,0.0,0,0,0,0,0,0,0,0,0,0,0,0
0,0,0,0,0,0,0,0,0,0,0,0,0,1,0,1,0,4.5,8.4,1.1,0.0,0,0,0,0,0,0,0,0,0,0,0,0
0,0,0,0,0,0,0,0,0,0,0,1,0,0,0,1,1,4.2,9.6,-1.1,0.0,0,0,0,0,0,0,0,0,0,0,0,0
1,0,1,58000,2,0,2000,1,0,0,0,0,0,0,0,1,1,6.2,12.0,1.8,0.0,0,0,0,0,0,2,0,0,1,0,1,0
0,1,0,20680,1,0,1500,0,0,1,0,0,0,0,1,1,1,7.2,12.2,2.9,0.0,0,0,0,0,1,0,0,1,0,0,0,0
0,0,0,0,0,0,0,0,0,0,1,0,0,0,1,1,1,6.0,9.6,2.8,0.0,0,0,0,0,0,0,0,0,0,0,0,0
0,0,1,6000,1,600,0,0,1,0,0,0,0,0,0,1,0,6.8,11.9,2.4,0.0,0,0,0,1,0,0,0,0,0,1,0,0
0,0,0,0,0,0,0,0,0,0,0,0,1,0,0,0,0,7.7,13.3,4.0,0.0,0,0,0,0,0,0,0,0,0,0,0,0
0,0,0,0,0,0,0,0,0,0,0,0,0,1,0,0,0,9.3,14.1,2.7,0.0,0,0,0,0,0,0,0,0,0,0,0,0
0,1,0,5600,1,600,0,0,0,0,0,1,0,0,0,0,0,9.8,16.3,5.0,0.0,0,0,0,0,1,0,0,0,1,0,0,0
0,0,0,0,0,0,0,1,0,0,0,0,0,0,0,0,0,5.0,7.6,3.3,0.0,0,0,0,0,0,0,0,0,0,0,0,0
0,0,0,0,0,0,0,0,0,1,0,0,0,0,1,1,0,6.9,11.7,3.4,0.0,0,0,0,0,0,0,0,0,0,0,0,0
0,0,0,0,0,0,0,0,0,0,1,0,0,0,1,1,0,4.9,6.9,2.6,5.0,0,0,0,0,0,0,0,0,0,0,0,0
2,1,0,51990,3,600,0,0,1,0,0,0,0,0,0,1,1,3.0,6.2,0.3,35.0,1,1,1,0,0,0,0,1,0,1,1,0
0,1,0,14520,1,0,0,0,0,0,0,0,1,0,0,1,1,3.4,5.4,0.8,2.0,0,0,1,0,0,0,0,0,1,0,0,0
0,1,0,22000,1,0,0,0,0,0,0,0,0,1,0,1,1,4.7,9.6,-0.1,0.0,0,0,0,0,0,1,0,0,0,1,0,0
1,0,0,5200,1,600,0,0,0,0,0,1,0,0,0,1,1,5.7,11.3,1.2,0.0,0,1,0,0,0,0,0,0,0,1,0,0
1,0,1,20350,2,0,0,1,0,0,0,0,0,0,0,1,1,6.8,11.3,2.5,0.0,0,1,1,0,0,0,1,0,0,1,0,0
0,0,0,0,0,0,0,0,0,1,0,0,0,0,1,1,1,7.1,12.4,1.8,0.0,0,0,0,0,0,0,0,0,0,0,0,0
2,1,0,82500,3,600,300,0,0,0,1,0,0,0,1,1,0,8.1,12.8,4.3,0.0,0,1,0,0,0,2,3,0,0,0,0,0
0,0,0,0,0,0,0,0,1,0,0,0,0,0,0,1,0,7.3,12.7,3.6,0.0,0,0,0,0,0,0,0,0,0,0,0,0
0,0,1,24810,1,0,0,0,0,0,0,0,1,0,0,1,0,9.6,17.3,1.6,0.0,0,0,0,0,1,0,0,0,0,0,1,0
1,0,0,41030,1,0,0,0,0,0,0,0,0,1,0,1,0,10.9,18.5,4.2,0.0,0,0,0,0,0,1,1,0,0,0,0,0
0,0,2,28499,2,600,0,0,0,0,0,1,0,0,0,1,0,14.4,21.1,6.1,0.0,0,1,0,1,0,0,0,0,0,0,2,0
0,0,0,0,0,0,0,1,0,0,0,0,0,0,0,1,0,10.6,17.0,6.2,0.0,0,0,0,0,0,0,0,0,0,0,0,0
0,1,0,12001,1,0,0,0,0,1,0,0,0,0,1,1,0,9.0,13.6,4.6,0.0,0,0,0,0,1,0,1,0,0,0,0,0
0,0,2,43930,2,0,0,0,0,0,1,0,0,0,1,1,0,13.4,18.8,9.2,0.0,0,0,0,1,1,0,0,0,0,1,1,0
0,1,0,8140,1,600,0,0,1,0,0,0,0,0,0,1,0,15.0,17.2,12.8,5.0,0,1,0,0,0,0,0,0,0,1,0,0
0,1,1,58300,2,0,4000,0,0,0,0,0,1,0,0,0,1,18.1,23.7,12.8,0.0,0,0,0,0,0,2,2,0,0,0,0,0
0,0,0,0,0,0,0,0,0,0,0,0,0,1,0,0,1,8.7,13.2,7.3,5.5,0,0,0,0,0,0,0,0,0,0,0,0
0,0,1,12800,1,0,0,0,0,0,0,1,0,0,0,1,1,5.5,8.0,3.6,6.5,0,0,1,0,0,0,0,0,0,1,0,0
0,0,0,0,0,0,0,1,0,0,0,0,0,0,1,1,1,2.8,4.0,1.7,6.5,0,0,0,0,0,0,0,0,0,0,0,0
1,0,3,50350,4,1200,200,0,0,1,0,0,0,0,1,1,0,5.3,10.3,1.2,0.0,0,2,2,0,0,0,1,0,1,1,1,0
0,0,1,5500,1,600,0,0,0,0,1,0,0,0,1,1,0,4.4,5.8,3.5,8.5,0,0,0,0,0,1,0,0,0,1,0,0
1,0,1,32230,2,0,0,0,1,0,0,0,0,0,0,1,0,7.8,13.3,4.8,0.5,0,1,1,0,0,0,1,0,1,0,0,0
0,0,0,0,0,0,0,0,0,0,0,0,1,0,0,1,0,7.0,11.4,4.1,0.0,0,0,0,0,0,0,0,0,0,0,0,0
0,0,1,17820,1,0,0,0,0,0,0,0,0,1,0,1,0,8.3,14.4,4.1,0.0,0,0,0,1,0,0,0,0,1,0,0,0
0,0,0,0,0,0,0,0,0,0,0,1,0,0,0,1,0,7.6,11.8,3.5,4.0,0,0,0,0,0,0,0,0,0,0,0,0
0,0,1,16280,1,0,0,1,0,0,0,0,0,0,0,0,0,9.9,16.4,3.7,15.5,0,0,1,0,0,0,0,0,0,1,0,0
1,1,0,30800,2,0,0,0,0,1,0,0,0,0,1,1,0,6.3,10.1,3.9,0.0,0,0,1,1,0,0,1,0,1,0,0,0
0,1,0,10000,1,0,0,0,0,0,1,0,0,0,1,1,0,7.5,13.4,1.2,0.0,0,1,0,0,0,0,0,0,1,0,0,0
2,6,11,322997,19,0,5150,0,1,0,0,0,0,0,0,1,0,9.4,15.7,2.9,0.0,0,1,8,6,2,2,7,0,4,3,5,0
5,0,3,90910,8,1200,5000,0,0,0,0,0,1,0,0,1,1,6.4,9.1,2.0,19.0,0,3,2,2,0,1,2,0,2,2,2,0
1,0,1,24600,2,0,0,0,0,0,0,0,0,1,0,1,1,5.6,10.4,2.0,11.0,0,1,1,0,0,0,2,0,0,0,0,0
3,0,4,59009,7,0,20,0,0,0,0,1,0,0,0,1,1,6.9,10.7,4.9,0.0,1,2,2,2,0,0,3,0,0,2,2,0
1,2,5,102825,8,0,2050,1,0,0,0,0,0,0,0,1,1,4.5,9.4,0.4,19.0,0,0,5,3,0,0,4,1,1,0,2,0
2,0,4,116400,6,0,0,0,0,1,0,0,0,0,1,1,1,6.1,11.2,2.6,0.0,0,0,0,2,1,3,0,0,1,3,2,0
4,2,8,169982,14,600,100,0,0,0,1,0,0,0,1,1,1,6.7,13.6,0.5,0.0,0,2,7,2,1,2,4,1,3,4,2,0
0,0,2,28300,2,600,1000,0,1,0,0,0,0,0,0,1,1,8.2,13.8,1.8,0.0,0,0,0,2,0,0,0,1,0,1,0,0
0,1,1,36700,2,0,790,0,0,0,0,0,1,0,0,1,0,7.8,10.0,6.1,36.0,0,0,1,1,0,0,1,0,0,0,1,0
0,0,1,12800,1,0,0,0,0,0,0,0,0,1,0,1,0,9.5,13.7,6.7,0.0,0,0,1,0,0,0,0,0,1,0,0,0
1,0,0,26400,1,0,0,0,0,0,0,1,0,0,0,1,0,9.5,15.6,2.8,0.0,0,0,0,1,0,0,0,0,0,0,1,0
0,0,0,0,0,0,0,1,0,0,0,0,0,0,0,1,0,11.8,17.6,6.2,0.0,0,0,0,0,0,0,0,0,0,0,0,0
0,0,0,0,0,0,0,0,0,1,0,0,0,0,1,1,0,14.8,22.7,10.8,0.0,0,0,0,0,0,0,0,0,0,0,0,0
1,1,0,21700,2,0,0,0,0,0,1,0,0,0,1,1,0,16.0,21.7,9.8,0.0,0,1,0,0,1,0,0,0,0,2,0,0
0,0,3,121200,3,0,0,0,1,0,0,0,0,0,0,1,0,9.5,14.6,4.1,0.0,0,1,0,0,2,0,0,0,1,0,2,0
2,0,1,24301,3,0,0,0,0,0,0,0,1,0,0,1,0,8.4,12.4,3.7,0.0,0,1,1,1,0,0,1,0,1,1,0,0
1,1,1,22630,3,600,200,0,0,0,0,0,0,1,1,0,0,8.5,15.7,4.7,1.0,1,1,1,0,0,0,2,0,0,1,0,0
0,0,0,0,0,0,0,0,0,0,0,1,0,0,0,0,0,6.5,11.4,3.4,0.0,0,0,0,0,0,0,0,0,0,0,0,0
1,0,1,13820,2,600,0,1,0,0,0,0,0,0,0,1,1,7.2,13.3,1.8,0.0,0,2,0,0,0,0,0,0,1,1,0,0
0,0,1,17900,1,0,1000,0,0,1,0,0,0,0,1,1,1,5.7,9.3,2.6,0.5,0,0,0,0,1,0,0,0,0,0,1,0
1,0,0,12810,1,0,0,0,0,0,1,0,0,0,1,1,1,10.2,15.5,4.2,1.0,0,0,1,0,0,0,1,0,0,0,0,0
0,0,2,21250,2,600,300,0,1,0,0,0,0,0,0,1,1,11.3,12.5,10.8,9.0,0,0,1,0,1,0,1,0,1,0,0,0
0,1,1,28000,2,600,2000,0,0,0,0,0,1,0,0,1,1,9.4,12.3,6.1,45.0,0,1,0,1,0,0,1,0,0,1,0,0
1,0,1,18300,2,600,1000,0,0,0,0,0,0,1,0,1,1,10.9,16.5,6.0,0.0,0,2,0,0,0,0,0,1,0,1,0,0
1,0,0,13500,1,0,0,0,0,0,0,1,0,0,0,1,0,10.9,14.6,7.2,2.5,0,0,1,0,0,0,1,0,0,0,0,0
0,0,0,0,0,0,0,1,0,0,0,0,0,0,0,1,0,16.3,22.2,11.7,29.0,0,0,0,0,0,0,0,0,0,0,0,0
0,0,0,0,0,0,0,0,0,1,0,0,0,0,1,1,0,17.8,24.6,12.3,0.0,0,0,0,0,0,0,0,0,0,0,0,0
0,0,0,0,0,0,0,0,0,0,1,0,0,0,1,1,0,19.5,28.1,12.2,0.0,0,0,0,0,0,0,0,0,0,0,0,0
0,2,2,40480,4,1200,0,0,1,0,0,0,0,0,0,1,0,14.6,19.7,11.8,3.0,0,3,0,0,1,0,3,0,0,1,0,0
0,0,1,18480,1,0,0,0,0,0,0,0,1,0,0,0,0,14.2,20.6,8.4,0.0,0,0,0,1,0,0,0,0,1,0,0,0
1,0,1,13750,2,600,4000,0,0,0,0,0,0,1,0,0,0,13.9,16.6,12.3,11.5,0,2,0,0,0,0,0,0,0,2,0,0
0,0,1,9020,1,600,1000,0,0,0,0,1,0,0,0,0,0,15.4,19.9,11.3,4.0,0,1,0,0,0,0,0,0,0,1,0,0
0,0,1,5480,1,600,0,1,0,0,0,0,0,0,0,1,1,11.4,15.1,9.0,0.5,0,1,0,0,0,0,1,0,0,0,0,0
0,0,0,0,0,0,0,0,0,1,0,0,0,0,1,1,1,12.7,15.8,9.0,0.0,0,0,0,0,0,0,0,0,0,0,0,0
1,1,0,17200,2,0,0,0,0,0,1,0,0,0,1,1,1,17.0,22.6,13.1,1.5,0,2,0,0,0,0,1,0,0,1,0,0
0,0,0,0,0,0,0,0,1,0,0,0,0,0,0,1,1,18.8,23.2,15.4,0.0,0,0,0,0,0,0,0,0,0,0,0,0
1,1,2,36201,4,600,1000,0,0,0,0,0,1,0,0,1,1,15.6,19.8,9.7,55.5,0,1,1,0,0,2,0,0,1,3,0,0
0,0,0,0,0,0,0,0,0,0,0,0,0,1,0,0,1,11.7,17.8,7.4,0.0,0,0,0,0,0,0,0,0,0,0,0,0
0,0,0,0,0,0,0,0,0,0,0,1,0,0,0,1,0,14.0,19.8,7.7,0.0,0,0,0,0,0,0,0,0,0,0,0,0
0,0,0,0,0,0,0,1,0,0,0,0,0,0,0,1,0,15.0,18.2,12.8,2.5,0,0,0,0,0,0,0,0,0,0,0,0
0,0,0,0,0,0,0,0,0,1,0,0,0,0,1,1,0,16.4,22.7,11.1,0.0,0,0,0,0,0,0,0,0,0,0,0,0
1,0,3,55389,4,0,1000,0,0,0,1,0,0,0,1,1,0,18.0,24.8,12.7,0.0,0,0,1,1,0,2,0,0,1,3,0,0
0,0,2,23379,2,600,0,0,1,0,0,0,0,0,0,1,1,19.4,26.8,14.0,0.0,0,0,1,1,0,0,1,0,0,0,1,0
0,1,0,26840,1,0,0,0,0,0,0,0,1,0,0,1,1,19.2,23.4,15.9,0.0,0,0,0,0,1,0,1,0,0,0,0,0
0,0,2,23800,2,600,0,0,0,0,0,0,0,1,0,1,1,20.1,25.5,16.5,0.0,0,1,0,0,0,1,1,0,0,1,0,0
0,0,0,0,0,0,0,0,0,0,0,1,0,0,0,1,0,17.9,21.4,14.3,1.5,0,0,0,0,0,0,0,0,0,0,0,0
0,0,0,0,0,0,0,1,0,0,0,0,0,0,0,1,0,18.3,23.6,14.1,0.0,0,0,0,0,0,0,0,0,0,0,0,0
0,0,0,0,0,0,0,0,0,1,0,0,0,0,1,1,0,19.4,26.1,12.7,0.0,0,0,0,0,0,0,0,0,0,0,0,0
0,0,3,47500,3,1200,100,0,0,0,1,0,0,0,1,1,0,18.4,23.3,14.9,5.0,0,2,0,0,0,1,0,0,2,0,1,0
