OrderTime,Season_fall-winter_sum,Season_spring-fall_sum,Season_spring-summer_sum,TotalPrice,Quantity,ShipCharge,TotalMallCouponDiscount,Week_Friday,Week_Monday,Week_Saturday,Week_Sunday,Week_Thursday,Week_Tuesday,Week_Wednesday,HolidayFlag,SaleEventFlag_yahoo,SaleEventFlag_rakuten,AverageTemperature,Total Precipitation(mm)
2021-06-16,0,0,1,27720,1,0,0,0,0,0,0,0,0,1,0,0,0,22.8,30.5
2021-06-17,0,0,0,0,0,0,0,0,0,0,0,1,0,0,0,0,0,22.9,3.5
2021-06-18,0,0,0,0,0,0,0,1,0,0,0,0,0,0,0,0,0,23.1,0.0
2021-06-19,0,0,0,0,0,0,0,0,0,1,0,0,0,0,1,1,0,22.0,12.0
2021-06-20,1,0,0,20000,1,0,0,0,0,0,1,0,0,0,1,1,0,22.8,14.5
2021-06-21,0,0,0,0,0,0,0,0,1,0,0,0,0,0,0,1,0,22.9,0.0
2021-06-22,0,0,1,18000,1,0,0,0,0,0,0,0,1,0,0,1,0,23.1,0.0
2021-06-23,0,0,0,0,0,0,0,0,0,0,0,0,0,1,0,1,1,22.0,1.5
2021-06-24,0,0,1,7200,1,0,0,0,0,0,0,1,0,0,0,1,1,22.8,0.0
2021-06-25,0,0,0,0,0,0,0,1,0,0,0,0,0,0,0,1,1,23.3,19.0
2021-06-26,0,0,0,0,0,0,0,0,0,1,0,0,0,0,1,1,1,24.2,0.0
2021-06-27,0,0,0,0,0,0,0,0,0,0,1,0,0,0,1,1,0,23.7,0.0
2021-06-28,0,0,0,0,0,0,0,0,1,0,0,0,0,0,0,1,0,24.4,0.0
2021-06-29,0,0,0,0,0,0,0,0,0,0,0,0,1,0,0,1,0,21.9,53.0
2021-06-30,0,0,0,0,0,0,0,0,0,0,0,0,0,1,0,0,0,20.6,3.0
2021-07-01,0,0,0,0,0,0,0,0,0,0,0,1,0,0,0,0,0,20.9,64.5
2021-07-02,1,0,0,39500,1,0,500,1,0,0,0,0,0,0,0,0,0,21.2,68.0
2021-07-03,0,0,0,0,0,0,0,0,0,1,0,0,0,0,1,1,0,22.2,53.5
2021-07-04,0,0,0,0,0,0,0,0,0,0,1,0,0,0,1,1,0,20.1,17.5
2021-07-05,0,0,0,0,0,0,0,0,1,0,0,0,0,0,0,1,1,22.1,2.5
2021-07-06,0,0,0,0,0,0,0,0,0,0,0,0,1,0,0,1,1,24.7,0.5
2021-07-07,1,0,1,31300,2,0,0,0,0,0,0,0,0,1,0,1,1,25.8,0.5
2021-07-08,0,0,0,0,0,0,0,0,0,0,0,1,0,0,0,1,1,23.7,7.5
2021-07-09,0,0,1,10400,1,0,0,1,0,0,0,0,0,0,0,1,1,23.5,9.0
2021-07-10,1,0,0,38000,1,0,11400,0,0,1,0,0,0,0,1,1,1,27.0,4.5
2021-07-11,0,0,0,0,0,0,0,0,0,0,1,0,0,0,1,1,1,24.7,17.5
2021-07-12,0,0,0,0,0,0,0,0,1,0,0,0,0,0,0,1,0,25.8,0.0
2021-07-13,0,0,0,0,0,0,0,0,0,0,0,0,1,0,0,1,0,25.5,0.0
2021-07-14,0,0,0,0,0,0,0,0,0,0,0,0,0,1,0,1,0,25.3,0.0
2021-07-15,0,0,0,0,0,0,0,0,0,0,0,1,0,0,0,1,0,26.4,0.0
2021-07-16,0,0,0,0,0,0,0,1,0,0,0,0,0,0,0,1,0,27.7,0.0
2021-07-17,0,0,0,0,0,0,0,0,0,1,0,0,0,0,1,1,0,27.4,0.0
2021-07-18,0,0,0,0,0,0,0,0,0,0,1,0,0,0,1,1,0,28.1,0.0
2021-07-19,0,0,0,0,0,0,0,0,1,0,0,0,0,0,0,1,0,29.2,0.0
2021-07-20,0,0,1,16800,1,0,1000,0,0,0,0,0,1,0,0,0,1,28.8,0.0
2021-07-21,0,0,0,0,0,0,0,0,0,0,0,0,0,1,0,0,1,28.4,0.0
2021-07-22,0,0,0,0,0,0,0,0,0,0,0,1,0,0,1,1,1,28.4,0.0
2021-07-23,0,0,0,0,0,0,0,1,0,0,0,0,0,0,1,1,1,28.4,0.0
2021-07-24,0,1,0,33000,1,0,2000,0,0,1,0,0,0,0,1,1,1,28.5,0.0
2021-07-25,0,0,0,0,0,0,0,0,0,0,1,0,0,0,1,1,1,28.5,0.0
2021-07-26,0,0,0,0,0,0,0,0,1,0,0,0,0,0,0,1,1,27.5,0.0
2021-07-27,0,0,0,0,0,0,0,0,0,0,0,0,1,0,0,1,0,24.9,34.5
2021-07-28,0,0,0,0,0,0,0,0,0,0,0,0,0,1,0,1,0,27.7,0.0
2021-07-29,0,0,1,15800,1,0,0,0,0,0,0,1,0,0,0,1,0,27.8,0.0
2021-07-30,0,0,0,0,0,0,0,1,0,0,0,0,0,0,0,0,0,25.8,30.0
2021-07-31,0,0,1,9350,1,600,0,0,0,1,0,0,0,0,1,1,0,27.5,0.0
2021-08-01,0,0,0,0,0,0,0,0,0,0,1,0,0,0,1,1,0,28.7,0.0
2021-08-02,0,0,0,0,0,0,0,0,1,0,0,0,0,0,0,1,0,28.6,0.5
2021-08-03,0,0,0,0,0,0,0,0,0,0,0,0,1,0,0,0,0,29.0,3.0
2021-08-04,0,0,0,0,0,0,0,0,0,0,0,0,0,1,0,0,0,29.5,0.0
2021-08-05,0,0,1,12000,1,0,1000,0,0,0,0,1,0,0,0,1,1,29.1,0.0
2021-08-06,0,0,0,0,0,0,0,1,0,0,0,0,0,0,0,1,1,29.1,0.0
2021-08-07,0,0,0,0,0,0,0,0,0,1,0,0,0,0,1,1,1,27.9,2.0
2021-08-08,0,0,0,0,0,0,0,0,0,0,1,0,0,0,1,1,1,25.9,90.5
2021-08-09,0,0,0,0,0,0,0,0,1,0,0,0,0,0,1,1,1,28.1,2.0
2021-08-10,1,1,0,78100,2,0,46860,0,0,0,0,0,1,0,0,0,1,31.0,0.0
2021-08-11,0,0,0,0,0,0,0,0,0,0,0,0,0,1,0,1,1,29.2,0.0
2021-08-12,0,0,0,0,0,0,0,0,0,0,0,1,0,0,0,1,0,26.0,0.5
2021-08-13,0,0,0,0,0,0,0,1,0,0,0,0,0,0,0,1,0,22.5,20.5
2021-08-14,0,0,1,6820,1,600,0,0,0,1,0,0,0,0,1,1,0,22.3,77.0
2021-08-15,1,0,0,14500,1,0,0,0,0,0,1,0,0,0,1,1,0,19.3,138.5
2021-08-16,0,0,0,0,0,0,0,0,1,0,0,0,0,0,0,1,0,20.7,2.0
2021-08-17,0,1,2,44000,3,600,100,0,0,0,0,0,1,0,0,1,0,23.7,23.5
2021-08-18,0,0,2,29700,2,0,500,0,0,0,0,0,0,1,0,1,0,27.0,3.0
2021-08-19,0,0,0,0,0,0,0,0,0,0,0,1,0,0,0,1,0,28.5,0.0
2021-08-20,0,1,1,31680,2,0,0,1,0,0,0,0,0,0,0,0,0,28.7,0.0
2021-08-21,0,0,0,0,0,0,0,0,0,1,0,0,0,0,1,1,0,27.9,0.0
2021-08-22,0,0,0,0,0,0,0,0,0,0,1,0,0,0,1,1,0,28.5,0.0
2021-08-23,0,0,1,12100,1,0,0,0,1,0,0,0,0,0,0,1,0,26.9,2.5
2021-08-24,0,0,1,7700,1,600,0,0,0,0,0,0,1,0,0,1,0,27.5,0.0
2021-08-25,0,0,0,0,0,0,0,0,0,0,0,0,0,1,0,1,0,29.4,0.0
2021-08-26,0,0,0,0,0,0,0,0,0,0,0,1,0,0,0,1,0,30.5,0.0
2021-08-27,1,0,0,8800,1,600,0,1,0,0,0,0,0,0,0,1,0,30.0,0.0
2021-08-28,0,0,0,0,0,0,0,0,0,1,0,0,0,0,1,1,0,29.8,0.0
2021-08-29,0,0,0,0,0,0,0,0,0,0,1,0,0,0,1,1,0,28.5,0.0
2021-08-30,0,0,0,0,0,0,0,0,1,0,0,0,0,0,0,1,0,29.2,0.0
2021-08-31,0,0,0,0,0,0,0,0,0,0,0,0,1,0,0,0,0,26.9,17.0
2021-09-01,0,0,0,0,0,0,0,0,0,0,0,0,0,1,0,0,0,20.7,3.0
2021-09-02,0,0,0,0,0,0,0,0,0,0,0,1,0,0,0,0,0,19.4,18.5
2021-09-03,0,0,0,0,0,0,0,1,0,0,0,0,0,0,0,0,0,19.7,17.0
2021-09-04,3,2,2,74990,7,0,1000,0,0,1,0,0,0,0,1,1,0,20.6,14.0
2021-09-05,4,1,1,89300,6,0,21527,0,0,0,1,0,0,0,1,1,1,21.0,10.0
2021-09-06,3,1,6,120700,10,0,534200,0,1,0,0,0,0,0,0,1,1,19.9,8.5
2021-09-07,2,1,1,89250,4,0,18500,0,0,0,0,0,1,0,0,1,1,20.4,0.0
2021-09-08,0,1,0,31400,1,0,15700,0,0,0,0,0,0,1,0,1,1,20.3,0.5
2021-09-09,0,1,0,4100,1,0,200,0,0,0,0,1,0,0,0,1,1,20.5,14.0
2021-09-10,11,4,2,280000,17,0,402527,1,0,0,0,0,0,0,0,0,1,24.8,0.0
2021-09-11,1,0,0,62400,1,0,31200,0,0,1,0,0,0,0,1,1,1,25.0,0.0
2021-09-12,0,0,0,0,0,0,0,0,0,0,1,0,0,0,1,1,0,24.4,0.0
2021-09-13,0,0,0,0,0,0,0,0,1,0,0,0,0,0,0,1,0,25.2,0.0
2021-09-14,0,0,0,0,0,0,0,0,0,0,0,0,1,0,0,1,0,22.8,5.5
2021-09-15,0,0,0,0,0,0,0,0,0,0,0,0,0,1,0,1,0,22.9,1.5
2021-09-16,2,0,0,45100,2,0,2530,0,0,0,0,1,0,0,0,1,0,22.3,0.0
2021-09-17,0,0,0,0,0,0,0,1,0,0,0,0,0,0,0,1,0,22.3,0.0
2021-09-18,0,0,0,0,0,0,0,0,0,1,0,0,0,0,1,1,0,23.7,124.5
2021-09-19,0,0,0,0,0,0,0,0,0,0,1,0,0,0,1,1,0,23.9,0.0
2021-09-20,1,0,0,28400,1,0,11076,0,1,0,0,0,0,0,1,1,1,22.4,0.0
2021-09-21,0,0,0,0,0,0,0,0,0,0,0,0,1,0,0,0,1,22.7,0.0
2021-09-22,0,0,0,0,0,0,0,0,0,0,0,0,0,1,0,1,1,24.9,1.0
2021-09-23,0,0,1,36800,1,0,14352,0,0,0,0,1,0,0,1,1,1,26.6,0.0
2021-09-24,0,0,0,0,0,0,0,1,0,0,0,0,0,0,0,1,1,25.4,0.0
2021-09-25,0,0,1,17000,1,0,0,0,0,1,0,0,0,0,1,1,0,22.1,0.0
2021-09-26,1,0,0,19000,1,0,0,0,0,0,1,0,0,0,1,1,0,19.9,0.0
2021-09-27,0,0,0,0,0,0,0,0,1,0,0,0,0,0,0,1,0,20.1,0.0
2021-09-28,0,0,0,0,0,0,0,0,0,0,0,0,1,0,0,1,0,21.1,0.0
2021-09-29,0,0,0,0,0,0,0,0,0,0,0,0,0,1,0,1,0,21.9,0.0
2021-09-30,0,0,0,0,0,0,0,0,0,0,0,1,0,0,0,0,0,23.2,4.5
2021-10-01,1,0,0,6820,1,600,0,1,0,0,0,0,0,0,0,0,0,19.0,113.0
2021-10-02,0,1,0,38500,1,0,0,0,0,1,0,0,0,0,1,1,0,21.9,2.0
2021-10-03,0,0,0,0,0,0,0,0,0,0,1,0,0,0,1,1,0,22.1,0.0
2021-10-04,0,0,0,0,0,0,0,0,1,0,0,0,0,0,0,1,0,23.5,0.0
2021-10-05,0,0,2,37000,2,0,1000,0,0,0,0,0,1,0,0,1,1,23.9,0.0
2021-10-06,0,0,0,0,0,0,0,0,0,0,0,0,0,1,0,1,1,22.8,0.0
2021-10-07,0,0,0,0,0,0,0,0,0,0,0,1,0,0,0,1,1,21.3,0.0
2021-10-08,0,0,1,7150,1,600,0,1,0,0,0,0,0,0,0,1,1,24.2,0.0
2021-10-09,0,0,0,0,0,0,0,0,0,1,0,0,0,0,1,1,1,22.7,0.0
2021-10-10,1,1,0,46400,2,0,1000,0,0,0,1,0,0,0,1,1,1,22.2,0.0
2021-10-11,0,0,0,0,0,0,0,0,1,0,0,0,0,0,0,1,1,24.0,0.0
2021-10-12,0,0,0,0,0,0,0,0,0,0,0,0,1,0,0,1,0,20.5,2.5
2021-10-13,0,0,0,0,0,0,0,0,0,0,0,0,0,1,0,1,0,17.4,10.5
2021-10-14,0,0,0,0,0,0,0,0,0,0,0,1,0,0,0,1,0,19.1,0.0
2021-10-15,1,0,0,15950,1,0,0,1,0,0,0,0,0,0,0,1,0,20.7,0.0
2021-10-16,1,0,0,6000,1,0,0,0,0,1,0,0,0,0,1,1,0,21.0,0.5
2021-10-17,0,0,0,0,0,0,0,0,0,0,1,0,0,0,1,1,0,15.7,13.5
2021-10-18,0,0,1,11880,1,0,594,0,1,0,0,0,0,0,0,1,0,13.6,0.0
2021-10-19,0,0,0,0,0,0,0,0,0,0,0,0,1,0,0,1,0,13.5,9.0
2021-10-20,0,0,0,0,0,0,0,0,0,0,0,0,0,1,0,0,0,16.1,0.0
2021-10-21,1,0,0,17200,1,0,0,0,0,0,0,1,0,0,0,0,0,15.4,0.0
2021-10-22,2,0,0,28700,2,0,0,1,0,0,0,0,0,0,0,1,0,11.2,9.5
2021-10-23,0,0,0,0,0,0,0,0,0,1,0,0,0,0,1,1,0,13.6,0.0
2021-10-24,2,0,0,49200,2,0,0,0,0,0,1,0,0,0,1,1,0,13.4,0.0
2021-10-25,0,0,0,0,0,0,0,0,1,0,0,0,0,0,0,1,0,14.0,5.5
2021-10-26,0,1,1,38600,2,0,1000,0,0,0,0,0,1,0,0,1,0,15.0,30.0
2021-10-27,0,0,0,0,0,0,0,0,0,0,0,0,0,1,0,1,0,14.5,1.0
2021-10-28,0,0,1,19000,1,0,0,0,0,0,0,1,0,0,0,1,0,17.6,0.5
2021-10-29,2,0,0,32700,2,0,0,1,0,0,0,0,0,0,0,1,0,15.3,0.0
2021-10-30,1,0,0,14800,1,0,1000,0,0,1,0,0,0,0,1,1,0,14.5,0.0
2021-10-31,0,0,0,0,0,0,0,0,0,0,1,0,0,0,1,1,0,13.6,2.0
2021-11-01,0,0,0,0,0,0,0,0,1,0,0,0,0,0,0,1,0,16.8,0.0
2021-11-02,0,0,0,0,0,0,0,0,0,0,0,0,1,0,0,0,0,17.7,0.0
2021-11-03,1,0,0,24200,1,0,0,0,0,0,0,0,0,1,1,0,0,17.1,0.0
2021-11-04,1,1,0,30000,2,0,6300,0,0,0,0,1,0,0,0,0,0,15.5,0.0
2021-11-05,1,0,0,23900,1,0,7170,1,0,0,0,0,0,0,0,1,1,15.3,0.0
2021-11-06,2,0,0,47800,2,0,3000,0,0,1,0,0,0,0,1,1,1,14.9,0.0
2021-11-07,1,0,0,20000,1,0,6000,0,0,0,1,0,0,0,1,1,1,15.7,1.0
2021-11-08,3,1,0,68200,4,0,24690,0,1,0,0,0,0,0,0,1,1,16.4,1.5
2021-11-09,1,0,0,32000,1,0,9600,0,0,0,0,0,1,0,0,1,1,16.1,47.5
2021-11-10,1,0,0,19800,1,0,0,0,0,0,0,0,0,1,0,0,1,16.0,0.0
2021-11-11,0,0,0,0,0,0,0,0,0,0,0,1,0,0,0,1,1,15.4,0.0
2021-11-12,0,0,0,0,0,0,0,1,0,0,0,0,0,0,0,1,0,14.5,0.0
2021-11-13,2,0,0,39070,2,0,700,0,0,1,0,0,0,0,1,1,0,13.1,0.0
2021-11-14,0,0,1,38500,1,0,0,0,0,0,1,0,0,0,1,1,0,14.0,0.0
2021-11-15,0,0,0,0,0,0,0,0,1,0,0,0,0,0,0,1,0,14.3,0.0
2021-11-16,0,0,0,0,0,0,0,0,0,0,0,0,1,0,0,1,0,14.2,0.0
2021-11-17,1,0,0,8690,1,600,0,0,0,0,0,0,0,1,0,1,0,13.5,0.0
2021-11-18,3,0,0,63400,3,0,16140,0,0,0,0,1,0,0,0,1,0,12.6,0.0
2021-11-19,1,0,0,27900,1,0,8370,1,0,0,0,0,0,0,0,1,0,12.5,0.0
2021-11-20,1,0,0,20500,1,0,6150,0,0,1,0,0,0,0,1,1,0,13.2,0.0
2021-11-21,0,0,0,0,0,0,0,0,0,0,1,0,0,0,1,1,0,12.5,12.5
2021-11-22,1,0,0,14630,1,0,0,0,1,0,0,0,0,0,0,1,0,13.5,24.5
2021-11-23,0,0,0,0,0,0,0,0,0,0,0,0,1,0,1,1,0,12.5,0.0
2021-11-24,0,0,0,0,0,0,0,0,0,0,0,0,0,1,0,1,0,11.4,0.0
2021-11-25,0,0,0,0,0,0,0,0,0,0,0,1,0,0,0,1,0,12.3,0.0
2021-11-26,0,0,0,0,0,0,0,1,0,0,0,0,0,0,0,1,0,12.0,0.0
2021-11-27,1,1,0,32780,2,600,500,0,0,1,0,0,0,0,1,1,0,9.6,0.0
2021-11-28,0,0,0,0,0,0,0,0,0,0,1,0,0,0,1,1,0,8.9,0.0
2021-11-29,0,0,0,0,0,0,0,0,1,0,0,0,0,0,0,1,0,8.1,0.0
2021-11-30,1,0,0,16500,1,0,0,0,0,0,0,0,1,0,0,0,0,11.0,6.0
2021-12-01,0,0,0,0,0,0,0,0,0,0,0,0,0,1,0,0,0,15.5,54.5
2021-12-02,1,0,0,21800,1,0,0,0,0,0,0,1,0,0,0,0,0,10.1,0.0
2021-12-03,2,0,0,36080,2,0,5940,1,0,0,0,0,0,0,0,0,0,9.7,0.0
2021-12-04,9,4,3,256299,16,600,22444,0,0,1,0,0,0,0,1,1,0,9.9,0.0
2021-12-05,6,1,2,94582,9,0,9777,0,0,0,1,0,0,0,1,1,1,8.6,0.0
2021-12-06,2,0,1,40870,3,0,1000,0,1,0,0,0,0,0,0,1,1,8.9,0.0
2021-12-07,1,1,0,37070,2,0,0,0,0,0,0,0,1,0,0,1,1,11.8,9.5
2021-12-08,0,1,0,35380,1,0,2000,0,0,0,0,0,0,1,0,1,1,9.5,36.5
2021-12-09,2,0,1,20770,3,600,2344,0,0,0,0,1,0,0,0,1,1,10.2,0.0
2021-12-10,2,3,0,33828,5,600,8310,1,0,0,0,0,0,0,0,0,1,8.6,0.0
2021-12-11,0,1,1,37100,2,0,1000,0,0,1,0,0,0,0,1,1,1,9.4,0.0
2021-12-12,0,0,0,0,0,0,0,0,0,0,1,0,0,0,1,1,0,11.3,0.0
2021-12-13,2,0,0,10950,2,600,2841,0,1,0,0,0,0,0,0,1,0,9.7,0.0
2021-12-14,0,1,1,31200,2,0,5610,0,0,0,0,0,1,0,0,1,0,5.1,5.5
2021-12-15,0,0,0,0,0,0,0,0,0,0,0,0,0,1,0,1,0,7.6,0.0
2021-12-16,0,0,0,0,0,0,0,0,0,0,0,1,0,0,0,1,0,9.5,0.0
2021-12-17,1,0,0,7700,1,600,2310,1,0,0,0,0,0,0,0,1,0,8.7,6.0
2021-12-18,1,0,0,2780,1,0,0,0,0,1,0,0,0,0,1,1,0,4.5,0.0
2021-12-19,0,0,0,0,0,0,0,0,0,0,1,0,0,0,1,1,0,4.3,0.0
2021-12-20,3,0,1,66460,4,0,13040,0,1,0,0,0,0,0,0,1,0,6.4,0.0
2021-12-21,2,0,0,32480,2,0,9300,0,0,0,0,0,1,0,0,0,0,8.2,0.0
2021-12-22,1,0,0,12700,1,0,3810,0,0,0,0,0,0,1,0,1,0,8.8,0.0
2021-12-23,1,0,0,2780,1,0,300,0,0,0,0,1,0,0,0,1,0,8.3,0.0
2021-12-24,0,0,0,0,0,0,0,1,0,0,0,0,0,0,0,1,0,8.0,0.5
2021-12-25,1,1,0,22400,2,0,4410,0,0,1,0,0,0,0,1,1,0,8.3,3.5
2021-12-26,3,0,0,26780,3,0,3300,0,0,0,1,0,0,0,1,1,0,3.5,0.0
2021-12-27,0,0,0,0,0,0,0,0,1,0,0,0,0,0,0,1,0,2.7,0.0
2021-12-28,1,0,0,2480,1,0,300,0,0,0,0,0,1,0,0,1,0,3.8,0.0
2021-12-29,0,0,0,0,0,0,0,0,0,0,0,0,0,1,0,1,0,4.2,0.0
2021-12-30,2,0,0,35200,2,0,600,0,0,0,0,1,0,0,0,0,0,6.5,0.0
2021-12-31,0,0,0,0,0,0,0,1,0,0,0,0,0,0,0,0,0,3.2,0.0
2022-01-01,4,0,3,92184,7,0,132600,0,0,1,0,0,0,0,1,1,0,3.4,0.0
2022-01-02,1,0,0,1984,1,0,0,0,0,0,1,0,0,0,1,1,0,3.5,0.0
2022-01-03,2,0,3,89380,5,0,173800,0,1,0,0,0,0,0,0,1,0,5.5,0.0
2022-01-04,1,0,0,2224,1,0,0,0,0,0,0,0,1,0,0,0,0,5.2,0.0
2022-01-05,0,0,0,0,0,0,0,0,0,0,0,0,0,1,0,1,0,4.1,0.0
2022-01-06,0,0,0,0,0,0,0,0,0,0,0,1,0,0,0,1,0,0.7,6.5
2022-01-07,0,0,1,7700,1,600,800,1,0,0,0,0,0,0,0,1,0,2.6,0.0
2022-01-08,0,0,0,0,0,0,0,0,0,1,0,0,0,0,1,1,0,4.5,0.0
2022-01-09,2,0,0,18210,2,0,4829,0,0,0,1,0,0,0,1,1,0,6.3,0.0
2022-01-10,4,2,1,101280,7,0,106404,0,1,0,0,0,0,0,1,1,1,7.7,0.0
2022-01-11,0,0,0,0,0,0,0,0,0,0,0,0,1,0,0,1,1,5.7,16.0
2022-01-12,1,0,1,25850,2,0,0,0,0,0,0,0,0,1,0,1,1,5.0,0.0
2022-01-13,1,0,0,16800,1,0,1000,0,0,0,0,1,0,0,0,1,1,5.7,0.0
2022-01-14,0,0,0,0,0,0,0,1,0,0,0,0,0,0,0,1,1,4.4,0.0
2022-01-15,2,0,0,45900,2,0,4000,0,0,1,0,0,0,0,1,1,1,5.5,0.0
2022-01-16,1,0,0,25080,1,0,0,0,0,0,1,0,0,0,1,1,1,5.4,0.0
2022-01-17,1,0,0,27500,1,0,8250,0,1,0,0,0,0,0,0,1,0,6.0,0.0
2022-01-18,1,0,0,18480,1,0,5544,0,0,0,0,0,1,0,0,1,0,4.4,0.0
2022-01-19,1,0,0,16500,1,0,4950,0,0,0,0,0,0,1,0,1,0,3.7,0.0
2022-01-20,2,0,1,32550,3,0,7445,0,0,0,0,1,0,0,0,0,0,3.4,0.0
2022-01-21,0,0,0,0,0,0,0,1,0,0,0,0,0,0,0,0,0,3.0,0.0
2022-01-22,0,0,1,34100,1,0,0,0,0,1,0,0,0,0,1,1,0,4.5,0.0
2022-01-23,1,0,0,16000,1,0,0,0,0,0,1,0,0,0,1,1,0,5.1,0.0
2022-01-24,0,0,0,0,0,0,0,0,1,0,0,0,0,0,0,1,0,6.4,0.0
2022-01-25,3,1,0,52130,4,600,12405,0,0,0,0,0,1,0,0,1,1,5.2,0.0
2022-01-26,0,0,0,0,0,0,0,0,0,0,0,0,0,1,0,1,1,5.5,0.0
2022-01-27,1,0,0,19800,1,0,0,0,0,0,0,1,0,0,0,1,1,6.8,0.0
2022-01-28,1,0,1,43660,2,0,13098,1,0,0,0,0,0,0,0,1,1,6.6,0.0
2022-01-29,2,1,0,32340,3,600,7592,0,0,1,0,0,0,0,1,1,0,5.9,0.0
2022-01-30,0,0,1,7150,1,600,2145,0,0,0,1,0,0,0,1,1,0,5.2,0.0
2022-01-31,1,0,0,22900,1,0,0,0,1,0,0,0,0,0,0,1,0,4.9,0.0
2022-02-01,0,1,1,48400,2,0,0,0,0,0,0,0,1,0,0,0,0,5.6,0.0
2022-02-02,0,0,0,0,0,0,0,0,0,0,0,0,0,1,0,0,0,5.5,0.0
2022-02-03,0,0,0,0,0,0,0,0,0,0,0,1,0,0,0,0,0,5.8,0.0
2022-02-04,0,0,3,69820,3,0,20946,1,0,0,0,0,0,0,0,0,0,4.9,0.0
2022-02-05,1,1,0,75100,2,0,19385,0,0,1,0,0,0,0,1,1,1,3.5,0.0
2022-02-06,1,0,1,17500,2,0,777,0,0,0,1,0,0,0,1,1,1,2.3,0.0
2022-02-07,0,0,0,0,0,0,0,0,1,0,0,0,0,0,0,1,1,4.5,0.0
2022-02-08,0,0,0,0,0,0,0,0,0,0,0,0,1,0,0,1,1,5.3,0.0
2022-02-09,1,0,1,36050,2,0,5115,0,0,0,0,0,0,1,0,1,1,6.2,0.0
2022-02-10,0,0,0,0,0,0,0,0,0,0,0,1,0,0,0,0,1,2.3,27.0
2022-02-11,0,0,1,26200,1,0,0,1,0,0,0,0,0,0,1,1,1,4.1,2.5
2022-02-12,1,0,0,2780,1,0,0,0,0,1,0,0,0,0,1,1,0,4.7,0.0
2022-02-13,0,0,0,0,0,0,0,0,0,0,1,0,0,0,1,1,0,3.1,22.5
2022-02-14,0,0,1,14520,1,0,0,0,1,0,0,0,0,0,0,1,0,3.9,3.5
2022-02-15,1,0,0,24800,1,0,0,0,0,0,0,0,1,0,0,1,0,5.5,0.0
2022-02-16,1,0,0,2480,1,0,0,0,0,0,0,0,0,1,0,1,0,6.0,0.0
2022-02-17,0,0,0,0,0,0,0,0,0,0,0,1,0,0,0,1,0,4.6,0.0
2022-02-18,1,0,0,2480,1,0,0,1,0,0,0,0,0,0,0,1,0,5.7,0.0
2022-02-19,0,0,0,0,0,0,0,0,0,1,0,0,0,0,1,1,0,5.0,6.5
2022-02-20,0,0,0,0,0,0,0,0,0,0,1,0,0,0,1,1,0,5.9,9.0
2022-02-21,0,0,0,0,0,0,0,0,1,0,0,0,0,0,0,1,0,4.1,0.0
2022-02-22,0,0,2,32450,2,0,6040,0,0,0,0,0,1,0,0,1,0,4.4,0.0
2022-02-23,1,0,1,22000,2,0,3300,0,0,0,0,0,0,1,1,1,0,4.4,0.0
2022-02-24,0,0,0,0,0,0,0,0,0,0,0,1,0,0,0,1,0,4.8,0.0
2022-02-25,0,0,0,0,0,0,0,1,0,0,0,0,0,0,0,1,0,6.5,0.0
2022-02-26,0,0,2,27720,2,600,6336,0,0,1,0,0,0,0,1,1,0,8.6,0.0
2022-02-27,0,0,0,0,0,0,0,0,0,0,1,0,0,0,1,1,0,9.5,0.0
2022-02-28,0,0,1,13200,1,0,3960,0,1,0,0,0,0,0,0,1,0,9.8,0.0
2022-03-01,0,0,0,0,0,0,0,0,0,0,0,0,1,0,0,1,0,11.0,0.0
2022-03-02,0,0,0,0,0,0,0,0,0,0,0,0,0,1,0,0,0,11.2,4.0
2022-03-03,0,0,0,0,0,0,0,0,0,0,0,1,0,0,0,0,0,9.5,0.0
2022-03-04,3,0,2,82726,5,0,3000,1,0,0,0,0,0,0,0,0,0,8.1,0.0
2022-03-05,1,1,0,15050,2,0,777,0,0,1,0,0,0,0,1,1,1,11.2,0.0
2022-03-06,4,0,2,62496,6,0,5777,0,0,0,1,0,0,0,1,1,1,8.1,0.0
2022-03-07,0,0,0,0,0,0,0,0,1,0,0,0,0,0,0,1,1,8.3,0.0
2022-03-08,0,0,1,19460,1,0,1000,0,0,0,0,0,1,0,0,1,1,6.3,0.5
2022-03-09,0,0,1,14000,1,0,1000,0,0,0,0,0,0,1,0,1,1,7.9,0.0
2022-03-10,1,2,0,40810,3,0,2000,0,0,0,0,1,0,0,0,0,1,9.0,0.0
2022-03-11,0,0,0,0,0,0,0,1,0,0,0,0,0,0,0,1,1,12.0,0.0
2022-03-12,0,0,0,0,0,0,0,0,0,1,0,0,0,0,1,1,0,14.6,0.0
2022-03-13,0,0,0,0,0,0,0,0,0,0,1,0,0,0,1,1,0,14.7,0.0
2022-03-14,0,0,1,7920,1,600,100,0,1,0,0,0,0,0,0,1,0,16.4,1.0
2022-03-15,0,0,0,0,0,0,0,0,0,0,0,0,1,0,0,1,0,12.7,0.0
2022-03-16,0,0,0,0,0,0,0,0,0,0,0,0,0,1,0,1,0,14.1,0.0
2022-03-17,0,0,0,0,0,0,0,0,0,0,0,1,0,0,0,1,0,14.1,0.0
2022-03-18,0,0,0,0,0,0,0,1,0,0,0,0,0,0,0,1,0,5.2,48.0
2022-03-19,0,0,0,0,0,0,0,0,0,1,0,0,0,0,1,1,0,10.1,22.0
2022-03-20,1,0,0,30800,1,0,1000,0,0,0,1,0,0,0,1,1,0,9.9,0.0
2022-03-21,0,0,1,18150,1,0,0,0,1,0,0,0,0,0,1,1,0,9.6,0.0
2022-03-22,2,0,0,30400,2,0,6450,0,0,0,0,0,1,0,0,1,1,3.7,18.0
2022-03-23,1,0,0,11000,1,0,0,0,0,0,0,0,0,1,0,1,1,5.2,1.0
2022-03-24,0,0,0,0,0,0,0,0,0,0,0,1,0,0,0,1,1,8.2,1.0
2022-03-25,0,0,0,0,0,0,0,1,0,0,0,0,0,0,0,1,1,12.2,0.0
2022-03-26,2,1,2,99540,5,600,15037,0,0,1,0,0,0,0,1,1,1,16.1,7.5
2022-03-27,1,0,2,61300,3,600,15750,0,0,0,1,0,0,0,1,1,1,16.2,0.5
2022-03-28,0,0,2,42350,2,0,0,0,1,0,0,0,0,0,0,1,1,13.5,0.0
2022-03-29,0,0,1,7480,1,600,0,0,0,0,0,0,1,0,0,1,0,10.2,0.0
2022-03-30,0,0,0,0,0,0,0,0,0,0,0,0,0,1,0,0,0,14.5,0.0
2022-03-31,0,0,0,0,0,0,0,0,0,0,0,1,0,0,0,0,0,15.1,7.0
2022-04-01,0,0,0,0,0,0,0,1,0,0,0,0,0,0,0,0,0,7.6,16.5
2022-04-02,0,0,0,0,0,0,0,0,0,1,0,0,0,0,1,1,0,8.5,0.0
2022-04-03,0,0,0,0,0,0,0,0,0,0,1,0,0,0,1,1,0,8.2,13.5
2022-04-04,0,2,0,35800,2,0,0,0,1,0,0,0,0,0,0,1,0,8.5,53.5
2022-04-05,0,0,0,0,0,0,0,0,0,0,0,0,1,0,0,1,0,12.6,1.5
2022-04-06,0,0,1,5500,1,600,0,0,0,0,0,0,0,1,0,1,0,15.5,0.0
2022-04-07,2,0,0,36080,2,0,770,0,0,0,0,1,0,0,0,1,0,14.3,0.0
2022-04-08,0,0,0,0,0,0,0,1,0,0,0,0,0,0,0,1,0,15.4,0.0
2022-04-09,0,0,0,0,0,0,0,0,0,1,0,0,0,0,1,1,0,17.2,0.0
2022-04-10,0,1,2,57600,3,0,10750,0,0,0,1,0,0,0,1,1,1,19.6,0.0
2022-04-11,0,0,1,6600,1,600,0,0,1,0,0,0,0,0,0,1,1,18.9,0.0
2022-04-12,0,1,1,51400,2,0,10600,0,0,0,0,0,1,0,0,1,1,20.0,0.0
2022-04-13,0,0,2,35500,2,600,8540,0,0,0,0,0,0,1,0,1,1,20.8,0.0
2022-04-14,0,0,0,0,0,0,0,0,0,0,0,1,0,0,0,1,1,12.3,4.0
2022-04-15,0,0,2,27600,2,0,16560,1,0,0,0,0,0,0,0,1,1,10.1,19.5
2022-04-16,0,0,3,36800,3,600,0,0,0,1,0,0,0,0,1,1,1,12.5,1.0
2022-04-17,1,0,0,10000,1,0,0,0,0,0,1,0,0,0,1,1,0,13.7,0.0
2022-04-18,0,0,0,0,0,0,0,0,1,0,0,0,0,0,0,1,0,14.3,28.5
2022-04-19,0,0,0,0,0,0,0,0,0,0,0,0,1,0,0,1,0,15.3,1.0
2022-04-20,0,0,1,15000,1,0,0,0,0,0,0,0,0,1,0,0,0,12.2,1.5
2022-04-21,0,0,0,0,0,0,0,0,0,0,0,1,0,0,0,0,0,16.4,8.5
2022-04-22,0,0,0,0,0,0,0,1,0,0,0,0,0,0,0,1,0,19.2,29.0
2022-04-23,0,0,1,8500,1,0,0,0,0,1,0,0,0,0,1,1,0,20.8,0.0
2022-04-24,0,0,0,0,0,0,0,0,0,0,1,0,0,0,1,1,1,17.3,3.5
2022-04-25,0,0,1,13200,1,0,660,0,1,0,0,0,0,0,0,1,1,19.9,0.0
2022-04-26,0,0,1,27500,1,0,8250,0,0,0,0,0,1,0,0,1,1,21.3,2.5
2022-04-27,0,0,2,25900,2,0,15540,0,0,0,0,0,0,1,0,1,1,23.0,0.5
2022-04-28,0,0,1,14080,1,0,0,0,0,0,0,1,0,0,0,1,1,16.9,0.0
2022-04-29,0,0,0,0,0,0,0,1,0,0,0,0,0,0,1,1,0,12.9,40.0
2022-04-30,0,0,0,0,0,0,0,0,0,1,0,0,0,0,1,1,0,12.6,0.0
2022-05-01,0,0,0,0,0,0,0,0,0,0,1,0,0,0,1,1,0,12.7,12.0
2022-05-02,0,0,1,12650,1,0,0,0,1,0,0,0,0,0,0,1,0,13.3,1.0
2022-05-03,0,0,0,0,0,0,0,0,0,0,0,0,1,0,1,1,0,15.2,0.0
2022-05-04,0,0,0,0,0,0,0,0,0,0,0,0,0,1,1,1,0,17.9,0.0
2022-05-05,0,0,0,0,0,0,0,0,0,0,0,1,0,0,1,1,0,19.8,0.0
2022-05-06,0,0,0,0,0,0,0,1,0,0,0,0,0,0,0,1,0,19.5,0.0
2022-05-07,0,0,1,8500,1,0,1000,0,0,1,0,0,0,0,1,1,0,18.5,7.5
2022-05-08,0,0,0,0,0,0,0,0,0,0,1,0,0,0,1,1,0,18.3,0.0
2022-05-09,0,0,0,0,0,0,0,0,1,0,0,0,0,0,0,1,0,14.1,8.0
2022-05-10,0,0,2,34550,2,0,1000,0,0,0,0,0,1,0,0,1,1,16.5,0.5
2022-05-11,0,0,0,0,0,0,0,0,0,0,0,0,0,1,0,1,1,18.7,0.0
2022-05-12,0,1,1,31350,2,0,0,0,0,0,0,1,0,0,0,1,1,19.4,2.0
2022-05-13,0,0,0,0,0,0,0,1,0,0,0,0,0,0,0,1,1,18.8,28.5
2022-05-14,0,0,0,0,0,0,0,0,0,1,0,0,0,0,1,1,1,21.8,9.5
2022-05-15,1,1,2,46350,4,1200,0,0,0,0,1,0,0,0,1,1,1,17.5,1.0
2022-05-16,0,1,0,5000,1,600,0,0,1,0,0,0,0,0,0,1,1,14.5,7.5
2022-05-17,1,1,2,30611,4,1800,0,0,0,0,0,0,1,0,0,1,0,15.7,0.5
2022-05-18,2,0,2,50100,4,600,0,0,0,0,0,0,0,1,0,1,0,18.8,0.0
2022-05-19,1,0,2,28100,3,1200,0,0,0,0,0,1,0,0,0,1,0,20.5,0.0
2022-05-20,0,0,0,0,0,0,0,1,0,0,0,0,0,0,0,1,0,21.2,0.0
2022-05-21,1,0,1,39800,2,0,0,0,0,1,0,0,0,0,1,1,0,18.2,39.5
2022-05-22,0,0,2,21100,2,600,0,0,0,0,1,0,0,0,1,1,0,19.0,1.5
2022-05-23,2,1,0,38210,3,600,2500,0,1,0,0,0,0,0,0,1,0,19.6,0.5
2022-05-24,0,0,0,0,0,0,0,0,0,0,0,0,1,0,0,1,1,20.9,0.0
2022-05-25,0,0,0,0,0,0,0,0,0,0,0,0,0,1,0,1,1,21.8,0.0
2022-05-26,1,0,0,6300,1,600,200,0,0,0,0,1,0,0,0,1,1,21.6,0.0
2022-05-27,1,0,0,6000,1,600,0,1,0,0,0,0,0,0,0,1,1,21.0,59.5
2022-05-28,0,0,1,7800,1,0,0,0,0,1,0,0,0,0,1,1,1,22.4,0.0
2022-05-29,0,0,2,5994,2,1200,200,0,0,0,1,0,0,0,1,1,1,24.1,0.0
2022-05-30,0,0,1,7920,1,600,0,0,1,0,0,0,0,0,0,1,1,22.3,0.0
2022-05-31,0,0,1,11330,1,0,200,0,0,0,0,0,1,0,0,1,0,18.7,19.0
2022-06-01,0,0,3,34900,3,1200,0,0,0,0,0,0,0,1,0,1,0,21.8,0.0
2022-06-02,1,0,0,24800,1,0,0,0,0,0,0,1,0,0,0,1,0,22.5,0.0
2022-06-03,0,1,1,11720,2,1200,0,1,0,0,0,0,0,0,0,1,0,20.6,5.0
2022-06-04,0,2,7,130309,9,1200,12000,0,0,1,0,0,0,0,1,1,0,20.3,0.0
2022-06-05,1,1,1,32300,3,600,777,0,0,0,1,0,0,0,1,1,1,21.5,0.0
2022-06-06,3,1,2,79310,6,0,23152,0,1,0,0,0,0,0,0,1,1,16.6,43.5
2022-06-07,3,1,1,30568,5,600,3200,0,0,0,0,0,1,0,0,1,1,16.8,3.5
2022-06-08,1,0,1,17970,2,600,1000,0,0,0,0,0,0,1,0,1,1,17.2,0.0
2022-06-09,1,1,2,48530,4,600,25830,0,0,0,0,1,0,0,0,1,1,19.1,0.0
2022-06-10,1,1,2,33830,4,0,777,1,0,0,0,0,0,0,0,0,1,21.2,0.0
2022-06-11,0,1,0,4210,1,600,200,0,0,1,0,0,0,0,1,1,1,21.9,0.5
2022-06-12,0,0,2,9699,2,1200,100,0,0,0,1,0,0,0,1,1,0,21.4,0.5
2022-06-13,0,0,1,4980,1,600,0,0,1,0,0,0,0,0,0,1,0,21.2,0.0
2022-06-14,0,0,1,12810,1,0,0,0,0,0,0,0,1,0,0,1,0,17.3,0.5
2022-06-15,0,0,1,8800,1,600,0,0,0,0,0,0,0,1,0,1,0,16.9,3.0
2022-06-16,0,0,0,0,0,0,0,0,0,0,0,1,0,0,0,1,0,20.3,0.0
2022-06-17,0,0,0,0,0,0,0,1,0,0,0,0,0,0,0,1,0,22.8,0.0
2022-06-18,0,0,0,0,0,0,0,0,0,1,0,0,0,0,1,1,0,22.7,2.5
2022-06-19,0,0,2,12551,2,1200,400,0,0,0,1,0,0,0,1,1,0,24.0,0.0
2022-06-20,0,0,2,18500,2,600,100,0,1,0,0,0,0,0,0,1,0,25.1,0.0
2022-06-21,0,0,1,16280,1,0,0,0,0,0,0,0,1,0,0,0,0,25.2,0.5
2022-06-22,0,0,0,0,0,0,0,0,0,0,0,0,0,1,0,1,0,23.8,4.5
2022-06-23,0,0,4,69300,4,600,25500,0,0,0,0,1,0,0,0,1,1,23.5,0.0
2022-06-24,0,1,2,35290,3,600,0,1,0,0,0,0,0,0,0,1,1,27.5,0.0
2022-06-25,0,0,4,68401,4,600,0,0,0,1,0,0,0,0,1,1,1,30.0,0.0
2022-06-26,0,0,1,19000,1,0,0,0,0,0,1,0,0,0,1,1,1,29.6,0.0
2022-06-27,0,0,1,6800,1,600,200,0,1,0,0,0,0,0,0,1,1,29.5,0.0
2022-06-28,0,0,0,0,0,0,0,0,0,0,0,0,1,0,0,1,0,29.2,0.0
2022-06-29,0,0,3,26290,3,1200,100,0,0,0,0,0,0,1,0,1,0,29.4,0.0
2022-06-30,0,1,2,23090,3,1200,0,0,0,0,0,1,0,0,0,0,0,30.8,0.0
2022-07-01,0,0,1,11800,1,0,400,1,0,0,0,0,0,0,0,0,0,30.4,0.0
2022-07-02,0,0,0,0,0,0,0,0,0,1,0,0,0,0,1,1,0,29.5,0.0
2022-07-03,1,0,1,14451,2,600,200,0,0,0,1,0,0,0,1,1,0,28.9,0.0
2022-07-04,0,0,0,0,0,0,0,0,1,0,0,0,0,0,0,1,0,26.5,3.5
2022-07-05,1,0,0,14300,1,0,715,0,0,0,0,0,1,0,0,1,1,26.2,2.0
2022-07-06,0,0,1,12800,1,0,100,0,0,0,0,0,0,1,0,1,1,26.0,0.0
2022-07-07,0,0,2,33600,2,0,20160,0,0,0,0,1,0,0,0,1,1,25.5,0.0
2022-07-08,1,0,1,65000,2,0,19500,1,0,0,0,0,0,0,0,1,1,26.0,0.0
2022-07-09,0,0,2,26730,2,0,0,0,0,1,0,0,0,0,1,1,1,26.6,0.0
2022-07-10,2,0,1,26500,3,600,1300,0,0,0,1,0,0,0,1,1,1,27.4,0.0
2022-07-11,1,0,2,27009,3,1200,400,0,1,0,0,0,0,0,0,1,1,28.1,0.0
2022-07-12,0,0,0,0,0,0,0,0,0,0,0,0,1,0,0,1,0,25.9,32.0
2022-07-13,0,0,0,0,0,0,0,0,0,0,0,0,0,1,0,1,0,23.7,53.0
2022-07-14,0,0,0,0,0,0,0,0,0,0,0,1,0,0,0,1,0,23.8,22.5
2022-07-15,0,0,2,26150,2,0,908,1,0,0,0,0,0,0,0,1,0,23.8,61.5
2022-07-16,0,0,2,10799,2,1200,300,0,0,1,0,0,0,0,1,1,0,23.5,9.0
2022-07-17,0,0,2,31830,2,0,1000,0,0,0,1,0,0,0,1,1,0,25.4,1.5
2022-07-18,1,0,6,98395,7,1200,2940,0,1,0,0,0,0,0,1,1,0,27.5,0.0
2022-07-19,0,0,1,7480,1,600,0,0,0,0,0,0,1,0,0,1,0,27.4,0.0
2022-07-20,0,1,3,69580,4,0,12150,0,0,0,0,0,0,1,0,0,1,29.7,0.0
2022-07-21,0,0,0,0,0,0,0,0,0,0,0,1,0,0,0,0,1,28.1,0.0
2022-07-22,1,0,3,35001,4,600,0,1,0,0,0,0,0,0,0,1,1,28.3,1.5
2022-07-23,0,1,1,13599,2,1200,0,0,0,1,0,0,0,0,1,1,1,28.7,0.0
2022-07-24,0,0,0,0,0,0,0,0,0,0,1,0,0,0,1,1,1,28.3,0.0
2022-07-25,0,0,3,64500,3,0,10940,0,1,0,0,0,0,0,0,1,1,29.2,0.0
2022-07-26,0,1,1,22580,2,600,0,0,0,0,0,0,1,0,0,1,1,26.6,45.5
2022-07-27,0,0,1,14080,1,0,0,0,0,0,0,0,0,1,0,1,0,29.4,0.0
2022-07-28,0,0,0,0,0,0,0,0,0,0,0,1,0,0,0,1,0,28.8,1.0
2022-07-29,0,0,0,0,0,0,0,1,0,0,0,0,0,0,0,1,0,29.1,0.0
2022-07-30,0,1,0,30140,1,0,1000,0,0,1,0,0,0,0,1,1,0,29.9,0.0
2022-07-31,0,0,1,8800,1,600,1500,0,0,0,1,0,0,0,1,1,0,30.8,0.0
2022-08-01,0,0,1,8400,1,0,0,0,1,0,0,0,0,0,0,1,0,30.6,0.0
2022-08-02,0,0,0,0,0,0,0,0,0,0,0,0,1,0,0,0,0,31.6,0.0
2022-08-03,0,0,0,0,0,0,0,0,0,0,0,0,0,1,0,0,0,31.5,0.0
2022-08-04,0,0,2,31600,2,0,1000,0,0,0,0,1,0,0,0,0,0,24.6,18.0
2022-08-05,0,2,2,70800,4,0,30877,1,0,0,0,0,0,0,0,1,1,23.8,0.0
2022-08-06,0,0,0,0,0,0,0,0,0,1,0,0,0,0,1,1,1,25.2,0.0
2022-08-07,0,0,4,53345,4,600,17840,0,0,0,1,0,0,0,1,1,1,27.6,0.0
2022-08-08,0,0,0,0,0,0,0,0,1,0,0,0,0,0,0,1,1,29.8,0.0
2022-08-09,0,1,0,7000,1,0,0,0,0,0,0,0,1,0,0,1,1,30.9,0.0
2022-08-10,0,0,0,0,0,0,0,0,0,0,0,0,0,1,0,0,1,30.5,0.0
2022-08-11,0,0,0,0,0,0,0,0,0,0,0,1,0,0,1,1,1,29.5,0.0
2022-08-12,0,0,1,5480,1,600,0,1,0,0,0,0,0,0,0,1,0,28.3,2.0
2022-08-13,0,1,0,5199,1,600,200,0,0,1,0,0,0,0,1,1,0,25.5,47.5
2022-08-14,0,2,0,8795,2,1200,0,0,0,0,1,0,0,0,1,1,0,28.2,0.0
2022-08-15,1,0,0,17400,1,0,0,0,1,0,0,0,0,0,0,1,0,29.4,0.0
2022-08-16,0,0,0,0,0,0,0,0,0,0,0,0,1,0,0,1,0,31.0,0.0
2022-08-17,0,0,3,66200,3,600,0,0,0,0,0,0,0,1,0,1,0,27.3,5.0
2022-08-18,0,1,0,24000,1,0,0,0,0,0,0,1,0,0,0,1,0,26.8,13.0
2022-08-19,0,0,0,0,0,0,0,1,0,0,0,0,0,0,0,1,0,27.5,0.0
2022-08-20,0,0,0,0,0,0,0,0,0,1,0,0,0,0,1,1,0,26.4,1.5
2022-08-21,1,0,1,16380,2,0,0,0,0,0,1,0,0,0,1,1,0,26.0,1.0
2022-08-22,0,0,0,0,0,0,0,0,1,0,0,0,0,0,0,1,0,26.2,0.0
2022-08-23,0,0,0,0,0,0,0,0,0,0,0,0,1,0,0,1,0,28.7,0.0
2022-08-24,0,0,1,8580,1,600,0,0,0,0,0,0,0,1,0,1,0,27.8,2.0
2022-08-25,0,0,0,0,0,0,0,0,0,0,0,1,0,0,0,1,0,25.7,0.0
2022-08-26,0,0,0,0,0,0,0,1,0,0,0,0,0,0,0,1,0,27.0,3.5
2022-08-27,0,2,1,33100,3,600,860,0,0,1,0,0,0,0,1,1,0,29.0,0.0
2022-08-28,0,0,1,4210,1,600,0,0,0,0,1,0,0,0,1,1,0,23.7,5.0
2022-08-29,0,0,0,0,0,0,0,0,1,0,0,0,0,0,0,1,0,23.3,0.5
2022-08-30,0,0,1,12810,1,0,0,0,0,0,0,0,1,0,0,0,0,22.8,5.0
2022-08-31,0,0,1,5210,1,600,0,0,0,0,0,0,0,1,0,0,0,27.1,1.0
2022-09-01,1,0,0,12800,1,0,0,0,0,0,0,1,0,0,0,0,0,27.1,23.0
2022-09-02,0,0,0,0,0,0,0,1,0,0,0,0,0,0,0,0,0,23.2,15.0
2022-09-03,0,0,0,0,0,0,0,0,0,1,0,0,0,0,1,1,0,24.6,0.0
2022-09-04,3,3,2,80124,8,600,3000,0,0,0,1,0,0,0,1,1,0,26.1,0.0
2022-09-05,2,0,2,49362,4,0,1908,0,1,0,0,0,0,0,0,1,1,26.6,0.0
2022-09-06,0,0,1,5040,1,0,0,0,0,0,0,0,1,0,0,1,1,27.8,0.0
2022-09-07,2,2,0,53940,4,0,1000,0,0,0,0,0,0,1,0,1,1,26.8,6.0
2022-09-08,0,0,2,33250,2,0,3000,0,0,0,0,1,0,0,0,1,1,23.5,1.0
2022-09-09,0,0,0,0,0,0,0,1,0,0,0,0,0,0,0,1,1,24.5,0.5
2022-09-10,2,1,0,23932,3,0,4000,0,0,1,0,0,0,0,1,1,1,25.3,0.0
2022-09-11,1,0,1,25900,2,600,0,0,0,0,1,0,0,0,1,1,1,24.4,0.0
2022-09-12,1,0,1,35399,2,0,1500,0,1,0,0,0,0,0,0,1,0,25.8,1.5
2022-09-13,0,0,0,0,0,0,0,0,0,0,0,0,1,0,0,1,0,26.1,0.0
2022-09-14,0,0,0,0,0,0,0,0,0,0,0,0,0,1,0,1,0,26.7,0.0
2022-09-15,0,0,0,0,0,0,0,0,0,0,0,1,0,0,0,1,0,23.6,0.0
2022-09-16,0,1,0,8500,1,0,0,1,0,0,0,0,0,0,0,1,0,25.1,0.0
2022-09-17,1,0,1,15470,2,1200,0,0,0,1,0,0,0,0,1,1,0,26.9,0.0
2022-09-18,0,0,2,34599,2,600,0,0,0,0,1,0,0,0,1,1,0,25.2,72.5
2022-09-19,3,0,3,65179,6,600,13880,0,1,0,0,0,0,0,1,1,0,27.1,18.5
2022-09-20,0,0,2,48950,2,0,7260,0,0,0,0,0,1,0,0,0,1,22.3,50.0
2022-09-21,3,0,0,9840,3,0,2500,0,0,0,0,0,0,1,0,0,1,19.5,0.0
2022-09-22,1,1,0,29710,2,600,7650,0,0,0,0,1,0,0,0,1,1,20.3,0.0
2022-09-23,2,0,1,61611,3,0,6840,1,0,0,0,0,0,0,1,1,1,21.7,9.5
2022-09-24,0,0,0,0,0,0,0,0,0,1,0,0,0,0,1,1,1,23.1,112.5
2022-09-25,1,1,0,18880,2,0,771,0,0,0,1,0,0,0,1,1,0,22.9,0.0
2022-09-26,0,0,0,0,0,0,0,0,1,0,0,0,0,0,0,1,0,23.3,0.0
2022-09-27,0,0,0,0,0,0,0,0,0,0,0,0,1,0,0,1,0,23.2,0.0
2022-09-28,0,0,0,0,0,0,0,0,0,0,0,0,0,1,0,1,0,22.8,0.0
2022-09-29,1,0,0,11000,1,0,0,0,0,0,0,1,0,0,0,1,0,22.4,0.0
2022-09-30,0,0,2,35400,2,0,0,1,0,0,0,0,0,0,0,0,0,23.2,0.0
2022-10-01,1,0,0,12800,1,0,0,0,0,1,0,0,0,0,1,1,0,23.6,0.0
2022-10-02,0,1,0,7999,1,600,200,0,0,0,1,0,0,0,1,1,0,23.5,0.0
2022-10-03,1,0,1,17699,2,1200,300,0,1,0,0,0,0,0,0,1,0,23.0,0.0
2022-10-04,1,0,1,25280,2,600,0,0,0,0,0,0,1,0,0,0,0,25.2,0.0
2022-10-05,4,1,2,155220,7,0,58281,0,0,0,0,0,0,1,0,1,1,19.8,14.0
2022-10-06,0,0,0,0,0,0,0,0,0,0,0,1,0,0,0,1,1,13.1,9.0
2022-10-07,0,0,2,36000,2,600,8490,1,0,0,0,0,0,0,0,1,1,12.4,53.0
2022-10-08,0,2,1,104300,3,0,1000,0,0,1,0,0,0,0,1,1,1,16.1,0.0
2022-10-09,1,0,0,21000,1,0,2000,0,0,0,1,0,0,0,1,1,1,17.0,7.5
2022-10-10,5,1,2,105886,8,1800,20780,0,1,0,0,0,0,0,1,1,1,18.1,9.0
2022-10-11,1,0,0,11300,1,0,1000,0,0,0,0,0,1,0,0,1,1,21.6,0.0
2022-10-12,0,0,0,0,0,0,0,0,0,0,0,0,0,1,0,1,0,18.5,0.0
2022-10-13,0,0,0,0,0,0,0,0,0,0,0,1,0,0,0,1,0,15.8,9.5
2022-10-14,1,0,0,3280,1,0,500,1,0,0,0,0,0,0,0,1,0,17.9,5.0
2022-10-15,3,0,1,28880,4,1200,1700,0,0,1,0,0,0,0,1,1,0,20.2,0.0
2022-10-16,1,1,1,25600,3,600,200,0,0,0,1,0,0,0,1,1,0,20.0,0.0
2022-10-17,3,0,0,50700,3,600,1000,0,1,0,0,0,0,0,0,1,0,20.1,1.5
2022-10-18,1,0,0,9800,1,0,0,0,0,0,0,0,1,0,0,1,0,16.2,4.0
2022-10-19,2,0,0,26130,2,600,0,0,0,0,0,0,0,1,0,1,0,14.6,1.5
2022-10-20,3,1,0,27280,4,600,2000,0,0,0,0,1,0,0,0,0,0,14.7,0.0
2022-10-21,1,1,0,11999,2,1200,0,1,0,0,0,0,0,0,0,0,0,16.7,0.0
2022-10-22,2,0,2,84750,4,1200,1500,0,0,1,0,0,0,0,1,1,0,16.6,0.0
2022-10-23,2,0,0,6560,2,0,1000,0,0,0,1,0,0,0,1,1,0,18.2,0.0
2022-10-24,1,1,1,33290,3,0,641,0,1,0,0,0,0,0,0,1,0,13.3,0.0
2022-10-25,4,1,0,31359,5,1200,700,0,0,0,0,0,1,0,0,1,0,12.8,1.0
2022-10-26,1,1,1,41319,3,600,790,0,0,0,0,0,0,1,0,1,0,13.8,3.0
2022-10-27,0,0,0,0,0,0,0,0,0,0,0,1,0,0,0,1,0,12.8,0.0
2022-10-28,3,0,0,14260,3,1200,500,1,0,0,0,0,0,0,0,1,0,13.5,0.0
2022-10-29,0,0,0,0,0,0,0,0,0,1,0,0,0,0,1,1,0,15.8,0.0
2022-10-30,2,1,0,12760,3,600,500,0,0,0,1,0,0,0,1,1,0,13.8,0.0
2022-10-31,2,1,0,27089,3,1200,200,0,1,0,0,0,0,0,0,1,0,14.7,0.0
2022-11-01,2,0,2,43230,4,600,0,0,0,0,0,0,1,0,0,0,0,14.8,0.0
2022-11-02,1,0,0,20000,1,0,0,0,0,0,0,0,0,1,0,0,0,16.7,0.0
2022-11-03,2,0,0,22800,2,0,0,0,0,0,0,1,0,0,1,0,0,17.8,0.0
2022-11-04,0,1,0,12800,1,0,0,1,0,0,0,0,0,0,0,0,0,15.5,0.0
2022-11-05,5,1,2,79230,8,600,24914,0,0,1,0,0,0,0,1,1,1,14.0,0.0
2022-11-06,1,0,0,9801,1,600,200,0,0,0,1,0,0,0,1,1,1,13.5,0.0
2022-11-07,4,0,0,59870,4,600,17160,0,1,0,0,0,0,0,0,1,1,13.7,0.0
2022-11-08,3,0,1,36300,4,1200,2000,0,0,0,0,0,1,0,0,1,1,15.9,0.0
2022-11-09,2,1,2,36169,5,1200,1000,0,0,0,0,0,0,1,0,1,1,14.6,0.0
2022-11-10,0,0,1,5500,1,600,0,0,0,0,0,1,0,0,0,0,1,15.2,0.0
2022-11-11,1,1,0,22110,2,0,0,1,0,0,0,0,0,0,0,1,1,16.1,0.0
2022-11-12,2,0,0,6560,2,0,1000,0,0,1,0,0,0,0,1,1,0,16.6,0.0
2022-11-13,2,0,0,21080,2,600,0,0,0,0,1,0,0,0,1,1,0,18.0,0.5
2022-11-14,0,0,0,0,0,0,0,0,1,0,0,0,0,0,0,1,0,16.1,0.0
2022-11-15,1,0,0,7000,1,600,0,0,0,0,0,0,1,0,0,1,0,11.1,6.0
2022-11-16,1,0,0,12900,1,0,0,0,0,0,0,0,0,1,0,1,0,12.4,0.0
2022-11-17,1,1,0,23010,2,0,0,0,0,0,0,1,0,0,0,1,0,12.8,0.0
2022-11-18,1,0,0,3280,1,0,500,1,0,0,0,0,0,0,0,1,0,13.2,0.0
2022-11-19,1,0,0,6600,1,600,0,0,0,1,0,0,0,0,1,1,0,13.7,0.0
2022-11-20,3,0,0,50080,3,0,500,0,0,0,1,0,0,0,1,1,0,11.6,6.0
2022-11-21,0,0,0,0,0,0,0,0,1,0,0,0,0,0,0,1,0,13.4,3.0
2022-11-22,1,1,1,25350,3,600,5124,0,0,0,0,0,1,0,0,1,0,15.4,0.0
2022-11-23,4,0,1,79800,5,0,23940,0,0,0,0,0,0,1,1,1,0,11.7,42.0
2022-11-24,2,1,0,22350,3,600,0,0,0,0,0,1,0,0,0,1,0,15.3,0.5
2022-11-25,1,1,0,8880,2,600,0,1,0,0,0,0,0,0,0,1,0,13.5,0.5
2022-11-26,0,1,0,5299,1,600,0,0,0,1,0,0,0,0,1,1,0,12.7,1.0
2022-11-27,1,0,1,20000,2,0,0,0,0,0,1,0,0,0,1,1,0,14.4,0.0
2022-11-28,3,1,0,19870,4,0,2490,0,1,0,0,0,0,0,0,1,0,11.7,0.0
2022-11-29,0,0,0,0,0,0,0,0,0,0,0,0,1,0,0,1,0,16.7,10.5
2022-11-30,1,0,0,15400,1,0,1000,0,0,0,0,0,0,1,0,0,0,16.6,32.5
2022-12-01,0,0,0,0,0,0,0,0,0,0,0,1,0,0,0,0,0,10.1,0.5
2022-12-02,0,0,0,0,0,0,0,1,0,0,0,0,0,0,0,0,0,9.4,0.0
2022-12-03,3,0,0,26779,3,600,200,0,0,1,0,0,0,0,1,1,0,7.8,0.0
2022-12-04,22,2,8,269090,32,600,32322,0,0,0,1,0,0,0,1,1,0,10.2,0.0
2022-12-05,15,3,3,211079,21,600,18585,0,1,0,0,0,0,0,0,1,1,7.6,19.5
2022-12-06,4,0,1,44110,5,600,3777,0,0,0,0,0,1,0,0,1,1,6.1,9.5
2022-12-07,3,0,0,52300,3,0,2000,0,0,0,0,0,0,1,0,1,1,8.5,0.0
2022-12-08,4,0,1,109400,5,0,7900,0,0,0,0,1,0,0,0,1,1,9.3,0.0
2022-12-09,3,0,0,17060,3,0,3000,1,0,0,0,0,0,0,0,1,1,9.3,0.0
2022-12-10,12,2,7,142725,21,1800,25030,0,0,1,0,0,0,0,1,1,1,10.4,0.0
2022-12-11,0,0,1,12880,1,0,1000,0,0,0,1,0,0,0,1,1,1,9.5,0.0
2022-12-12,1,0,1,18751,2,600,640,0,1,0,0,0,0,0,0,1,0,8.2,0.0
2022-12-13,1,0,0,6210,1,600,311,0,0,0,0,0,1,0,0,1,0,7.2,3.5
2022-12-14,2,0,0,29040,2,0,0,0,0,0,0,0,0,1,0,1,0,9.2,0.0
2022-12-15,3,0,0,44300,3,600,0,0,0,0,0,1,0,0,0,1,0,7.0,0.0
2022-12-16,0,0,0,0,0,0,0,1,0,0,0,0,0,0,0,1,0,8.2,0.0
2022-12-17,1,0,0,10800,1,0,0,0,0,1,0,0,0,0,1,1,0,6.7,3.5
2022-12-18,2,0,0,30350,2,0,578,0,0,0,1,0,0,0,1,1,0,6.5,2.5
2022-12-19,0,0,1,12900,1,0,0,0,1,0,0,0,0,0,0,1,0,4.9,0.0
2022-12-20,1,0,0,3980,1,0,0,0,0,0,0,0,1,0,0,0,0,5.4,0.0
2022-12-21,0,0,0,0,0,0,0,0,0,0,0,0,0,1,0,0,0,6.5,0.0
2022-12-22,4,0,1,53429,5,1800,0,0,0,0,0,1,0,0,0,1,0,7.2,17.5
2022-12-23,0,1,0,15180,1,0,759,1,0,0,0,0,0,0,0,1,0,5.4,0.0
2022-12-24,3,2,3,53499,8,600,111,0,0,1,0,0,0,0,1,1,0,6.2,0.0
2022-12-25,1,0,0,5500,1,0,0,0,0,0,1,0,0,0,1,1,0,6.9,0.0
2022-12-26,2,0,0,15386,2,600,111,0,1,0,0,0,0,0,0,1,0,6.3,0.0
2022-12-27,1,0,0,11000,1,0,0,0,0,0,0,0,1,0,0,1,0,6.8,0.0
2022-12-28,8,1,3,97275,12,0,1050,0,0,0,0,0,0,1,0,1,0,6.5,0.0
2022-12-29,1,0,1,13600,2,600,200,0,0,0,0,1,0,0,0,1,0,8.1,0.0
2022-12-30,1,0,3,45750,4,0,0,1,0,0,0,0,0,0,0,0,0,6.6,0.0
2022-12-31,3,0,1,32090,4,1800,0,0,0,1,0,0,0,0,1,1,0,5.7,0.0
2023-01-01,1,1,1,27750,3,0,0,0,0,0,1,0,0,0,1,1,0,6.6,0.0
2023-01-02,2,1,0,44400,3,0,1000,0,1,0,0,0,0,0,1,1,0,6.2,0.0
2023-01-03,3,1,1,31720,5,0,0,0,0,0,0,0,1,0,0,0,0,5.8,0.0
2023-01-04,0,0,1,11000,1,0,0,0,0,0,0,0,0,1,0,0,0,5.6,0.0
2023-01-05,1,0,6,82460,7,0,3400,0,0,0,0,1,0,0,0,1,0,5.9,0.0
2023-01-06,2,0,4,48160,6,1200,4395,1,0,0,0,0,0,0,0,1,0,5.3,0.0
2023-01-07,1,0,3,31940,4,0,0,0,0,1,0,0,0,0,1,1,0,6.0,0.0
2023-01-08,1,0,0,16250,1,0,0,0,0,0,1,0,0,0,1,1,0,7.0,0.0
2023-01-09,4,0,1,57915,5,0,4700,0,1,0,0,0,0,0,1,1,0,8.0,0.0
2023-01-10,8,2,2,116850,12,0,51221,0,0,0,0,0,1,0,0,0,1,6.3,0.0
2023-01-11,3,1,1,70950,5,0,64440,0,0,0,0,0,0,1,0,1,1,5.4,0.0
2023-01-12,0,1,0,26800,1,0,8040,0,0,0,0,1,0,0,0,1,1,6.1,0.0
2023-01-13,1,0,0,7500,1,0,0,1,0,0,0,0,0,0,0,1,1,8.7,0.0
2023-01-14,1,0,2,25600,3,1200,0,0,0,1,0,0,0,0,1,1,1,9.5,1.5
2023-01-15,0,1,1,38400,2,0,23040,0,0,0,1,0,0,0,1,1,1,10.3,3.0
2023-01-16,0,0,2,10800,2,1200,200,0,1,0,0,0,0,0,0,1,1,6.3,8.0
2023-01-17,0,0,0,0,0,0,0,0,0,0,0,0,1,0,0,1,0,4.7,1.5
2023-01-18,1,0,0,16800,1,0,0,0,0,0,0,0,0,1,0,1,0,7.3,0.0
2023-01-19,2,0,1,22670,3,600,2198,0,0,0,0,1,0,0,0,1,0,6.3,0.0
2023-01-20,2,0,0,42480,2,0,19250,1,0,0,0,0,0,0,0,0,0,7.6,0.5
2023-01-21,1,2,0,58500,3,0,87750,0,0,1,0,0,0,0,1,1,0,5.6,0.0
2023-01-22,3,2,1,74701,6,2400,44200,0,0,0,1,0,0,0,1,1,0,4.9,0.0
2023-01-23,2,1,2,87660,5,600,0,0,1,0,0,0,0,0,0,1,0,4.5,0.5
2023-01-24,2,1,0,92300,3,0,68300,0,0,0,0,0,1,0,0,1,0,4.7,0.5
2023-01-25,0,3,0,102300,3,0,72300,0,0,0,0,0,0,1,0,1,1,-0.3,0.0
2023-01-26,0,1,2,53800,3,0,43000,0,0,0,0,1,0,0,0,1,1,3.0,0.0
2023-01-27,4,0,2,89780,6,600,92200,1,0,0,0,0,0,0,0,1,1,3.8,0.0
2023-01-28,2,2,0,60380,4,0,32857,0,0,1,0,0,0,0,1,1,1,3.7,0.0
2023-01-29,0,1,0,6200,1,600,0,0,0,0,1,0,0,0,1,1,0,3.4,0.0
2023-01-30,2,0,0,35220,2,0,0,0,1,0,0,0,0,0,0,1,0,4.2,0.0
2023-01-31,0,0,0,0,0,0,0,0,0,0,0,0,1,0,0,0,0,4.6,0.0
2023-02-01,2,0,1,59800,3,0,12240,0,0,0,0,0,0,1,0,0,0,6.8,0.0
2023-02-02,1,1,1,54000,3,0,16200,0,0,0,0,1,0,0,0,0,0,6.4,0.0
2023-02-03,0,0,0,0,0,0,0,1,0,0,0,0,0,0,0,0,0,4.8,0.0
2023-02-04,0,0,0,0,0,0,0,0,0,1,0,0,0,0,1,1,0,6.5,0.0
2023-02-05,1,2,0,37801,3,600,3181,0,0,0,1,0,0,0,1,1,1,6.8,0.0
2023-02-06,0,0,0,0,0,0,0,0,1,0,0,0,0,0,0,1,1,7.8,0.0
2023-02-07,0,0,0,0,0,0,0,0,0,0,0,0,1,0,0,1,1,10.5,0.0
2023-02-08,1,0,0,7480,1,600,0,0,0,0,0,0,0,1,0,1,1,8.7,0.0
2023-02-09,0,0,0,0,0,0,0,0,0,0,0,1,0,0,0,1,1,6.2,0.0
2023-02-10,1,1,0,38800,2,0,15777,1,0,0,0,0,0,0,0,0,1,1.9,27.5
2023-02-11,0,0,0,0,0,0,0,0,0,1,0,0,0,0,1,1,1,8.7,0.0
2023-02-12,1,3,1,38719,5,600,5795,0,0,0,1,0,0,0,1,1,0,11.0,0.0
2023-02-13,1,2,0,43481,3,600,0,0,1,0,0,0,0,0,0,1,0,7.7,10.5
2023-02-14,0,1,1,37400,2,0,0,0,0,0,0,0,1,0,0,1,0,5.6,0.0
2023-02-15,0,1,0,12000,1,0,0,0,0,0,0,0,0,1,0,1,0,3.5,0.0
2023-02-16,1,0,0,17900,1,0,0,0,0,0,0,1,0,0,0,1,0,4.1,0.0
2023-02-17,1,0,0,8800,1,600,0,1,0,0,0,0,0,0,0,1,0,5.7,0.0
2023-02-18,3,0,2,127900,5,0,27780,0,0,1,0,0,0,0,1,1,0,8.9,0.0
2023-02-19,0,4,0,46480,4,1200,10649,0,0,0,1,0,0,0,1,1,0,11.8,0.0
2023-02-20,3,1,5,117299,9,1800,39180,0,1,0,0,0,0,0,0,1,0,9.7,0.0
2023-02-21,0,1,1,40700,2,0,5610,0,0,0,0,0,1,0,0,0,0,4.7,0.0
2023-02-22,0,0,0,0,0,0,0,0,0,0,0,0,0,1,0,1,0,5.5,0.0
2023-02-23,1,0,0,12600,1,0,1000,0,0,0,0,1,0,0,1,1,0,8.5,0.0
2023-02-24,0,0,0,0,0,0,0,1,0,0,0,0,0,0,0,1,0,8.9,2.5
2023-02-25,1,0,0,8800,1,600,704,0,0,1,0,0,0,0,1,1,0,7.5,0.0
2023-02-26,1,0,0,15000,1,0,0,0,0,0,1,0,0,0,1,1,0,6.0,0.0
2023-02-27,1,0,0,5700,1,0,1000,0,1,0,0,0,0,0,0,1,0,8.7,0.0
2023-02-28,0,1,0,13800,1,0,0,0,0,0,0,0,1,0,0,1,0,11.6,0.0
2023-03-01,0,1,0,14600,1,0,4380,0,0,0,0,0,0,1,0,1,0,13.8,0.0
2023-03-02,0,0,0,0,0,0,0,0,0,0,0,1,0,0,0,0,0,12.8,0.0
2023-03-03,1,0,1,22480,2,600,0,1,0,0,0,0,0,0,0,0,0,7.8,0.0
2023-03-04,9,4,17,278880,30,0,15777,0,0,1,0,0,0,0,1,1,0,10.5,0.0
2023-03-05,6,1,4,154280,11,0,9400,0,0,0,1,0,0,0,1,1,1,9.5,0.0
2023-03-06,2,4,4,183551,10,1200,7500,0,1,0,0,0,0,0,0,1,1,9.9,1.0
2023-03-07,1,2,5,46740,8,600,3000,0,0,0,0,0,1,0,0,1,1,12.1,0.0
2023-03-08,3,0,7,110650,10,0,6000,0,0,0,0,0,0,1,0,1,1,14.0,0.0
2023-03-09,4,0,6,85350,10,0,4054,0,0,0,0,1,0,0,0,1,1,15.9,0.0
2023-03-10,2,3,6,117745,11,0,7888,1,0,0,0,0,0,0,0,0,1,17.3,1.0
2023-03-11,0,0,1,17820,1,0,891,0,0,1,0,0,0,0,1,1,1,14.7,0.0
2023-03-12,0,0,2,12915,2,1200,0,0,0,0,1,0,0,0,1,1,0,14.5,0.0
2023-03-13,0,0,0,0,0,0,0,0,1,0,0,0,0,0,0,1,0,13.9,9.0
2023-03-14,0,1,2,31180,3,600,111,0,0,0,0,0,1,0,0,1,0,10.0,0.0
2023-03-15,1,0,1,30600,2,0,1500,0,0,0,0,0,0,1,0,1,0,12.3,0.0
2023-03-16,0,0,2,19690,2,0,0,0,0,0,0,1,0,0,0,1,0,14.5,0.0
2023-03-17,1,1,1,36700,3,600,0,1,0,0,0,0,0,0,0,1,0,12.5,0.0
2023-03-18,0,2,1,42220,3,0,7980,0,0,1,0,0,0,0,1,1,0,8.1,32.0
2023-03-19,0,0,1,6199,1,600,0,0,0,0,1,0,0,0,1,1,0,10.0,0.0
2023-03-20,0,3,5,89910,8,1800,53130,0,1,0,0,0,0,0,0,1,0,13.1,0.0
2023-03-21,1,0,1,16080,2,0,0,0,0,0,0,0,1,0,1,0,0,14.7,0.0
2023-03-22,1,1,1,22640,3,600,6425,0,0,0,0,0,0,1,0,1,1,17.2,0.0
2023-03-23,0,1,2,33500,3,600,0,0,0,0,0,1,0,0,0,1,1,16.5,14.5
2023-03-24,1,0,1,27260,2,600,6000,1,0,0,0,0,0,0,0,1,1,18.1,15.5
2023-03-25,1,0,3,106500,4,0,43410,0,0,1,0,0,0,0,1,1,1,11.0,26.0
2023-03-26,0,1,2,28780,3,1200,0,0,0,0,1,0,0,0,1,1,1,11.4,27.0
2023-03-27,0,0,1,20000,1,0,0,0,1,0,0,0,0,0,0,1,1,13.4,0.0
2023-03-28,1,2,0,39660,3,600,952,0,0,0,0,0,1,0,0,1,1,10.2,3.0
2023-03-29,0,0,0,0,0,0,0,0,0,0,0,0,0,1,0,1,0,12.6,15.5
2023-03-30,0,0,0,0,0,0,0,0,0,0,0,1,0,0,0,0,0,14.1,0.5
2023-03-31,1,0,0,17700,1,0,0,1,0,0,0,0,0,0,0,0,0,15.0,0.0
2023-04-01,0,0,3,37440,3,0,7410,0,0,1,0,0,0,0,1,1,0,16.0,0.0
2023-04-02,0,0,1,10000,1,0,0,0,0,0,1,0,0,0,1,1,0,14.1,0.0
2023-04-03,0,1,0,7920,1,600,0,0,1,0,0,0,0,0,0,1,0,12.8,0.0
2023-04-04,1,0,2,34400,3,600,0,0,0,0,0,0,1,0,0,0,0,14.0,0.0
2023-04-05,0,1,2,35110,3,600,9300,0,0,0,0,0,0,1,0,1,0,16.1,0.0
2023-04-06,0,0,1,23430,1,0,1000,0,0,0,0,1,0,0,0,1,0,18.8,0.0
2023-04-07,0,0,0,0,0,0,0,1,0,0,0,0,0,0,0,1,0,18.5,11.5
2023-04-08,0,0,0,0,0,0,0,0,0,1,0,0,0,0,1,1,0,14.6,3.5
2023-04-09,0,0,0,0,0,0,0,0,0,0,1,0,0,0,1,1,0,11.8,0.0
2023-04-10,0,2,3,40839,5,1800,0,0,1,0,0,0,0,0,0,1,1,14.6,0.0
2023-04-11,0,0,0,0,0,0,0,0,0,0,0,0,1,0,0,1,1,18.2,0.0
2023-04-12,1,0,1,34500,2,0,2000,0,0,0,0,0,0,1,0,1,1,19.2,0.0
2023-04-13,1,0,0,19600,1,0,0,0,0,0,0,1,0,0,0,1,1,16.1,0.0
2023-04-14,0,0,0,0,0,0,0,1,0,0,0,0,0,0,0,1,1,18.2,0.0
2023-04-15,0,0,4,37399,4,1200,0,0,0,1,0,0,0,0,1,1,1,14.3,33.0
2023-04-16,0,0,3,58600,3,600,1111,0,0,0,1,0,0,0,1,1,1,16.2,13.5
2023-04-17,0,0,0,0,0,0,0,0,1,0,0,0,0,0,0,1,0,15.1,1.0
2023-04-18,0,0,0,0,0,0,0,0,0,0,0,0,1,0,0,1,0,13.6,0.0
2023-04-19,0,0,0,0,0,0,0,0,0,0,0,0,0,1,0,1,0,18.0,0.0
2023-04-20,0,0,0,0,0,0,0,0,0,0,0,1,0,0,0,0,0,20.4,0.0
2023-04-21,0,0,2,46201,2,600,0,1,0,0,0,0,0,0,0,0,0,21.6,0.0
2023-04-22,0,0,0,0,0,0,0,0,0,1,0,0,0,0,1,1,0,14.9,0.0
2023-04-23,0,1,0,12000,1,0,1000,0,0,0,1,0,0,0,1,1,0,14.2,0.0
2023-04-24,0,0,1,12430,1,0,0,0,1,0,0,0,0,0,0,1,1,13.2,0.0
2023-04-25,1,0,1,25700,2,0,19420,0,0,0,0,0,1,0,0,1,1,14.1,0.0
2023-04-26,0,0,1,12500,1,0,0,0,0,0,0,0,0,1,0,1,1,15.6,23.5
2023-04-27,0,0,1,15800,1,0,1000,0,0,0,0,1,0,0,0,1,1,17.2,0.0
2023-04-28,0,0,0,0,0,0,0,1,0,0,0,0,0,0,0,1,1,18.7,0.0
2023-04-29,0,0,1,4110,1,600,200,0,0,1,0,0,0,0,1,1,1,19.4,1.0
2023-04-30,0,1,1,36799,2,0,1200,0,0,0,1,0,0,0,1,1,0,19.7,3.0
2023-05-01,0,0,2,23190,2,600,0,0,1,0,0,0,0,0,0,1,0,17.8,1.0
2023-05-02,0,0,0,0,0,0,0,0,0,0,0,0,1,0,0,1,0,17.4,0.0
2023-05-03,0,1,1,29300,2,0,0,0,0,0,0,0,0,1,1,1,0,17.8,0.0
2023-05-04,0,0,1,24300,1,0,0,0,0,0,0,1,0,0,1,1,0,19.7,0.0
2023-05-05,0,0,0,0,0,0,0,1,0,0,0,0,0,0,1,1,0,21.1,0.0
2023-05-06,0,0,1,18200,1,0,0,0,0,1,0,0,0,0,1,1,0,23.0,0.0
2023-05-07,0,0,3,26785,3,1200,0,0,0,0,1,0,0,0,1,1,0,17.6,43.5
2023-05-08,0,0,3,35120,3,0,0,0,1,0,0,0,0,0,0,1,0,12.9,30.5
2023-05-09,0,0,1,5500,1,600,0,0,0,0,0,0,1,0,0,1,0,15.1,0.0
2023-05-10,0,0,0,0,0,0,0,0,0,0,0,0,0,1,0,1,1,17.7,0.0
2023-05-11,0,0,0,0,0,0,0,0,0,0,0,1,0,0,0,1,1,15.8,9.0
2023-05-12,0,0,1,7700,1,600,0,1,0,0,0,0,0,0,0,1,1,17.1,0.0
2023-05-13,0,0,1,18200,1,0,0,0,0,1,0,0,0,0,1,1,1,16.7,5.0
2023-05-14,0,1,2,33550,3,600,8300,0,0,0,1,0,0,0,1,1,1,16.9,3.0
2023-05-15,0,2,8,119920,10,600,49538,0,1,0,0,0,0,0,0,1,1,16.1,15.5
2023-05-16,0,0,0,0,0,0,0,0,0,0,0,0,1,0,0,1,1,19.9,0.0
2023-05-17,0,0,1,6985,1,600,0,0,0,0,0,0,0,1,0,1,0,22.8,0.0
2023-05-18,0,0,0,0,0,0,0,0,0,0,0,1,0,0,0,1,0,25.4,0.0
2023-05-19,0,0,1,6600,1,600,0,1,0,0,0,0,0,0,0,1,0,20.6,12.0
2023-05-20,0,0,0,0,0,0,0,0,0,1,0,0,0,0,1,1,0,18.8,4.0
2023-05-21,0,0,2,25300,2,0,3000,0,0,0,1,0,0,0,1,1,0,21.1,0.0
2023-05-22,0,0,3,21381,3,1200,0,0,1,0,0,0,0,0,0,1,0,22.5,0.0
2023-05-23,0,0,0,0,0,0,0,0,0,0,0,0,1,0,0,1,0,13.9,14.0
2023-05-24,0,0,0,0,0,0,0,0,0,0,0,0,0,1,0,1,1,18.2,0.0
2023-05-25,1,0,2,51260,3,0,1000,0,0,0,0,1,0,0,0,1,1,18.6,0.0
2023-05-26,0,0,0,0,0,0,0,1,0,0,0,0,0,0,0,1,1,20.1,0.0
2023-05-27,0,0,2,22900,2,600,1000,0,0,1,0,0,0,0,1,1,1,21.2,0.0
2023-05-28,0,0,0,0,0,0,0,0,0,0,1,0,0,0,1,1,1,21.6,0.0
2023-05-29,0,2,0,14751,2,1200,200,0,1,0,0,0,0,0,0,1,0,19.8,18.5
2023-05-30,1,0,0,15000,1,0,0,0,0,0,0,0,1,0,0,1,0,21.4,0.0
2023-05-31,0,1,0,18000,1,0,0,0,0,0,0,0,0,1,0,1,0,19.3,3.0
2023-06-01,0,0,1,13530,1,0,0,0,0,0,0,1,0,0,0,1,0,20.8,0.0
2023-06-02,0,0,0,0,0,0,0,1,0,0,0,0,0,0,0,1,0,21.3,168.5
2023-06-03,0,0,0,0,0,0,0,0,0,1,0,0,0,0,1,1,0,20.0,92.5
2023-06-04,2,0,2,60930,4,600,22600,0,0,0,1,0,0,0,1,1,0,21.6,0.0
2023-06-05,1,1,3,71580,5,600,91350,0,1,0,0,0,0,0,0,1,1,23.1,0.0
2023-06-06,0,0,4,52810,4,0,16641,0,0,0,0,0,1,0,0,1,1,20.7,3.0
2023-06-07,0,0,1,9801,1,600,0,0,0,0,0,0,0,1,0,1,1,22.5,5.5
2023-06-08,0,0,0,0,0,0,0,0,0,0,0,1,0,0,0,1,1,23.1,1.0
2023-06-09,1,0,1,59300,2,0,24400,1,0,0,0,0,0,0,0,1,1,20.2,24.0
2023-06-10,1,0,4,50960,5,0,33710,0,0,1,0,0,0,0,1,1,1,22.4,0.0
2023-06-11,0,0,1,6200,1,600,0,0,0,0,1,0,0,0,1,1,1,21.2,16.5
2023-06-12,0,0,0,0,0,0,0,0,1,0,0,0,0,0,0,1,0,21.3,12.5
2023-06-13,0,0,1,8800,1,600,0,0,0,0,0,0,1,0,0,1,0,23.7,1.0
2023-06-14,0,0,0,0,0,0,0,0,0,0,0,0,0,1,0,1,0,23.6,3.5
2023-06-15,1,0,1,15400,2,0,0,0,0,0,0,1,0,0,0,1,0,21.7,6.0
