date,平均気温(℃),最高気温(℃),最低気温(℃),降水量の合計(mm),日照時間(時間),天気概況(昼：06時～18時),天気概況(夜：18時～翌日06時),sale_name
2021-06-16,22.2,24.9,20.6,30.5,0.0,雨時々曇、雷を伴う,曇一時雨,
2021-06-17,21.8,26.7,18.9,3.5,4.8,曇時々晴一時雨,曇時々晴,
2021-06-18,22.8,27.4,18.5,0.0,7.9,薄曇一時晴,雨時々曇,
2021-06-19,20.3,23.1,19.2,12.0,0.0,雨一時曇,雨,
2021-06-20,22.8,28.6,19.5,14.5,1.0,曇一時雨,曇,
2021-06-21,22.9,27.9,19.6,0.0,5.3,曇後晴,晴一時曇,
2021-06-22,23.1,28.6,19.1,0.0,3.2,曇,曇,
2021-06-23,22.0,25.6,20.6,1.5,0.1,曇時々雨,曇一時晴,
2021-06-24,22.8,27.2,19.1,0.0,3.3,曇後一時晴,曇,
2021-06-25,23.3,27.5,20.7,19.0,3.9,曇時々雨一時晴,曇,
2021-06-26,24.2,28.4,20.5,0.0,4.0,薄曇,曇,
2021-06-27,23.7,26.7,21.6,0.0,0.8,曇,曇後晴,
2021-06-28,24.4,29.6,20.1,0.0,7.8,晴後薄曇,雨一時曇,
2021-06-29,21.9,28.4,18.8,53.0,1.5,曇時々雨,大雨後時々曇,
2021-06-30,20.6,23.1,18.4,3.0,0.0,曇時々雨,雨時々曇,
2021-07-01,20.9,22.9,20.1,64.5,0.0,大雨時々曇,雨,
2021-07-02,21.2,22.2,20.3,68.0,0.0,大雨,大雨,
2021-07-03,22.2,25.8,20.5,53.5,0.3,雨後曇,曇後雨,
2021-07-04,20.1,21.1,19.3,17.5,0.0,雨,雨後時々曇一時霧雨、霧を伴う,
2021-07-05,22.1,25.1,19.9,2.5,0.6,曇時々雨,曇,
2021-07-06,24.7,29.6,22.0,0.5,0.2,曇時々雨,雨時々曇,
2021-07-07,25.8,30.0,22.9,0.5,1.9,曇一時雨,曇,
2021-07-08,23.7,24.8,22.3,7.5,0.0,雨,雨,
2021-07-09,23.5,24.9,22.2,9.0,0.0,雨時々曇,曇時々雨,
2021-07-10,27.0,33.4,22.7,4.5,9.0,晴時々曇,曇一時雨、雷を伴う,
2021-07-11,24.7,31.8,21.2,17.5,3.1,曇後晴一時雨、雷・ひょうを伴う,晴時々曇一時雨,
2021-07-12,25.8,31.6,21.0,0.0,7.9,薄曇,曇時々雨,
2021-07-13,25.5,29.0,23.4,0.0,1.6,曇、雷を伴う,曇,
2021-07-14,25.3,28.8,22.8,0.0,0.9,曇,曇、雷を伴う,
2021-07-15,26.4,31.1,23.0,0.0,5.0,曇後晴,曇一時晴,
2021-07-16,27.7,33.2,24.1,0.0,8.0,曇後晴,晴一時曇,
2021-07-17,27.4,32.6,23.5,0.0,9.6,晴,晴,
2021-07-18,28.1,33.2,23.7,0.0,12.9,晴,晴,
2021-07-19,29.2,34.7,25.1,0.0,11.0,晴,晴後曇,
2021-07-20,28.8,34.0,25.6,0.0,9.8,晴後薄曇,薄曇後晴,
2021-07-21,28.4,33.6,24.3,0.0,10.6,晴,晴,
2021-07-22,28.4,34.2,24.1,0.0,11.3,晴,晴,
2021-07-23,28.4,34.0,24.6,0.0,8.7,晴,晴一時曇,
2021-07-24,28.5,34.4,25.3,0.0,7.3,晴,晴,
2021-07-25,28.5,34.4,24.7,0.0,10.4,晴,晴後曇,
2021-07-26,27.5,32.1,24.6,0.0,5.4,曇,曇後雨,
2021-07-27,24.9,29.8,21.3,34.5,2.7,雨後晴時々曇,曇時々晴,
2021-07-28,27.7,32.0,23.9,0.0,6.8,曇後晴,晴,
2021-07-29,27.8,32.1,24.3,0.0,4.5,曇時々晴,曇一時晴,
2021-07-30,25.8,30.5,23.9,30.0,2.1,曇時々大雨、雷を伴う,曇時々晴,
2021-07-31,27.5,32.5,23.3,0.0,8.6,晴一時曇,晴,
2021-08-01,28.7,33.7,24.2,0.0,12.0,晴,晴,
2021-08-02,28.6,33.1,25.6,0.5,7.6,晴後曇時々雨,晴時々曇,
2021-08-03,29.0,32.9,25.7,3.0,7.6,曇一時雨後晴,晴,
2021-08-04,29.5,34.5,25.7,0.0,11.5,晴,晴,
2021-08-05,29.1,34.7,24.0,0.0,11.7,晴後時々薄曇,薄曇後晴,
2021-08-06,29.1,34.8,24.6,0.0,9.9,晴,晴,
2021-08-07,27.9,31.4,26.3,2.0,1.5,曇時々雨,曇後大雨,
2021-08-08,25.9,28.8,24.7,90.5,0.1,大雨後一時曇,薄曇時々晴,
2021-08-09,28.1,31.3,25.6,2.0,3.9,曇時々雨後一時晴,晴時々曇,
2021-08-10,31.0,36.8,27.2,0.0,9.2,晴,晴一時曇,
2021-08-11,29.2,33.5,25.9,0.0,8.8,晴後薄曇,曇,
2021-08-12,26.0,29.2,23.9,0.5,0.7,曇時々雨,雨時々曇,
2021-08-13,22.5,25.4,20.5,20.5,0.0,雨,大雨,
2021-08-14,22.3,25.6,20.1,77.0,0.0,雨,大雨,
2021-08-15,19.3,20.2,18.4,138.5,0.0,大雨,雨時々曇,
2021-08-16,20.7,22.5,19.0,2.0,0.0,雨時々曇,曇,
2021-08-17,23.7,27.4,20.7,23.5,1.2,雨時々曇,曇時々雨一時晴,
2021-08-18,27.0,31.3,24.5,3.0,5.8,晴時々曇一時雨,晴後一時曇,
2021-08-19,28.5,33.8,25.1,0.0,11.3,晴,晴一時薄曇,
2021-08-20,28.7,33.7,25.2,0.0,10.9,晴,晴後一時薄曇,
2021-08-21,27.9,32.1,24.8,0.0,4.6,曇一時晴,曇,
2021-08-22,28.5,33.6,25.5,0.0,4.6,曇,曇,
2021-08-23,26.9,30.3,22.2,2.5,4.2,曇一時雨後一時晴、雷を伴う,晴時々薄曇,
2021-08-24,27.5,31.0,23.9,0.0,4.2,曇,曇時々雨,
2021-08-25,29.4,34.4,26.3,0.0,5.4,曇,晴,
2021-08-26,30.5,35.7,26.6,0.0,8.1,薄曇時々晴,晴,
2021-08-27,30.0,34.3,26.9,0.0,9.0,晴時々曇,晴一時曇,
2021-08-28,29.8,34.8,26.7,0.0,8.9,晴一時曇,晴後一時曇,
2021-08-29,28.5,32.8,26.5,0.0,1.1,曇,曇,
2021-08-30,29.2,33.8,26.1,0.0,8.9,晴一時曇,晴後曇,
2021-08-31,26.9,32.4,21.2,17.0,2.9,曇,雨時々曇、雷を伴う,
2021-09-01,20.7,23.5,18.3,3.0,0.0,曇時々雨,雨一時曇,
2021-09-02,19.4,20.6,18.4,18.5,0.0,雨,雨,
2021-09-03,19.7,21.4,18.7,17.0,0.0,雨一時曇,雨時々曇,
2021-09-04,20.6,22.9,19.2,14.0,0.0,雨時々曇,雨,
2021-09-05,21.0,24.7,18.6,10.0,0.3,曇一時雨,曇一時晴,
2021-09-06,19.9,21.8,18.1,8.5,0.0,曇時々雨,曇後晴,
2021-09-07,20.4,24.4,16.8,0.0,4.0,曇一時晴,薄曇,
2021-09-08,20.3,25.0,16.9,0.5,1.9,曇後雨,曇時々雨,
2021-09-09,20.5,22.5,18.3,14.0,0.0,雨後時々曇,曇一時晴,
2021-09-10,24.8,30.0,20.6,0.0,7.4,晴一時曇,晴時々曇一時雨,
2021-09-11,25.0,29.1,22.7,0.0,1.2,曇時々雨,曇時々雨,
2021-09-12,24.4,26.9,22.8,0.0,0.0,曇一時雨,曇,
2021-09-13,25.2,30.7,21.5,0.0,8.8,薄曇,曇,
2021-09-14,22.8,25.7,19.8,5.5,0.0,曇後時々雨,雨後一時曇,
2021-09-15,22.9,28.5,19.4,1.5,5.8,晴時々薄曇,晴一時曇,
2021-09-16,22.3,27.4,19.4,0.0,3.7,晴時々曇,晴後曇一時雨,
2021-09-17,22.3,25.2,17.6,0.0,0.3,曇,雨時々曇,
2021-09-18,23.7,26.0,22.0,124.5,0.2,大雨時々曇,雨時々曇,
2021-09-19,23.9,29.2,19.0,0.0,9.8,快晴,快晴,
2021-09-20,22.4,28.3,17.8,0.0,11.8,快晴,晴一時曇,
2021-09-21,22.7,27.9,18.6,0.0,5.8,晴,晴一時雨,
2021-09-22,24.9,29.5,20.6,1.0,4.4,曇一時雨後晴,曇時々晴,
2021-09-23,26.6,31.7,22.9,0.0,9.3,晴,晴時々曇,
2021-09-24,25.4,30.6,21.2,0.0,9.8,晴,曇,
2021-09-25,22.1,24.5,20.3,0.0,0.3,曇,曇時々晴,
2021-09-26,19.9,21.3,18.2,0.0,0.0,曇時々雨,晴一時曇,
2021-09-27,20.1,24.8,17.0,0.0,2.9,曇時々晴,晴一時薄曇,
2021-09-28,21.1,26.6,16.9,0.0,3.5,曇後晴,晴後時々曇,
2021-09-29,21.9,26.3,17.5,0.0,4.7,晴時々曇,曇時々晴,
2021-09-30,23.2,29.2,19.3,4.5,4.8,曇後時々雨,雨時々曇,
2021-10-01,19.0,21.3,17.2,113.0,0.0,大雨,曇後晴,
2021-10-02,21.9,30.1,15.2,2.0,10.2,晴,晴一時雨後一時曇、雷を伴う,
2021-10-03,22.1,27.7,18.0,0.0,10.0,晴,晴一時曇,
2021-10-04,23.5,29.7,18.6,0.0,6.6,晴一時曇,晴,
2021-10-05,23.9,29.1,19.3,0.0,9.9,晴後薄曇,薄曇後晴,
2021-10-06,22.8,28.5,19.5,0.0,6.6,晴時々曇,曇一時雨,
2021-10-07,21.3,24.1,18.2,0.0,0.1,曇,曇,
2021-10-08,24.2,29.2,20.2,0.0,9.2,晴,晴,
2021-10-09,22.7,28.1,20.3,0.0,3.0,曇時々晴,曇後一時晴,
2021-10-10,22.2,26.7,19.7,0.0,4.5,曇一時雨後晴,晴,
2021-10-11,24.0,29.3,19.5,0.0,9.1,晴一時曇,晴後曇,
2021-10-12,20.5,23.8,17.9,2.5,0.0,曇後雨,雨,
2021-10-13,17.4,18.5,16.4,10.5,0.0,雨,雨後曇,
2021-10-14,19.1,24.5,15.9,0.0,6.3,曇後晴,晴後曇,
2021-10-15,20.7,25.4,16.6,0.0,7.0,晴,晴後曇,
2021-10-16,21.0,23.2,18.9,0.5,0.3,曇一時雨,曇一時雨,
2021-10-17,15.7,21.2,11.1,13.5,0.0,雨後曇,晴時々曇,
2021-10-18,13.6,18.8,9.2,0.0,9.4,晴,曇一時晴,
2021-10-19,13.5,15.4,11.5,9.0,0.0,曇一時雨,雨後晴一時曇,
2021-10-20,16.1,22.3,11.6,0.0,10.2,快晴,晴,
2021-10-21,15.4,19.3,12.3,0.0,4.6,曇時々晴,曇後雨,
2021-10-22,11.2,15.3,10.2,9.5,0.0,雨,雨後晴一時曇,
2021-10-23,13.6,19.2,8.6,0.0,10.0,快晴,快晴,
2021-10-24,13.4,19.5,7.9,0.0,9.3,晴一時薄曇,曇時々晴,
2021-10-25,14.0,17.3,10.9,5.5,1.7,曇,大雨一時曇,
2021-10-26,15.0,20.4,11.2,30.0,6.0,晴一時雨,晴,
2021-10-27,14.5,16.6,12.8,1.0,0.1,曇時々雨,曇後一時雨,
2021-10-28,17.6,23.0,13.7,0.5,9.7,快晴,晴,
2021-10-29,15.3,20.0,10.9,0.0,9.6,快晴,快晴,
2021-10-30,14.5,20.4,9.5,0.0,9.6,晴,晴後曇,
2021-10-31,13.6,16.4,12.3,2.0,0.0,曇後雨,曇一時雨後一時晴,
2021-11-01,16.8,21.4,12.4,0.0,3.7,曇一時晴,曇,
2021-11-02,17.7,21.9,15.3,0.0,5.3,曇後晴,晴後曇,
2021-11-03,17.1,22.1,13.5,0.0,8.0,晴時々曇,晴,
2021-11-04,15.5,20.3,11.6,0.0,8.2,晴後薄曇,晴,
2021-11-05,15.3,20.3,11.5,0.0,9.3,快晴,快晴,
2021-11-06,14.9,19.6,10.6,0.0,8.8,晴一時薄曇,曇,
2021-11-07,15.7,19.2,12.2,1.0,4.6,薄曇,曇時々雨,
2021-11-08,16.4,21.5,12.7,1.5,6.7,晴時々曇,曇時々雨,
2021-11-09,16.1,19.8,14.2,47.5,0.0,大雨時々曇、雷を伴う,曇時々晴,
2021-11-10,16.0,20.9,13.6,0.0,7.3,晴一時曇,快晴,
2021-11-11,15.4,20.7,10.8,0.0,9.4,快晴,快晴,
2021-11-12,14.5,21.5,9.7,0.0,9.0,晴後薄曇,晴一時薄曇,
2021-11-13,13.1,18.4,8.6,0.0,9.4,快晴,晴後薄曇,
2021-11-14,14.0,19.6,8.9,0.0,8.8,晴,快晴,
2021-11-15,14.3,20.4,9.5,0.0,9.3,快晴,晴後曇,
2021-11-16,14.2,18.8,11.2,0.0,5.6,曇時々晴,曇後一時晴,
2021-11-17,13.5,17.6,9.8,0.0,8.4,晴,晴後薄曇,
2021-11-18,12.6,17.4,9.6,0.0,4.0,曇,晴一時曇,
2021-11-19,12.5,17.6,8.4,0.0,7.5,晴時々薄曇,晴一時薄曇,
2021-11-20,13.2,18.7,8.3,0.0,9.0,快晴,快晴,
2021-11-21,12.5,15.8,9.4,12.5,0.2,曇後一時雨,雨,
2021-11-22,13.5,16.6,11.9,24.5,0.0,曇時々雨,雨後曇,
2021-11-23,12.5,17.0,7.9,0.0,4.7,晴時々曇,快晴,
2021-11-24,11.4,16.9,7.2,0.0,9.0,快晴,快晴,
2021-11-25,12.3,18.5,6.0,0.0,9.2,快晴,快晴,
2021-11-26,12.0,17.3,8.3,0.0,9.0,快晴,快晴,
2021-11-27,9.6,13.8,6.2,0.0,7.2,晴,快晴,
2021-11-28,8.9,14.4,3.8,0.0,9.1,快晴,快晴,
2021-11-29,8.1,13.6,4.0,0.0,8.4,薄曇時々晴,快晴,
2021-11-30,11.0,16.1,3.8,6.0,7.6,晴後一時曇,大雨,
2021-12-01,15.5,20.3,9.7,54.5,5.6,晴一時雨,晴,
2021-12-02,10.1,13.8,6.1,0.0,8.9,快晴,晴時々曇一時雨,
2021-12-03,9.7,16.1,4.6,0.0,8.9,快晴,快晴,
2021-12-04,9.9,14.9,5.1,0.0,8.8,快晴,快晴,
2021-12-05,8.6,11.9,5.4,0.0,7.1,晴後曇,曇,
2021-12-06,8.9,10.8,6.6,0.0,0.0,曇,曇,
2021-12-07,11.8,14.9,9.5,9.5,0.0,曇,雨,
2021-12-08,9.5,10.6,8.3,36.5,0.0,雨,雨一時曇,
2021-12-09,10.2,14.2,8.2,0.0,7.0,晴時々曇,曇一時晴,
2021-12-10,8.6,12.5,6.3,0.0,4.8,薄曇,晴一時薄曇,
2021-12-11,9.4,15.4,4.1,0.0,8.9,快晴,晴後曇,
2021-12-12,11.3,16.7,7.9,0.0,6.5,曇後晴,晴,
2021-12-13,9.7,13.0,5.8,0.0,8.9,快晴,快晴,
2021-12-14,5.1,6.4,3.6,5.5,0.8,曇時々雨,曇後晴,
2021-12-15,7.6,14.3,2.6,0.0,8.9,快晴,快晴,
2021-12-16,9.5,14.7,4.2,0.0,8.0,薄曇時々晴,曇一時晴後時々雨,
2021-12-17,8.7,11.9,4.9,6.0,0.4,曇時々雨,晴,
2021-12-18,4.5,8.5,1.7,0.0,8.9,快晴,快晴,
2021-12-19,4.3,10.0,-0.7,0.0,8.9,快晴,快晴,
2021-12-20,6.4,11.9,0.8,0.0,9.0,晴,晴一時曇,
2021-12-21,8.2,15.2,2.0,0.0,9.0,快晴,快晴,
2021-12-22,8.8,13.5,5.0,0.0,7.4,晴後曇,晴,
2021-12-23,8.3,13.2,5.0,0.0,8.4,快晴,晴,
2021-12-24,8.0,13.2,3.6,0.5,8.8,晴時々薄曇,雨時々曇一時晴,
2021-12-25,8.3,14.1,4.7,3.5,4.5,晴一時雨後時々曇,曇後一時雪,
2021-12-26,3.5,7.6,-0.2,0.0,7.8,晴,快晴,
2021-12-27,2.7,8.1,-2.2,0.0,8.5,快晴,快晴,
2021-12-28,3.8,9.5,-1.6,0.0,8.8,快晴,晴後曇,
2021-12-29,4.2,8.9,0.9,0.0,7.8,晴時々薄曇,晴一時曇,
2021-12-30,6.5,14.5,0.6,0.0,7.5,晴一時曇,晴,
2021-12-31,3.2,6.0,0.1,0.0,3.7,晴時々曇,快晴,
2022-01-01,3.4,7.8,-1.0,0.0,8.8,快晴,晴後一時曇,
2022-01-02,3.5,7.9,0.4,0.0,6.2,曇後晴,快晴,
2022-01-03,5.5,10.5,0.5,0.0,8.1,晴,快晴,
2022-01-04,5.2,12.4,0.6,0.0,8.9,快晴,快晴,
2022-01-05,4.1,8.7,0.6,0.0,8.9,快晴,曇時々晴,
2022-01-06,0.7,2.6,-1.7,6.5,0.0,曇後大雪,晴一時雪,
2022-01-07,2.6,8.4,-3.5,0.0,8.9,快晴,晴,
2022-01-08,4.5,9.5,-0.2,0.0,8.9,快晴,晴,
2022-01-09,6.3,13.4,-0.5,0.0,7.4,晴後薄曇,曇,
2022-01-10,7.7,9.6,6.1,0.0,0.3,曇一時晴,曇,
2022-01-11,5.7,7.2,4.3,16.0,0.0,雨一時曇,曇一時雨後晴,
2022-01-12,5.0,8.6,2.4,0.0,9.1,快晴,晴後時々曇,
2022-01-13,5.7,11.5,2.3,0.0,6.9,晴時々曇,晴時々曇,
2022-01-14,4.4,8.6,0.7,0.0,9.2,快晴,快晴,
2022-01-15,5.5,10.5,-0.2,0.0,7.7,薄曇,晴一時薄曇,
2022-01-16,5.4,11.1,0.3,0.0,9.1,快晴,晴後一時薄曇,
2022-01-17,6.0,11.8,1.4,0.0,6.9,薄曇時々晴,晴、みぞれを伴う,
2022-01-18,4.4,8.7,1.6,0.0,9.2,快晴,快晴,
2022-01-19,3.7,8.1,0.6,0.0,5.4,晴時々曇,晴,
2022-01-20,3.4,8.4,-1.0,0.0,8.7,快晴,快晴,
2022-01-21,3.0,7.8,-0.9,0.0,9.0,晴,快晴,
2022-01-22,4.5,9.9,-0.1,0.0,9.2,快晴,曇時々晴,
2022-01-23,5.1,7.7,1.6,0.0,1.5,曇,曇時々雨,
2022-01-24,6.4,11.0,1.4,0.0,8.3,曇一時晴,快晴,
2022-01-25,5.2,9.6,0.3,0.0,6.8,晴後曇,雨時々曇,
2022-01-26,5.5,9.5,3.7,0.0,3.5,曇後晴,快晴,
2022-01-27,6.8,11.9,2.0,0.0,8.1,薄曇後時々晴,曇,
2022-01-28,6.6,11.8,4.1,0.0,3.6,曇時々晴,晴後曇,
2022-01-29,5.9,10.0,3.7,0.0,4.8,曇後時々晴,薄曇後晴,
2022-01-30,5.2,8.2,2.2,0.0,4.2,曇,曇後晴,
2022-01-31,4.9,10.0,1.5,0.0,9.2,快晴,快晴,
2022-02-01,5.6,11.2,1.1,0.0,9.2,晴,快晴,
2022-02-02,5.5,11.1,0.9,0.0,9.3,晴,晴,
2022-02-03,5.8,11.8,0.6,0.0,7.8,晴時々薄曇,薄曇,
2022-02-04,4.9,8.5,2.4,0.0,1.0,曇,快晴,
2022-02-05,3.5,9.2,0.3,0.0,6.1,晴一時曇,快晴,
2022-02-06,2.3,8.2,-1.9,0.0,5.2,晴時々曇,快晴,
2022-02-07,4.5,9.7,-0.5,0.0,8.1,晴,晴後曇,
2022-02-08,5.3,9.1,2.2,0.0,3.6,曇後晴,曇後晴,
2022-02-09,6.2,10.8,1.8,0.0,9.0,晴時々薄曇,曇後時々雨,
2022-02-10,2.3,6.1,0.6,27.0,0.0,みぞれ一時雨後一時雪,みぞれ時々雪,
2022-02-11,4.1,9.2,0.7,2.5,8.7,晴一時曇,晴,
2022-02-12,4.7,9.9,0.2,0.0,9.4,薄曇後時々晴,晴,
2022-02-13,3.1,5.0,0.8,22.5,0.0,曇後雨,みぞれ一時雨,
2022-02-14,3.9,8.0,0.8,3.5,3.5,曇後一時晴,晴,
2022-02-15,5.5,11.6,1.1,0.0,5.3,晴時々曇,快晴,
2022-02-16,6.0,11.8,1.3,0.0,5.8,晴,晴,
2022-02-17,4.6,9.7,0.5,0.0,8.8,晴,快晴,
2022-02-18,5.7,11.4,-0.2,0.0,10.0,快晴,晴,
2022-02-19,5.0,8.9,1.5,6.5,1.0,曇後一時雨,雨後一時曇,
2022-02-20,5.9,10.0,2.4,9.0,0.2,曇時々雨,快晴,
2022-02-21,4.1,8.7,1.2,0.0,9.5,快晴,快晴,
2022-02-22,4.4,10.0,-0.5,0.0,10.0,晴,晴,
2022-02-23,4.4,10.3,0.1,0.0,8.9,晴,晴後曇,
2022-02-24,4.8,10.1,1.7,0.0,9.2,晴一時曇,快晴,
2022-02-25,6.5,13.4,-0.1,0.0,10.7,快晴,快晴,
2022-02-26,8.6,14.7,3.0,0.0,10.7,晴,晴一時薄曇,
2022-02-27,9.5,18.5,3.2,0.0,10.5,快晴,快晴,
2022-02-28,9.8,15.9,4.5,0.0,9.4,晴後時々曇,薄曇後晴,
2022-03-01,11.0,18.3,4.9,0.0,7.9,薄曇後一時晴,曇後晴,
2022-03-02,11.2,16.3,7.2,4.0,6.1,曇時々晴,曇一時雨後晴,
2022-03-03,9.5,15.0,4.7,0.0,8.3,晴一時曇,晴後一時曇,
2022-03-04,8.1,12.2,4.7,0.0,6.3,薄曇時々晴,曇後晴,
2022-03-05,11.2,17.9,4.3,0.0,10.2,快晴,晴,
2022-03-06,8.1,13.9,4.6,0.0,8.3,晴後一時曇,快晴,
2022-03-07,8.3,14.2,3.9,0.0,10.0,晴後薄曇,曇後一時雨,
2022-03-08,6.3,8.0,4.1,0.5,0.0,雨後曇,曇時々晴,
2022-03-09,7.9,13.6,2.6,0.0,9.2,晴後薄曇,晴,
2022-03-10,9.0,14.3,3.7,0.0,9.8,晴時々薄曇,晴,
2022-03-11,12.0,18.7,5.2,0.0,10.3,晴後一時薄曇,薄曇後晴,
2022-03-12,14.6,21.8,7.8,0.0,10.5,晴,晴時々薄曇,
2022-03-13,14.7,19.5,8.7,0.0,5.3,薄曇,曇後一時雨,
2022-03-14,16.4,24.1,7.8,1.0,9.8,晴一時雨,曇時々雨,
2022-03-15,12.7,20.3,7.2,0.0,7.4,曇後晴,晴後曇,
2022-03-16,14.1,20.3,9.5,0.0,5.8,曇後晴,晴後一時曇,
2022-03-17,14.1,21.0,8.3,0.0,7.7,曇一時晴,雨時々曇,
2022-03-18,5.2,10.3,3.8,48.0,0.0,雨時々曇,大雨一時曇,
2022-03-19,10.1,18.6,4.4,22.0,7.0,晴後曇一時雨,雨後晴、雷を伴う,
2022-03-20,9.9,15.5,4.1,0.0,6.9,晴後曇,曇時々雨,
2022-03-21,9.6,14.1,6.2,0.0,4.0,曇後一時晴,曇後雨,
2022-03-22,3.7,9.9,1.2,18.0,0.0,雨一時みぞれ,曇時々晴,
2022-03-23,5.2,10.5,0.5,1.0,6.3,薄曇,みぞれ時々曇一時晴,
2022-03-24,8.2,14.3,2.4,1.0,9.5,晴,晴,
2022-03-25,12.2,17.6,5.2,0.0,10.9,快晴,曇,
2022-03-26,16.1,19.0,13.3,7.5,0.0,曇後時々雨,雨後曇,
2022-03-27,16.2,21.4,11.5,0.5,2.1,曇一時晴,曇時々雨,
2022-03-28,13.5,19.0,10.7,0.0,6.1,晴時々曇,曇,
2022-03-29,10.2,11.0,9.1,0.0,0.0,曇,曇,
2022-03-30,14.5,20.3,9.3,0.0,3.9,曇一時晴,曇後晴,
2022-03-31,15.1,22.8,8.9,7.0,6.0,曇,雨,
2022-04-01,7.6,12.4,3.9,16.5,5.2,曇一時雨,晴一時薄曇,
2022-04-02,8.5,12.9,3.6,0.0,11.6,薄曇時々晴,薄曇後雨,
2022-04-03,8.2,10.1,6.6,13.5,0.0,雨一時曇,雨,
2022-04-04,8.5,9.8,6.7,53.5,0.0,大雨,雨後一時曇,
2022-04-05,12.6,17.9,8.2,1.5,3.1,曇一時雨後晴,曇,
2022-04-06,15.5,21.8,10.6,0.0,7.9,曇後晴,薄曇時々晴,
2022-04-07,14.3,19.2,10.9,0.0,6.2,曇,晴,
2022-04-08,15.4,21.7,9.7,0.0,11.8,快晴,快晴,
2022-04-09,17.2,23.8,10.1,0.0,11.5,快晴,快晴,
2022-04-10,19.6,26.8,13.0,0.0,11.8,快晴,晴後薄曇,
2022-04-11,18.9,24.7,13.8,0.0,9.5,薄曇,薄曇後時々晴,
2022-04-12,20.0,25.6,15.4,0.0,11.8,快晴,晴後一時薄曇,
2022-04-13,20.8,26.4,15.2,0.0,11.3,薄曇,曇後一時雨,
2022-04-14,12.3,20.2,10.0,4.0,0.0,雨,霧雨後雨時々曇,
2022-04-15,10.1,12.1,8.3,19.5,0.0,雨,雨時々曇,
2022-04-16,12.5,20.2,8.0,1.0,5.5,曇時々晴一時雨,曇時々晴,
2022-04-17,13.7,17.8,9.9,0.0,4.6,曇,曇後晴,
2022-04-18,14.3,18.2,11.7,28.5,0.9,曇時々雨,雨後曇,
2022-04-19,15.3,20.9,10.6,1.0,7.6,曇時々晴,雨時々曇,
2022-04-20,12.2,14.0,9.5,1.5,0.0,曇時々雨,曇一時雨,
2022-04-21,16.4,21.5,12.2,8.5,3.6,薄曇,大雨一時曇,
2022-04-22,19.2,26.2,13.5,29.0,8.1,晴時々曇,晴後時々曇,
2022-04-23,20.8,26.7,16.5,0.0,6.1,曇時々晴,曇,
2022-04-24,17.3,20.3,14.1,3.5,0.0,曇後雨,晴一時雨,
2022-04-25,19.9,26.6,13.0,0.0,11.8,晴,薄曇,
2022-04-26,21.3,23.6,17.9,2.5,0.0,曇一時雨,曇一時雨,
2022-04-27,23.0,27.7,18.9,0.5,1.6,曇一時雨,曇,
2022-04-28,16.9,21.1,14.2,0.0,5.5,曇後晴,晴後一時曇,
2022-04-29,12.9,16.4,9.0,40.0,0.2,雨一時曇,雨一時曇後晴,
2022-04-30,12.6,18.4,7.4,0.0,12.4,晴,曇一時晴,
2022-05-01,12.7,16.8,10.8,12.0,0.0,曇後雨,曇時々雨,
2022-05-02,13.3,19.4,9.5,1.0,4.1,曇一時晴,晴時々曇一時雨、雷を伴う,
2022-05-03,15.2,20.4,9.3,0.0,12.3,快晴,快晴,
2022-05-04,17.9,25.0,10.8,0.0,12.4,快晴,薄曇後晴,
2022-05-05,19.8,26.3,13.6,0.0,11.8,薄曇時々晴,薄曇一時晴,
2022-05-06,19.5,24.5,15.2,0.0,7.9,薄曇,薄曇後時々雨,
2022-05-07,18.5,22.8,15.4,7.5,0.8,曇時々雨後一時晴,晴後一時曇,
2022-05-08,18.3,22.5,16.2,0.0,5.1,曇時々晴,曇時々雨,
2022-05-09,14.1,17.3,11.2,8.0,0.0,曇時々雨,雨後時々曇,
2022-05-10,16.5,23.0,11.2,0.5,11.4,薄曇一時晴,薄曇,
2022-05-11,18.7,24.6,13.0,0.0,9.9,薄曇後一時晴,曇時々晴,
2022-05-12,19.4,25.0,16.3,2.0,1.3,曇後雨,雨,
2022-05-13,18.8,20.6,17.3,28.5,0.0,雨,雨時々曇,
2022-05-14,21.8,25.6,19.6,9.5,1.8,雨後薄曇,曇,
2022-05-15,17.5,19.9,14.7,1.0,0.0,曇,曇時々雨,
2022-05-16,14.5,15.6,13.2,7.5,0.0,雨時々曇,曇,
2022-05-17,15.7,18.2,13.7,0.5,0.0,曇時々雨,曇後晴,
2022-05-18,18.8,24.9,13.4,0.0,11.8,薄曇,晴時々薄曇,
2022-05-19,20.5,26.6,14.2,0.0,9.2,晴後薄曇,薄曇,
2022-05-20,21.2,25.9,16.3,0.0,5.1,薄曇,曇,
2022-05-21,18.2,20.7,15.0,39.5,0.0,曇時々大雨,雨時々曇,
2022-05-22,19.0,25.9,14.0,1.5,5.4,曇時々晴,曇時々雨、雷を伴う,
2022-05-23,19.6,26.1,16.0,0.5,6.7,晴一時曇,曇,
2022-05-24,20.9,26.2,16.5,0.0,10.8,晴一時曇,晴,
2022-05-25,21.8,27.0,18.0,0.0,8.8,薄曇一時晴,晴,
2022-05-26,21.6,26.2,17.2,0.0,8.3,薄曇,曇一時雨,
2022-05-27,21.0,24.6,19.2,59.5,1.2,大雨後曇,曇後晴,
2022-05-28,22.4,27.7,16.8,0.0,10.1,晴,薄曇時々晴,
2022-05-29,24.1,31.2,16.6,0.0,13.3,快晴,晴,
2022-05-30,22.3,27.8,18.8,0.0,11.4,晴後一時曇,曇後雨,
2022-05-31,18.7,20.4,16.6,19.0,0.2,曇時々雨,曇,
2022-06-01,21.8,27.1,17.3,0.0,8.2,薄曇,晴時々曇,
2022-06-02,22.5,28.1,17.6,0.0,10.2,晴,晴一時薄曇,
2022-06-03,20.6,27.2,17.3,5.0,5.1,薄曇後時々雨、雷を伴う,晴時々曇,
2022-06-04,20.3,25.6,15.8,0.0,10.5,晴一時薄曇,曇一時晴,
2022-06-05,21.5,26.2,18.2,0.0,4.2,曇,雨時々曇,
2022-06-06,16.6,18.4,15.7,43.5,0.0,大雨,雨後時々曇,
2022-06-07,16.8,19.8,15.3,3.5,0.2,曇時々雨,曇時々雨,
2022-06-08,17.2,20.5,14.7,0.0,0.8,曇,曇時々雨一時霧雨,
2022-06-09,19.1,24.7,15.9,0.0,4.8,曇時々雨後晴,曇,
2022-06-10,21.2,25.2,18.0,0.0,1.7,曇一時晴,曇時々晴,
2022-06-11,21.9,25.4,19.4,0.5,0.2,曇,雨後一時曇,
2022-06-12,21.4,26.6,18.0,0.5,5.6,曇時々晴一時雨,晴後一時薄曇,
2022-06-13,21.2,27.4,17.0,0.0,9.5,薄曇一時晴,曇,
2022-06-14,17.3,18.6,15.4,0.5,0.0,曇後時々雨,雨後一時曇,
2022-06-15,16.9,18.7,15.1,3.0,0.0,雨時々曇一時霧雨,曇,
2022-06-16,20.3,24.1,17.3,0.0,0.1,曇,薄曇,
2022-06-17,22.8,28.0,19.1,0.0,4.0,曇後一時晴,薄曇,
2022-06-18,22.7,25.9,19.9,2.5,0.0,薄曇,雨後晴一時薄曇,
2022-06-19,24.0,28.9,19.5,0.0,12.1,薄曇時々晴,薄曇,
2022-06-20,25.1,30.3,21.4,0.0,5.1,薄曇,薄曇後一時晴,
2022-06-21,25.2,30.1,22.2,0.5,2.6,薄曇後一時雨,雨,
2022-06-22,23.8,28.6,21.4,4.5,0.6,曇一時雨,曇一時雨,
2022-06-23,23.5,26.2,21.6,0.0,0.1,曇,曇,
2022-06-24,27.5,32.6,22.9,0.0,7.7,薄曇後一時晴,晴一時薄曇,
2022-06-25,30.0,35.4,25.9,0.0,12.4,快晴,晴,
2022-06-26,29.6,36.2,25.7,0.0,11.4,晴,晴,
2022-06-27,29.5,35.7,24.1,0.0,11.8,晴時々薄曇,晴時々薄曇,
2022-06-28,29.2,35.1,24.8,0.0,13.0,晴,薄曇一時晴,
2022-06-29,29.4,35.4,25.3,0.0,12.5,薄曇,晴時々薄曇,
2022-06-30,30.8,36.4,25.3,0.0,13.2,薄曇後晴,晴,
2022-07-01,30.4,37.0,25.4,0.0,11.5,晴,晴,
2022-07-02,29.5,35.2,25.4,0.0,10.6,晴一時薄曇,晴時々薄曇,
2022-07-03,28.9,35.3,25.2,0.0,2.7,曇時々雨,曇,
2022-07-04,26.5,29.3,24.4,3.5,0.1,雨時々曇,曇時々晴,
2022-07-05,26.2,32.1,23.9,2.0,3.5,曇後時々雨,雨時々曇,
2022-07-06,26.0,31.1,23.6,0.0,1.0,曇,曇,
2022-07-07,25.5,31.4,23.1,0.0,3.3,曇後時々晴,晴後一時曇,
2022-07-08,26.0,31.0,22.4,0.0,5.1,曇後晴,曇時々晴,
2022-07-09,26.6,32.0,21.8,0.0,10.8,薄曇後一時晴,曇後一時雨,
2022-07-10,27.4,31.8,24.3,0.0,7.3,曇時々雨後晴,曇時々晴,
2022-07-11,28.1,34.4,24.9,0.0,7.3,薄曇時々晴,曇,
2022-07-12,25.9,28.5,22.7,32.0,0.0,曇一時雨,大雨,
2022-07-13,23.7,25.2,22.6,53.0,0.0,雨時々曇,曇時々雨,
2022-07-14,23.8,26.9,22.8,22.5,0.1,雨時々曇,雨時々曇,
2022-07-15,23.8,25.3,23.0,61.5,0.0,大雨時々曇,雨時々曇,
2022-07-16,23.5,24.7,22.6,9.0,0.0,雨時々霧雨一時曇,雨時々曇,
2022-07-17,25.4,29.8,22.1,1.5,5.5,曇一時晴,晴時々曇,
2022-07-18,27.5,32.2,23.1,0.0,7.3,薄曇一時晴,曇,
2022-07-19,27.4,31.6,25.6,0.0,0.4,雨時々曇,曇一時晴,
2022-07-20,29.7,34.5,24.8,0.0,8.1,薄曇,曇時々晴,
2022-07-21,28.1,32.8,25.0,0.0,6.3,薄曇後一時雨,曇一時雨,
2022-07-22,28.3,32.8,26.1,1.5,7.2,曇時々晴一時雨,晴後一時曇,
2022-07-23,28.7,33.6,25.1,0.0,8.1,晴,晴時々曇,
2022-07-24,28.3,32.8,24.9,0.0,9.3,晴時々曇,晴時々薄曇,
2022-07-25,29.2,33.5,25.5,0.0,11.2,晴時々薄曇,曇時々雨,
2022-07-26,26.6,29.1,24.9,45.5,0.6,大雨時々曇,曇,
2022-07-27,29.4,33.6,26.2,0.0,10.7,曇時々晴,晴,
2022-07-28,28.8,32.9,25.5,1.0,8.3,晴時々薄曇,曇一時雨,
2022-07-29,29.1,33.9,24.6,0.0,11.7,晴一時曇,晴後一時曇,
2022-07-30,29.9,34.5,26.5,0.0,8.9,晴,晴,
2022-07-31,30.8,35.0,27.2,0.0,9.5,晴,晴時々薄曇,
2022-08-01,30.6,35.9,27.1,0.0,10.6,薄曇時々晴,曇,
2022-08-02,31.6,35.9,27.6,0.0,10.7,薄曇一時晴,薄曇後晴,
2022-08-03,31.5,36.1,28.2,0.0,8.3,曇時々晴一時雨、雷を伴う,曇後一時雨、雷を伴う,
2022-08-04,24.6,29.7,22.2,18.0,0.0,曇時々雨、雷を伴う,曇時々雨、雷を伴う,
2022-08-05,23.8,27.7,21.6,0.0,0.2,曇,曇,
2022-08-06,25.2,28.8,22.3,0.0,2.3,曇,曇,
2022-08-07,27.6,33.0,24.4,0.0,2.5,曇,晴,
2022-08-08,29.8,33.9,26.2,0.0,9.2,晴,薄曇一時晴,
2022-08-09,30.9,35.7,27.7,0.0,11.9,薄曇後晴,晴,
2022-08-10,30.5,35.3,27.5,0.0,12.1,晴,薄曇後晴,
2022-08-11,29.5,34.3,26.8,0.0,10.1,晴時々薄曇,晴後時々曇,
2022-08-12,28.3,32.0,25.3,2.0,3.8,曇時々雨一時晴,雨時々曇,
2022-08-13,25.5,28.6,23.8,47.5,0.2,雨一時曇、雷を伴う,晴時々雨一時曇,
2022-08-14,28.2,33.3,23.7,0.0,4.4,曇,晴時々薄曇,
2022-08-15,29.4,34.0,25.9,0.0,7.0,薄曇,晴時々薄曇,
2022-08-16,31.0,36.4,27.9,0.0,7.7,薄曇,曇一時雨,
2022-08-17,27.3,32.3,23.4,5.0,1.0,雨時々曇一時晴,曇時々雨,
2022-08-18,26.8,31.1,23.7,13.0,3.8,雨後晴一時曇,晴,
2022-08-19,27.5,32.5,22.7,0.0,10.6,晴,晴後時々薄曇,
2022-08-20,26.4,31.2,23.8,1.5,3.3,曇後時々雨,雨時々曇,
2022-08-21,26.0,29.0,23.8,1.0,1.1,曇一時雨,曇後一時雨,
2022-08-22,26.2,29.5,23.6,0.0,0.4,曇,曇,
2022-08-23,28.7,33.5,24.7,0.0,6.1,曇後一時晴,晴時々曇,
2022-08-24,27.8,32.7,22.6,2.0,3.8,曇時々雨一時晴,曇時々雨,
2022-08-25,25.7,29.3,23.0,0.0,0.4,曇,曇,
2022-08-26,27.0,31.3,24.2,3.5,0.4,曇後一時雨,曇後一時雨,
2022-08-27,29.0,33.9,26.5,0.0,8.1,晴一時曇,晴後曇,
2022-08-28,23.7,28.1,21.4,5.0,0.2,雨時々曇一時晴,曇後一時晴,
2022-08-29,23.3,28.0,18.6,0.5,4.4,曇時々晴一時雨,曇一時雨,
2022-08-30,22.8,26.2,20.2,5.0,0.0,曇時々雨,霧雨時々曇一時雨,
2022-08-31,27.1,32.5,22.3,1.0,5.8,曇後一時晴,晴後曇時々雨,
2022-09-01,27.1,32.7,23.6,23.0,2.3,曇時々雨一時晴、雷を伴う,曇一時雨、雷を伴う,
2022-09-02,23.2,25.1,21.4,15.0,0.0,雨一時曇,曇一時雨,
2022-09-03,24.6,29.1,21.5,0.0,2.1,曇後一時晴,晴後曇,
2022-09-04,26.1,31.8,23.1,0.0,4.6,晴時々曇,曇一時晴,
2022-09-05,26.6,31.3,23.9,0.0,5.9,曇後晴,曇時々晴後一時雨,
2022-09-06,27.8,32.0,23.9,0.0,6.6,晴後一時曇,曇時々晴,
2022-09-07,26.8,30.0,24.4,6.0,0.5,曇時々雨,雨時々曇、雷を伴う,
2022-09-08,23.5,26.0,21.4,1.0,0.0,曇時々雨,曇時々雨,
2022-09-09,24.5,28.8,21.6,0.5,2.8,曇一時雨,曇一時晴,
2022-09-10,25.3,30.6,22.0,0.0,10.1,晴一時曇,晴後曇,
2022-09-11,24.4,28.3,21.3,0.0,1.1,曇,曇後一時晴,
2022-09-12,25.8,30.9,22.3,1.5,9.7,薄曇時々晴,曇時々雨,
2022-09-13,26.1,31.2,22.0,0.0,4.5,曇,晴時々薄曇,
2022-09-14,26.7,32.3,22.9,0.0,8.7,薄曇時々晴,曇時々晴,
2022-09-15,23.6,27.1,20.9,0.0,0.3,曇,晴時々曇,
2022-09-16,25.1,31.1,19.5,0.0,10.2,晴,曇時々晴,
2022-09-17,26.9,31.1,22.8,0.0,7.3,薄曇,曇一時雨,
2022-09-18,25.2,26.7,23.7,72.5,0.0,大雨時々曇、雷を伴う,曇一時雨,
2022-09-19,27.1,30.8,24.7,18.5,2.4,曇時々雨,曇時々雨,
2022-09-20,22.3,27.8,17.0,50.0,0.0,大雨,雨時々曇,
2022-09-21,19.5,24.2,16.5,0.0,3.4,曇一時晴,曇,
2022-09-22,20.3,24.9,17.2,0.0,3.8,曇後一時雨,雨時々曇,
2022-09-23,21.7,25.1,19.0,9.5,0.0,曇時々雨,大雨時々曇,
2022-09-24,23.1,25.8,20.5,112.5,0.2,大雨時々曇、雷を伴う,曇時々雨一時晴,
2022-09-25,22.9,27.6,20.1,0.0,9.4,晴一時曇,晴一時曇,
2022-09-26,23.3,29.1,18.5,0.0,11.4,快晴,快晴,
2022-09-27,23.2,29.0,19.4,0.0,7.4,晴後曇,薄曇後一時晴,
2022-09-28,22.8,27.5,18.7,0.0,9.5,晴,曇一時雨,
2022-09-29,22.4,26.7,20.3,0.0,1.9,曇,曇時々雨,
2022-09-30,23.2,28.3,19.2,0.0,8.4,晴,晴,
2022-10-01,23.6,29.2,19.8,0.0,9.1,晴,晴後一時薄曇,
2022-10-02,23.5,29.6,18.9,0.0,10.4,快晴,曇時々晴,
2022-10-03,23.0,27.6,20.1,0.0,1.7,曇,晴,
2022-10-04,25.2,29.5,20.5,0.0,8.8,晴時々薄曇,晴時々薄曇,
2022-10-05,19.8,25.2,14.3,14.0,0.0,雨一時曇,雨時々曇,
2022-10-06,13.1,15.0,11.4,9.0,0.0,雨後一時曇,曇,
2022-10-07,12.4,13.3,11.3,53.0,0.0,大雨,曇時々雨,
2022-10-08,16.1,20.9,12.1,0.0,1.4,曇,曇時々晴,
2022-10-09,17.0,21.1,14.3,7.5,1.4,曇後一時雨,雨,
2022-10-10,18.1,22.8,14.7,9.0,0.4,曇後一時晴,薄曇,
2022-10-11,21.6,25.8,17.6,0.0,6.4,薄曇,曇,
2022-10-12,18.5,20.0,17.4,0.0,0.0,曇時々雨,雨時々曇,
2022-10-13,15.8,17.9,14.9,9.5,0.0,雨時々曇,雨一時曇,
2022-10-14,17.9,20.5,14.9,5.0,0.0,曇時々雨,曇後一時霧雨,
2022-10-15,20.2,24.7,17.5,0.0,1.8,曇一時雨,晴一時曇,
2022-10-16,20.0,25.5,16.1,0.0,1.0,曇後一時晴,曇,
2022-10-17,20.1,21.9,18.7,1.5,0.0,曇時々雨,雨一時曇,
2022-10-18,16.2,18.8,13.0,4.0,0.4,曇,雨時々曇,
2022-10-19,14.6,18.8,11.4,1.5,1.9,曇時々晴,晴,
2022-10-20,14.7,20.7,9.7,0.0,10.2,快晴,快晴,
2022-10-21,16.7,23.2,10.9,0.0,9.9,晴,曇,
2022-10-22,16.6,20.8,14.1,0.0,0.3,曇,曇時々晴,
2022-10-23,18.2,23.8,13.1,0.0,9.0,晴後時々薄曇,曇時々晴一時雨,
2022-10-24,13.3,17.2,11.9,0.0,0.1,曇時々雨,曇時々雨,
2022-10-25,12.8,14.4,10.2,1.0,0.1,曇,曇時々雨,
2022-10-26,13.8,18.9,9.5,3.0,9.6,快晴,快晴,
2022-10-27,12.8,17.7,8.5,0.0,6.1,曇時々晴,薄曇時々晴,
2022-10-28,13.5,19.2,9.9,0.0,3.7,曇後晴,快晴,
2022-10-29,15.8,22.0,10.8,0.0,8.3,晴,晴一時曇,
2022-10-30,13.8,19.2,10.2,0.0,7.7,晴時々薄曇,快晴,
2022-10-31,14.7,20.1,10.3,0.0,9.7,快晴,晴後薄曇,
2022-11-01,14.8,17.6,12.1,0.0,0.1,曇,曇時々雨後晴,
2022-11-02,16.7,22.8,11.6,0.0,9.5,快晴,晴,
2022-11-03,17.8,24.3,12.8,0.0,8.6,晴,晴一時曇,
2022-11-04,15.5,21.0,11.9,0.0,5.7,晴後時々曇,曇一時雨,
2022-11-05,14.0,17.3,11.7,0.0,2.2,曇時々晴,晴一時曇,
2022-11-06,13.5,18.4,10.0,0.0,8.8,晴,晴一時薄曇,
2022-11-07,13.7,18.2,9.6,0.0,4.6,曇時々晴,晴時々曇,
2022-11-08,15.9,22.2,11.0,0.0,9.3,快晴,快晴,
2022-11-09,14.6,19.2,10.4,0.0,6.5,晴一時曇,晴,
2022-11-10,15.2,21.8,9.9,0.0,7.7,晴後曇,快晴,
2022-11-11,16.1,21.6,10.4,0.0,9.1,快晴,晴一時曇,
2022-11-12,16.6,21.8,13.1,0.0,8.1,晴一時曇,快晴,
2022-11-13,18.0,24.1,13.0,0.5,4.0,薄曇時々雨一時晴,晴時々曇一時雨,
2022-11-14,16.1,18.8,14.2,0.0,5.4,晴時々曇一時雨,雨時々曇,
2022-11-15,11.1,14.4,9.4,6.0,0.0,雨後一時晴,晴,
2022-11-16,12.4,17.3,8.3,0.0,9.1,快晴,晴一時曇,
2022-11-17,12.8,17.7,7.7,0.0,6.5,曇一時晴,薄曇後晴,
2022-11-18,13.2,17.9,9.2,0.0,8.8,晴,晴一時曇,
2022-11-19,13.7,18.5,8.9,0.0,8.7,晴後時々薄曇,曇一時晴,
2022-11-20,11.6,13.7,10.3,6.0,0.0,曇後雨,雨後曇,
2022-11-21,13.4,17.8,10.8,3.0,4.3,雨時々曇後晴,晴一時薄曇,
2022-11-22,15.4,20.4,10.1,0.0,7.2,晴後薄曇,曇後時々雨,
2022-11-23,11.7,15.3,10.3,42.0,0.0,雨,雨時々曇後晴,
2022-11-24,15.3,20.9,9.5,0.5,7.4,晴後薄曇,曇後晴一時雨,
2022-11-25,13.5,17.8,10.5,0.5,9.1,快晴,晴後曇一時雨,
2022-11-26,12.7,16.6,10.5,1.0,0.8,曇一時雨,晴一時曇,
2022-11-27,14.4,19.2,10.8,0.0,9.0,快晴,曇時々晴,
2022-11-28,11.7,14.3,8.4,0.0,0.1,曇,曇一時晴,
2022-11-29,16.7,21.3,11.6,10.5,0.0,曇時々雨,大雨時々曇,
2022-11-30,16.6,20.6,13.4,32.5,0.3,曇,曇,
2022-12-01,10.1,13.6,8.4,0.5,0.0,雨時々曇,曇,
2022-12-02,9.4,13.3,6.1,0.0,2.0,曇時々晴,晴時々曇,
2022-12-03,7.8,11.7,5.4,0.0,2.3,曇後一時晴,晴,
2022-12-04,10.2,15.9,4.9,0.0,4.4,晴後曇,曇一時雨,
2022-12-05,7.6,10.3,5.2,19.5,0.0,雨時々曇,雨,
2022-12-06,6.1,8.6,4.1,9.5,0.1,雨後曇,晴,
2022-12-07,8.5,14.2,3.6,0.0,8.0,晴一時薄曇,晴一時薄曇,
2022-12-08,9.3,14.9,4.3,0.0,8.8,快晴,晴時々薄曇,
2022-12-09,9.3,13.8,5.0,0.0,5.7,晴一時曇,晴時々薄曇,
2022-12-10,10.4,15.8,5.0,0.0,8.8,晴,晴時々薄曇,
2022-12-11,9.5,15.2,6.4,0.0,4.3,薄曇時々雨一時晴,曇時々雨一時晴,
2022-12-12,8.2,11.8,5.8,0.0,8.5,晴,晴後雨時々曇,
2022-12-13,7.2,10.1,5.3,3.5,1.8,雨時々曇後晴,快晴,
2022-12-14,9.2,15.4,4.9,0.0,8.5,晴,晴,
2022-12-15,7.0,12.4,3.0,0.0,7.6,晴一時曇,快晴,
2022-12-16,8.2,14.1,2.3,0.0,8.9,快晴,晴後曇,
2022-12-17,6.7,10.1,4.5,3.5,0.7,曇,雨時々曇,
2022-12-18,6.5,11.3,2.8,2.5,6.4,晴一時雨,快晴,
2022-12-19,4.9,10.1,0.0,0.0,9.0,快晴,快晴,
2022-12-20,5.4,10.9,0.8,0.0,9.0,快晴,晴後曇,
2022-12-21,6.5,9.9,2.8,0.0,3.2,曇後一時晴,曇時々雨,
2022-12-22,7.2,10.7,4.1,17.5,1.0,雨後晴時々曇,晴,
2022-12-23,5.4,8.4,2.2,0.0,9.0,快晴,快晴,
2022-12-24,6.2,11.5,-0.1,0.0,8.9,快晴,快晴,
2022-12-25,6.9,13.1,1.8,0.0,8.8,晴,晴,
2022-12-26,6.3,11.4,1.8,0.0,8.9,晴時々薄曇,快晴,
2022-12-27,6.8,12.3,2.0,0.0,8.9,快晴,晴後一時曇,
2022-12-28,6.5,11.9,2.8,0.0,6.5,晴時々曇,快晴,
2022-12-29,8.1,13.7,2.9,0.0,8.7,快晴,晴,
2022-12-30,6.6,11.8,2.8,0.0,4.2,曇後晴,晴後一時曇,
2022-12-31,5.7,10.5,3.1,0.0,2.8,曇後晴,快晴,
2023-01-01,6.6,13.0,0.9,0.0,8.8,快晴,快晴,
2023-01-02,6.2,12.1,2.0,0.0,6.3,晴,晴一時曇,
2023-01-03,5.8,11.0,0.5,0.0,8.9,快晴,快晴,
2023-01-04,5.6,11.0,1.3,0.0,8.4,晴,快晴,
2023-01-05,5.9,10.6,2.6,0.0,8.8,快晴,晴,
2023-01-06,5.3,9.9,0.0,0.0,7.8,薄曇時々晴,曇,
2023-01-07,6.0,10.4,3.0,0.0,8.8,晴,晴,
2023-01-08,7.0,12.5,1.6,0.0,8.8,快晴,晴時々曇,
2023-01-09,8.0,13.9,2.4,0.0,8.8,快晴,晴,
2023-01-10,6.3,9.9,2.8,0.0,8.9,快晴,快晴,
2023-01-11,5.4,10.7,1.5,0.0,6.9,晴一時曇,快晴,
2023-01-12,6.1,12.6,1.3,0.0,8.7,晴時々薄曇,快晴,
2023-01-13,8.7,14.0,3.1,0.0,6.0,晴後薄曇,曇時々雨後晴,
2023-01-14,9.5,14.2,7.1,1.5,0.0,曇時々雨,曇,
2023-01-15,10.3,12.0,7.6,3.0,0.0,曇後雨,雨後一時曇,
2023-01-16,6.3,7.7,3.6,8.0,0.0,雨一時曇,曇後晴,
2023-01-17,4.7,7.6,2.1,1.5,2.0,曇一時晴,曇時々雨,
2023-01-18,7.3,12.4,3.8,0.0,5.3,曇時々晴,晴時々曇,
2023-01-19,6.3,9.1,2.7,0.0,2.9,晴後曇,曇時々雨,
2023-01-20,7.6,12.3,3.9,0.5,8.8,晴,快晴,
2023-01-21,5.6,9.0,3.2,0.0,9.0,晴一時薄曇,曇一時晴,
2023-01-22,4.9,8.9,1.7,0.0,5.2,薄曇一時晴,薄曇後一時雨,
2023-01-23,4.5,6.1,2.8,0.5,0.1,雨後曇,曇,
2023-01-24,4.7,11.8,-0.8,0.5,5.1,薄曇時々雨後一時晴,曇後晴,
2023-01-25,-0.3,3.7,-2.9,0.0,9.2,晴,快晴,
2023-01-26,3.0,8.5,-3.4,0.0,8.8,晴後一時薄曇,曇一時晴,
2023-01-27,3.8,6.6,1.5,0.0,1.0,曇後一時雨,曇時々雨後晴,
2023-01-28,3.7,8.3,0.4,0.0,7.8,晴後一時曇,晴,
2023-01-29,3.4,8.8,-1.6,0.0,9.2,快晴,快晴,
2023-01-30,4.2,10.0,-0.7,0.0,7.3,晴後一時曇,晴,
2023-01-31,4.6,9.0,1.3,0.0,7.4,晴後時々曇,晴時々曇,
2023-02-01,6.8,13.1,-0.7,0.0,8.7,晴一時薄曇,晴後一時薄曇,
2023-02-02,6.4,9.2,4.7,0.0,3.6,薄曇一時晴,曇,
2023-02-03,4.8,6.2,3.2,0.0,0.1,曇,曇時々晴,
2023-02-04,6.5,11.2,2.2,0.0,6.2,晴時々曇,快晴,
2023-02-05,6.8,12.0,1.4,0.0,9.3,晴,快晴,
2023-02-06,7.8,13.6,3.2,0.0,8.1,晴後薄曇,薄曇一時晴,
2023-02-07,10.5,15.4,6.7,0.0,4.0,曇,曇,
2023-02-08,8.7,11.7,5.6,0.0,1.8,曇,晴一時雨,
2023-02-09,6.2,10.6,2.3,0.0,9.6,晴後一時薄曇,晴後曇,
2023-02-10,1.9,3.5,0.0,27.5,0.0,雪一時みぞれ後雨,雨一時曇後晴,
2023-02-11,8.7,14.1,2.6,0.0,9.5,晴,曇,
2023-02-12,11.0,16.9,4.9,0.0,6.6,薄曇時々晴,曇後時々雨,
2023-02-13,7.7,10.3,4.9,10.5,0.0,雨一時曇,曇時々晴一時雨,
2023-02-14,5.6,10.7,3.3,0.0,3.0,曇時々晴,曇一時晴,
2023-02-15,3.5,7.8,0.8,0.0,6.2,晴一時曇,晴,
2023-02-16,4.1,9.6,-0.7,0.0,9.9,快晴,晴時々曇,
2023-02-17,5.7,10.8,0.8,0.0,9.7,晴,快晴,
2023-02-18,8.9,15.0,1.8,0.0,9.4,晴,曇一時晴,
2023-02-19,11.8,18.5,6.9,0.0,1.1,曇,薄曇,
2023-02-20,9.7,14.7,4.7,0.0,8.8,晴後一時雨,曇時々晴,
2023-02-21,4.7,9.2,2.2,0.0,10.1,快晴,快晴,
2023-02-22,5.5,10.4,0.2,0.0,10.2,快晴,曇時々晴後一時雨,
2023-02-23,8.5,14.4,4.6,0.0,5.9,曇後晴,晴後薄曇,
2023-02-24,8.9,12.1,6.0,2.5,0.0,曇後一時雨,雨一時曇後晴,
2023-02-25,7.5,12.7,4.0,0.0,4.6,曇時々晴,曇後晴,
2023-02-26,6.0,10.7,1.9,0.0,10.7,快晴,快晴,
2023-02-27,8.7,15.0,3.0,0.0,10.7,快晴,快晴,
2023-02-28,11.6,19.4,3.1,0.0,10.8,快晴,晴時々薄曇,
2023-03-01,13.8,19.4,7.3,0.0,6.5,曇,曇時々晴,
2023-03-02,12.8,20.0,6.1,0.0,4.1,晴時々曇一時雨,晴時々曇,
2023-03-03,7.8,13.4,3.6,0.0,6.4,曇後晴,晴一時曇,
2023-03-04,10.5,17.4,5.0,0.0,9.8,晴後薄曇,曇,
2023-03-05,9.5,13.1,6.9,0.0,1.7,曇,雨,
2023-03-06,9.9,15.0,6.8,1.0,3.7,曇時々晴一時雨,快晴,
2023-03-07,12.1,18.8,6.5,0.0,10.4,快晴,快晴,
2023-03-08,14.0,21.3,7.2,0.0,10.5,快晴,晴時々薄曇,
2023-03-09,15.9,22.2,9.4,0.0,9.6,晴後薄曇,薄曇後一時雨,
2023-03-10,17.3,22.9,12.5,1.0,7.2,晴一時雨,快晴,
2023-03-11,14.7,20.8,9.0,0.0,10.4,快晴,快晴,
2023-03-12,14.5,18.8,9.7,0.0,5.5,曇,曇後一時晴,
2023-03-13,13.9,16.7,9.7,9.0,0.6,曇時々雨,曇,
2023-03-14,10.0,14.6,7.1,0.0,6.4,晴時々曇一時雨,晴後時々曇,
2023-03-15,12.3,17.9,6.8,0.0,9.9,晴,晴一時曇,
2023-03-16,14.5,20.9,8.5,0.0,10.7,薄曇時々晴,薄曇後晴,
2023-03-17,12.5,15.1,9.5,0.0,0.0,曇,雨,
2023-03-18,8.1,9.5,6.9,32.0,0.0,雨,曇時々晴一時雨,
2023-03-19,10.0,15.5,4.4,0.0,11.1,快晴,快晴,
2023-03-20,13.1,19.2,6.1,0.0,11.1,晴後一時薄曇,曇後晴,
2023-03-21,14.7,18.5,10.8,0.0,0.9,曇,薄曇後一時晴,
2023-03-22,17.2,23.8,12.4,0.0,7.9,晴,晴後曇,
2023-03-23,16.5,19.7,13.9,14.5,0.0,雨時々曇,雨後曇一時晴,
2023-03-24,18.1,25.0,13.8,15.5,1.6,曇時々雨,雨一時曇,
2023-03-25,11.0,14.1,9.4,26.0,0.0,雨後時々曇,雨一時曇,
2023-03-26,11.4,12.5,10.4,27.0,0.0,雨,曇一時雨,
2023-03-27,13.4,16.9,11.2,0.0,2.3,曇,曇後雨,
2023-03-28,10.2,13.4,7.5,3.0,1.7,雨後曇時々晴,曇一時晴,
2023-03-29,12.6,18.6,8.3,15.5,3.7,晴時々曇,曇時々雨、雷を伴う,
2023-03-30,14.1,19.7,10.1,0.5,5.8,晴時々薄曇,晴時々薄曇,
2023-03-31,15.0,20.1,10.4,0.0,4.6,薄曇後一時晴,快晴,
2023-04-01,16.0,23.3,10.3,0.0,10.6,快晴,曇一時雨,
2023-04-02,14.1,19.0,11.1,0.0,2.0,曇,曇後一時晴,
2023-04-03,12.8,18.4,9.5,0.0,8.4,晴一時曇,快晴,
2023-04-04,14.0,21.0,7.7,0.0,10.5,晴一時薄曇,晴一時薄曇,
2023-04-05,16.1,21.8,9.8,0.0,6.3,薄曇,曇,
2023-04-06,18.8,23.4,16.3,0.0,3.5,曇時々雨後晴,晴後曇一時雨,
2023-04-07,18.5,21.3,17.0,11.5,0.2,雨時々曇,雨後曇一時晴,
2023-04-08,14.6,21.1,9.1,3.5,2.6,晴後雨時々曇,晴一時曇,
2023-04-09,11.8,17.7,6.6,0.0,12.0,快晴,快晴,
2023-04-10,14.6,21.6,7.4,0.0,11.9,快晴,快晴,
2023-04-11,18.2,25.0,10.9,0.0,11.4,快晴,曇一時晴,
2023-04-12,19.2,24.5,14.3,0.0,5.5,薄曇時々晴,晴時々曇,
2023-04-13,16.1,21.3,10.6,0.0,11.8,晴,快晴,
2023-04-14,18.2,22.5,13.2,0.0,6.1,曇,曇後一時雨,
2023-04-15,14.3,18.0,12.8,33.0,0.0,大雨,雨後時々曇,
2023-04-16,16.2,24.5,13.0,13.5,4.6,曇時々晴一時雨、雷・ひょうを伴う,晴時々曇一時雨、雷を伴う,
2023-04-17,15.1,20.3,10.1,1.0,8.4,晴一時曇,晴後一時曇,
2023-04-18,13.6,21.0,9.5,0.0,3.4,曇,曇後晴,
2023-04-19,18.0,24.9,10.1,0.0,9.9,晴後曇,曇,
2023-04-20,20.4,26.0,16.5,0.0,10.6,晴一時曇,晴後時々薄曇,
2023-04-21,21.6,26.8,17.9,0.0,9.2,薄曇,曇一時雨,
2023-04-22,14.9,18.4,12.4,0.0,1.0,曇後一時晴,晴一時曇,
2023-04-23,14.2,20.5,10.0,0.0,7.8,曇後晴,曇一時晴,
2023-04-24,13.2,16.0,11.0,0.0,0.0,曇,曇後晴,
2023-04-25,14.1,19.1,8.5,0.0,5.6,曇時々晴,曇時々雨,
2023-04-26,15.6,19.7,13.4,23.5,0.0,雨,曇一時雨後晴,
2023-04-27,17.2,23.8,11.6,0.0,12.5,快晴,快晴,
2023-04-28,18.7,24.1,13.7,0.0,11.7,晴後薄曇,晴一時薄曇,
2023-04-29,19.4,23.8,15.3,1.0,9.7,薄曇,雨時々曇,
2023-04-30,19.7,22.0,17.0,3.0,0.0,曇時々雨,曇,
2023-05-01,17.8,22.5,13.4,1.0,4.3,曇後晴,晴時々曇一時雨,
2023-05-02,17.4,23.0,12.7,0.0,12.6,快晴,晴後一時薄曇,
2023-05-03,17.8,23.4,11.8,0.0,10.6,晴時々薄曇,晴,
2023-05-04,19.7,25.7,13.8,0.0,12.4,快晴,晴一時薄曇,
2023-05-05,21.1,26.6,15.9,0.0,11.4,晴時々薄曇,薄曇,
2023-05-06,23.0,27.9,19.6,0.0,8.9,薄曇,薄曇時々雨,
2023-05-07,17.6,22.3,12.5,43.5,0.0,大雨,雨,
2023-05-08,12.9,16.6,10.3,30.5,0.5,曇時々雨,薄曇,
2023-05-09,15.1,20.6,10.1,0.0,11.7,薄曇時々晴,快晴,
2023-05-10,17.7,25.0,11.4,0.0,11.2,晴後薄曇,薄曇後晴,
2023-05-11,15.8,23.4,10.7,9.0,5.9,晴後雨時々曇、雷を伴う,晴時々曇,
2023-05-12,17.1,21.9,11.3,0.0,7.9,曇時々晴,曇,
2023-05-13,16.7,18.1,15.4,5.0,0.3,雨一時曇,曇後時々雨,
2023-05-14,16.9,21.2,14.3,3.0,0.4,曇後一時雨,雨一時曇,
2023-05-15,16.1,18.1,14.6,15.5,0.0,雨,薄曇時々雨後晴,
2023-05-16,19.9,27.5,13.1,0.0,13.1,晴後時々薄曇,快晴,
2023-05-17,22.8,31.6,15.1,0.0,12.6,快晴,快晴,
2023-05-18,25.4,32.2,18.7,0.0,11.9,薄曇一時晴,薄曇,
2023-05-19,20.6,24.5,17.1,12.0,0.0,曇後雨,雨時々霧雨一時曇,
2023-05-20,18.8,22.8,16.4,4.0,0.7,雨後曇時々晴,晴一時曇,
2023-05-21,21.1,26.3,16.1,0.0,6.7,薄曇時々晴,曇後時々晴,
2023-05-22,22.5,29.4,16.5,0.0,4.6,曇一時晴,雨時々曇,
2023-05-23,13.9,17.2,12.3,14.0,0.0,雨,雨時々曇後晴,
2023-05-24,18.2,23.9,11.8,0.0,13.3,快晴,晴後一時曇,
2023-05-25,18.6,23.8,13.6,0.0,6.8,曇,晴時々薄曇,
2023-05-26,20.1,24.9,16.0,0.0,5.1,薄曇,薄曇後一時晴,
2023-05-27,21.2,26.7,16.5,0.0,12.5,薄曇,薄曇時々晴,
2023-05-28,21.6,25.8,17.8,0.0,6.1,曇,雨一時曇,
2023-05-29,19.8,21.3,18.8,18.5,0.0,雨一時曇,雨時々曇,
2023-05-30,21.4,26.3,18.6,0.0,3.1,曇一時雨後時々晴,曇後時々雨,
2023-05-31,19.3,22.2,16.0,3.0,1.3,曇一時雨後一時晴,晴一時曇,
2023-06-01,20.8,26.2,15.3,0.0,8.1,曇,曇後大雨,
2023-06-02,21.3,23.8,19.7,168.5,0.0,大雨,大雨,
2023-06-03,20.0,24.0,17.5,92.5,4.5,雨時々曇後晴,晴一時曇,
2023-06-04,21.6,27.5,15.3,0.0,8.1,晴後曇,薄曇,
2023-06-05,23.1,29.8,18.4,0.0,8.6,薄曇,晴時々薄曇,
2023-06-06,20.7,25.1,17.0,3.0,0.8,曇後一時雨,雨,
2023-06-07,22.5,29.6,17.0,5.5,9.0,薄曇時々晴一時雨,薄曇後一時晴,
2023-06-08,23.1,28.7,18.5,1.0,6.6,薄曇一時晴,雨,
2023-06-09,20.2,22.2,18.2,24.0,0.0,雨後曇,曇後時々雨,
2023-06-10,22.4,26.0,19.7,0.0,0.6,曇,曇後一時雨,
2023-06-11,21.2,22.8,20.1,16.5,0.0,雨一時曇,雨一時霧雨,
2023-06-12,21.3,22.5,20.5,12.5,0.0,雨後一時曇,雨時々曇,
2023-06-13,23.7,29.4,19.9,1.0,3.6,晴時々曇,曇一時晴後一時雨,
2023-06-14,23.6,25.8,21.4,3.5,0.0,曇一時雨,曇時々雨,
2023-06-15,21.7,24.1,20.3,6.0,0.0,曇後雨,雨後晴一時曇,
2023-06-16,24.6,30.7,19.7,1.5,12.0,晴,晴,
2023-06-17,25.4,30.9,18.8,0.0,13.3,晴,快晴,
2023-06-18,25.7,31.1,21.2,0.0,10.3,薄曇一時晴,晴後時々曇,
2023-06-19,23.7,27.7,18.8,0.0,3.9,曇時々晴,曇一時晴,
2023-06-20,22.5,27.0,18.9,0.0,5.5,薄曇時々晴,薄曇時々晴,
2023-06-21,22.6,27.2,18.7,0.0,5.0,薄曇一時晴,曇,
2023-06-22,19.9,22.6,16.7,5.0,0.0,曇時々雨,雨時々曇,
2023-06-23,21.1,24.9,16.9,0.5,0.2,曇,曇,
2023-06-24,24.7,29.5,21.7,0.0,5.3,曇一時晴,曇一時晴,
2023-06-25,25.8,30.9,22.0,0.0,11.0,曇後晴,晴時々曇,
2023-06-26,25.9,30.4,22.5,0.0,6.3,薄曇,曇,
2023-06-27,25.9,29.6,23.6,0.0,0.6,曇一時雨,曇,
2023-06-28,27.1,32.3,23.5,0.0,5.9,曇時々晴,曇時々雨一時晴,
2023-06-29,27.3,33.8,23.4,3.0,7.5,晴時々曇,曇時々雨,
2023-06-30,26.3,30.5,23.8,3.0,0.8,雨時々曇,雨時々曇,
2023-07-01,25.3,27.8,21.5,13.5,0.4,雨時々曇,雨後時々曇,
2023-07-02,26.0,31.7,20.7,2.5,11.0,晴時々薄曇,曇,
2023-07-03,27.3,32.2,23.6,0.0,7.9,薄曇一時晴,曇一時雨、雷を伴う,
2023-07-04,25.9,30.6,21.3,1.0,6.6,晴一時曇,曇時々晴,
2023-07-05,25.2,28.7,22.5,0.0,0.5,曇後一時雨,雨一時曇,
2023-07-06,26.4,33.4,22.0,13.0,5.6,曇時々晴一時雨,晴時々薄曇,
2023-07-07,28.4,34.2,23.8,0.0,10.6,薄曇時々晴,曇後一時雨,
2023-07-08,27.8,30.9,25.2,0.0,0.2,曇時々雨,曇時々晴,
2023-07-09,28.6,33.0,25.1,0.0,2.7,曇一時晴後一時雨,晴一時薄曇,
2023-07-10,30.2,36.5,25.7,0.0,11.4,晴,晴,
2023-07-11,29.4,34.3,25.3,0.0,12.4,晴,快晴,
2023-07-12,30.8,37.5,25.1,0.0,11.1,晴一時曇,曇一時雨,
2023-07-13,28.0,30.3,24.2,0.0,0.1,曇時々雨,曇時々雨,
2023-07-14,27.4,30.5,24.8,0.0,0.5,曇一時雨,曇,
2023-07-15,28.8,32.9,26.5,0.0,1.2,曇,曇一時晴,
2023-07-16,30.2,35.3,26.7,0.0,12.1,晴時々薄曇,晴,
2023-07-17,31.3,36.2,26.9,0.0,13.1,快晴,快晴,
2023-07-18,31.8,37.5,27.3,0.0,11.2,晴時々薄曇,晴時々薄曇,
2023-07-19,29.7,33.9,26.4,0.0,5.0,曇時々晴,曇時々晴,
2023-07-20,28.1,32.6,25.1,0.0,3.7,曇時々晴,曇時々晴,
2023-07-21,27.2,31.6,24.0,0.0,5.0,曇時々晴,曇時々晴,
2023-07-22,27.2,33.4,24.1,0.0,5.8,晴時々曇,晴一時曇,
2023-07-23,27.7,33.4,22.5,0.0,12.6,晴,晴後薄曇,
2023-07-24,28.5,35.7,23.5,0.0,13.1,薄曇後晴,快晴,
2023-07-25,29.8,36.6,24.2,0.0,13.2,晴一時薄曇,晴,
2023-07-26,31.0,37.7,25.6,0.0,13.0,晴,晴後一時曇,
2023-07-27,30.6,36.9,26.4,0.0,11.0,晴一時曇,晴時々曇,
2023-07-28,30.4,36.2,26.7,0.0,12.4,晴,快晴,
2023-07-29,30.0,35.7,25.8,0.0,13.3,晴,快晴,
2023-07-30,30.3,36.6,25.7,0.0,13.1,快晴,快晴,
2023-07-31,30.7,36.1,27.5,0.0,10.6,晴後一時曇,曇後時々雨、雷を伴う,
2023-08-01,26.0,33.2,22.2,12.5,1.4,曇後時々雨、雷を伴う,曇後時々晴,
2023-08-02,28.9,34.7,24.0,0.0,11.1,晴一時曇,晴,
2023-08-03,30.2,35.0,26.3,0.0,11.4,晴,快晴,
2023-08-04,31.3,36.7,26.8,0.0,12.5,晴後一時曇,晴一時曇,
2023-08-05,30.4,35.9,27.7,0.0,11.0,晴,晴,
2023-08-06,28.6,34.8,26.3,4.0,7.0,晴後時々曇一時雨,曇後一時晴,
2023-08-07,29.4,34.9,25.9,0.0,7.5,晴時々曇,晴時々曇,
2023-08-08,30.1,35.9,26.7,1.0,6.4,晴時々薄曇,曇一時雨,
2023-08-09,28.2,31.8,26.5,8.0,1.8,曇時々雨、雷を伴う,晴時々薄曇一時雨,
2023-08-10,29.5,34.4,26.3,0.0,9.4,晴,晴時々曇,
2023-08-11,29.5,35.0,26.2,0.0,8.1,晴時々曇,晴時々曇,
2023-08-12,29.7,35.5,26.2,0.0,8.2,晴一時曇,晴後曇時々雨,
2023-08-13,27.4,32.9,25.8,48.5,1.5,大雨時々曇,曇時々雨一時晴,
2023-08-14,28.6,32.9,26.1,22.5,5.5,曇時々晴一時雨,曇時々雨一時晴,
2023-08-15,28.6,32.8,25.7,14.5,5.1,曇一時晴,曇時々雨一時晴,
2023-08-16,28.1,32.2,25.5,4.5,3.9,曇時々雨一時晴,曇後時々晴,
2023-08-17,29.9,34.5,26.8,0.0,8.0,晴一時曇,晴,
2023-08-18,30.0,34.6,26.7,0.0,11.0,晴,晴,
2023-08-19,30.3,35.7,26.2,0.0,9.3,晴,曇後時々晴,
2023-08-20,30.3,35.3,27.2,0.0,9.0,晴一時曇,晴後一時曇,
2023-08-21,29.8,34.8,26.3,0.0,7.0,晴時々薄曇,晴時々曇,
2023-08-22,28.6,32.1,26.6,10.5,2.2,晴時々雨一時曇、雷を伴う,曇一時晴後一時雨,
2023-08-23,29.4,34.1,26.1,2.0,7.8,晴時々曇,曇時々晴,
2023-08-24,29.5,34.1,27.2,0.0,6.4,晴一時曇,晴,
2023-08-25,29.6,34.4,26.5,0.0,9.4,晴,晴,
2023-08-26,28.1,33.4,25.5,3.5,3.7,晴後一時雨,晴後一時曇,
2023-08-27,28.0,32.4,25.5,1.0,4.5,曇時々晴一時雨,曇一時晴,
2023-08-28,29.2,34.6,25.3,0.0,3.9,薄曇,晴時々薄曇,
2023-08-29,29.4,35.0,26.1,0.0,9.5,晴時々曇,晴,
2023-08-30,29.6,34.6,25.7,0.0,10.3,薄曇一時晴,薄曇後一時晴,
2023-08-31,29.0,34.1,26.0,0.0,8.5,薄曇,薄曇後晴,
2023-09-01,29.2,33.4,25.8,0.0,11.6,晴,晴,
2023-09-02,29.6,34.9,26.1,0.0,10.1,薄曇時々晴,薄曇後晴,
2023-09-03,29.1,34.6,26.0,3.5,8.5,薄曇,雨時々曇,
2023-09-04,26.1,30.3,24.5,34.0,0.3,雨時々曇,曇時々晴一時雨,
2023-09-05,29.3,34.8,25.2,0.0,10.9,晴,曇時々晴,
2023-09-06,27.5,33.4,23.9,0.5,2.7,曇一時雨,曇一時雨,
2023-09-07,27.0,30.0,24.3,0.5,1.0,曇,雨一時曇,
2023-09-08,21.9,25.2,19.7,107.5,0.0,大雨,雨後一時曇,
2023-09-09,24.8,29.6,21.7,1.0,,曇一時雨,快晴,
2023-09-10,27.8,33.0,23.6,0.0,,晴後一時曇,曇一時晴,
2023-09-11,28.1,32.9,25.0,0.0,1.2,曇一時晴,晴後一時曇,
2023-09-12,27.7,32.0,23.8,0.0,8.8,晴,晴一時曇,
2023-09-13,28.0,33.4,23.3,0.0,11.7,晴,晴一時曇,
2023-09-14,28.2,32.7,25.1,0.0,6.0,晴,晴一時薄曇,
2023-09-15,27.4,32.8,25.3,10.5,3.7,曇一時晴後雨、雷を伴う,曇時々雨、雷を伴う,
2023-09-16,27.9,31.7,25.2,0.0,2.0,曇,薄曇時々晴,
2023-09-17,28.7,32.9,25.9,0.0,6.0,曇後晴,快晴,
2023-09-18,28.9,33.3,26.0,0.0,10.4,晴,快晴,
2023-09-19,29.0,33.5,25.1,0.0,10.8,晴,晴後時々曇,
2023-09-20,27.2,32.3,23.5,6.0,2.9,曇後一時雨、雷を伴う,曇一時雨,
2023-09-21,26.7,29.5,23.9,2.0,0.2,曇時々雨,雨時々曇,
2023-09-22,24.8,29.4,21.4,59.5,0.1,曇時々雨,大雨後時々曇,
2023-09-23,22.1,24.3,20.7,4.0,0.0,霧雨後曇一時雨,曇,
2023-09-24,22.2,26.8,19.4,0.0,7.8,曇後時々晴,晴後一時曇,
2023-09-25,22.4,27.7,18.5,0.0,6.6,晴時々曇,晴後一時曇,
2023-09-26,24.6,29.7,20.2,0.0,6.6,晴後曇,曇後一時雨,
2023-09-27,25.3,30.2,22.8,0.0,3.0,曇一時雨後時々晴,曇後一時晴,
2023-09-28,27.4,33.2,22.9,0.0,6.1,曇後晴,晴後時々曇,
2023-09-29,26.3,28.9,24.6,0.0,3.1,晴時々曇,曇時々晴,
2023-09-30,25.6,28.5,23.4,0.0,1.6,曇時々晴,曇時々晴,
2023-10-01,25.6,29.9,23.3,0.0,1.7,曇,曇後時々晴,
2023-10-02,23.3,27.1,19.6,0.0,5.2,曇時々晴,晴,
2023-10-03,22.8,27.3,17.9,0.0,9.2,晴後曇,曇後時々雨,
2023-10-04,18.7,23.1,17.3,15.0,0.0,雨時々曇,曇時々雨一時霧雨,
2023-10-05,20.0,26.4,16.9,0.0,2.8,曇後晴,晴,
2023-10-06,20.8,25.8,15.9,0.0,10.8,晴,薄曇時々晴,
2023-10-07,20.4,25.0,16.8,0.0,7.7,晴後一時曇,晴後時々曇,
2023-10-08,18.1,21.8,14.7,0.0,1.6,曇後時々雨,雨一時曇,
2023-10-09,15.4,16.9,13.8,40.0,0.0,雨,雨一時曇、雷を伴う,
2023-10-10,20.2,26.6,16.6,13.0,4.6,晴時々曇一時雨,晴時々薄曇一時雨,
2023-10-11,19.8,24.3,15.7,0.0,6.4,晴一時曇,曇時々晴,
2023-10-12,19.4,24.1,15.7,0.0,9.1,晴,晴後一時曇,
2023-10-13,18.5,23.4,14.6,0.0,10.6,晴,晴,
2023-10-14,18.2,23.4,12.7,0.0,6.4,曇時々晴,雨時々曇,
2023-10-15,14.9,16.9,14.0,43.5,0.2,大雨後時々曇一時晴,快晴,
2023-10-16,19.0,25.8,12.1,0.0,10.2,快晴,快晴,
2023-10-17,19.5,25.2,15.2,0.0,10.3,快晴,快晴,
2023-10-18,18.9,24.4,13.7,0.0,6.9,晴一時曇,晴一時薄曇,
2023-10-19,20.3,25.4,14.8,0.0,9.3,薄曇一時晴,晴時々薄曇,
2023-10-20,21.8,27.1,16.2,0.0,8.4,晴後時々曇,曇,
2023-10-21,19.0,22.5,14.3,0.0,6.8,晴時々曇,晴時々曇一時雨,
2023-10-22,15.9,20.2,11.5,0.0,9.9,晴,晴時々薄曇,
2023-10-23,16.7,23.0,11.4,0.0,9.2,晴時々薄曇,快晴,
2023-10-24,17.7,24.0,12.9,0.0,8.7,晴後一時薄曇,薄曇時々晴,
2023-10-25,17.7,22.2,11.4,30.5,4.4,薄曇一時晴,晴時々曇一時大雨、雷を伴う,
2023-10-26,16.9,23.4,11.5,0.0,9.8,快晴,晴,
2023-10-27,17.8,23.4,13.4,0.0,8.4,晴,晴後曇,
2023-10-28,17.5,21.4,14.3,0.0,7.2,薄曇後晴,晴時々曇後一時雨,
2023-10-29,16.3,20.8,12.5,5.0,4.1,雨時々曇後晴,快晴,
2023-10-30,16.9,22.3,11.6,0.0,9.6,快晴,晴一時薄曇,
2023-10-31,17.2,20.9,13.5,0.0,1.1,曇,晴一時曇,
2023-11-01,18.0,23.1,13.1,0.0,9.7,快晴,晴,
2023-11-02,18.2,24.9,13.0,0.0,9.5,晴一時薄曇,晴後一時曇,
2023-11-03,18.8,24.3,14.3,0.0,9.5,快晴,快晴,
2023-11-04,19.7,26.3,14.4,0.0,8.1,薄曇時々晴,曇,
2023-11-05,20.0,23.7,17.6,0.0,2.4,曇後時々晴一時雨,曇時々晴一時雨,
2023-11-06,21.4,25.1,18.0,0.5,2.0,曇一時雨,曇時々雨,
2023-11-07,22.3,27.5,17.0,4.0,2.5,晴時々雨一時曇,晴一時曇,
2023-11-08,17.7,21.6,14.6,0.0,9.4,快晴,晴後曇,
2023-11-09,17.1,21.0,13.4,0.0,6.4,薄曇時々晴,曇時々晴,
2023-11-10,15.5,17.7,13.5,3.0,0.4,雨時々曇一時晴,晴時々曇一時雨,
2023-11-11,13.7,15.9,11.3,0.0,0.0,曇,曇,
2023-11-12,10.0,11.7,8.0,0.5,0.0,雨後曇,曇一時晴,
2023-11-13,11.1,15.6,7.9,0.0,6.9,晴時々曇,快晴,
2023-11-14,12.1,18.3,5.9,0.0,9.3,晴,曇時々雨一時晴,
2023-11-15,11.8,14.3,9.8,0.0,0.0,曇後一時晴,晴,
2023-11-16,12.9,17.6,7.8,0.0,7.6,晴時々曇,雨時々曇,
2023-11-17,11.5,13.6,9.8,33.5,0.0,雨後曇一時晴,晴後一時曇,
2023-11-18,12.3,17.6,7.4,0.0,5.3,晴後時々曇,快晴,
2023-11-19,12.1,19.4,5.9,0.0,9.3,快晴,晴一時薄曇,
2023-11-20,12.4,18.0,7.5,0.0,9.3,快晴,快晴,
2023-11-21,11.9,17.6,6.7,0.0,8.0,晴一時曇,晴,
2023-11-22,13.4,19.5,7.4,0.0,9.1,快晴,曇一時晴,
2023-11-23,14.7,21.2,9.8,0.0,5.3,曇後晴,快晴,
2023-11-24,16.7,24.2,10.6,0.0,9.1,快晴,晴,
2023-11-25,10.5,13.5,8.4,0.0,2.5,曇時々晴,曇一時晴,
2023-11-26,7.7,9.5,5.3,0.0,0.0,雨時々曇,曇,
2023-11-27,11.0,15.7,7.4,0.0,8.0,晴,晴後一時曇,
2023-11-28,13.9,22.5,8.6,0.0,8.4,晴時々曇,快晴,
2023-11-29,11.5,17.6,6.6,0.0,8.9,晴,晴後薄曇,
2023-11-30,11.3,16.8,7.9,0.0,7.9,晴,曇一時晴,
2023-12-01,8.7,12.6,6.4,0.0,5.4,晴時々曇,快晴,
2023-12-02,8.3,13.1,4.1,0.0,8.7,晴後一時曇,晴,
2023-12-03,9.1,15.2,4.1,0.0,8.3,晴,快晴,
2023-12-04,8.7,14.3,4.7,0.0,8.8,快晴,晴後曇,
2023-12-05,8.1,10.3,5.7,0.0,0.0,曇,雨時々曇,
2023-12-06,11.4,16.4,7.1,1.0,7.0,晴時々薄曇一時雨,薄曇後一時晴,
2023-12-07,12.9,19.9,7.1,0.0,8.8,快晴,快晴,
2023-12-08,12.3,17.8,6.0,0.0,8.0,快晴,晴一時曇,
2023-12-09,11.9,17.2,6.4,0.0,8.3,晴後時々薄曇,薄曇一時晴,
2023-12-10,13.0,19.7,7.2,0.0,8.8,快晴,晴後曇,
2023-12-11,13.4,16.0,11.3,0.5,0.0,曇,曇後雨,
2023-12-12,11.9,15.4,9.7,15.5,1.4,曇時々雨一時晴,雨時々曇後晴,
2023-12-13,10.8,15.1,7.3,0.0,8.9,快晴,晴後時々曇,
2023-12-14,10.2,14.1,6.5,0.0,7.9,晴一時薄曇,曇後時々雨,
2023-12-15,11.0,20.2,7.1,1.0,0.0,曇一時雨,晴,
2023-12-16,17.0,21.1,10.8,0.0,5.7,曇後一時晴,曇後晴,
2023-12-17,11.2,17.2,5.9,0.0,8.3,晴,快晴,
2023-12-18,7.0,11.5,3.8,0.0,6.7,晴時々薄曇,曇一時晴,
2023-12-19,7.0,10.6,3.4,0.0,3.3,曇一時晴,曇,
2023-12-20,8.5,13.5,4.6,0.0,6.8,晴時々薄曇,晴時々薄曇,
2023-12-21,7.7,13.1,3.3,0.0,9.0,快晴,快晴,
2023-12-22,5.3,10.1,1.5,0.0,9.0,晴,快晴,
2023-12-23,5.0,10.6,0.1,0.0,9.0,快晴,薄曇時々晴,
2023-12-24,4.9,8.8,2.0,0.0,3.0,曇時々晴,快晴,
2023-12-25,6.3,12.1,1.0,0.0,8.8,快晴,快晴,
2023-12-26,7.6,13.2,2.6,0.0,8.9,快晴,晴,
2023-12-27,8.4,12.6,4.3,0.0,4.4,曇一時晴,曇一時晴,
2023-12-28,7.0,10.8,4.4,0.0,6.2,晴時々曇,快晴,
2023-12-29,7.8,13.8,2.2,0.0,8.9,快晴,晴,
2023-12-30,9.0,14.4,4.4,0.0,7.1,晴時々薄曇,曇時々晴一時雨,
2023-12-31,9.2,12.7,5.8,1.5,3.7,雨時々曇一時晴,晴一時曇,
2024-01-01,9.2,12.5,4.4,0.0,8.9,快晴,晴後時々曇,
2024-01-02,6.1,9.2,2.8,0.0,1.7,曇時々雨一時晴,晴時々曇,
2024-01-03,7.4,11.0,2.8,0.0,0.5,曇,雨時々曇,
2024-01-04,9.7,15.3,6.3,0.0,6.6,晴一時曇,快晴,
2024-01-05,7.4,13.6,2.9,0.0,8.6,快晴,快晴,
2024-01-06,9.1,15.6,3.0,0.0,8.9,快晴,快晴,
2024-01-07,8.3,12.7,5.7,0.0,3.2,晴後時々曇,晴一時曇,
2024-01-08,5.4,10.2,2.7,0.0,8.8,快晴,晴,
2024-01-09,5.4,11.0,1.5,0.0,8.8,快晴,快晴,
2024-01-10,7.2,12.3,1.7,0.0,6.5,晴後薄曇,曇,
2024-01-11,4.8,7.2,1.8,0.0,0.6,曇,快晴,
2024-01-12,7.1,13.7,0.1,0.0,9.0,快晴,晴後一時曇,
2024-01-13,5.9,11.7,1.2,2.0,5.2,晴時々曇一時雪、雷を伴う,晴一時雪,
2024-01-14,6.4,10.5,0.2,0.0,9.1,快晴,晴,
2024-01-15,6.3,11.4,2.4,0.0,8.1,晴,快晴,
2024-01-16,3.7,7.0,0.0,0.0,7.7,晴,快晴,
2024-01-17,6.2,12.2,0.8,0.0,9.1,快晴,晴一時曇,
2024-01-18,8.5,13.4,2.5,0.0,4.0,晴後曇,曇,
2024-01-19,10.2,15.1,7.6,0.0,7.4,薄曇時々晴,曇,
2024-01-20,6.3,7.6,4.6,2.5,0.0,曇後雨,雨,
2024-01-21,8.1,12.1,4.6,31.5,0.6,雨後時々曇一時晴,快晴,
2024-01-22,10.7,14.6,6.7,0.0,4.3,曇時々晴一時雨,晴時々曇一時雨,
2024-01-23,9.0,13.9,5.5,0.0,7.9,晴時々薄曇,曇後晴,
2024-01-24,4.5,8.4,1.1,0.0,5.8,晴一時薄曇,快晴,
2024-01-25,4.2,9.6,-1.1,0.0,9.3,快晴,快晴,
2024-01-26,6.2,12.0,1.8,0.0,9.4,快晴,快晴,
2024-01-27,7.2,12.2,2.9,0.0,9.2,快晴,晴一時曇,
2024-01-28,6.0,9.6,2.8,0.0,1.7,曇,晴一時曇,
2024-01-29,6.8,11.9,2.4,0.0,9.3,快晴,晴時々曇,
2024-01-30,7.7,13.3,4.0,0.0,9.0,晴,快晴,
2024-01-31,9.3,14.1,2.7,0.0,9.3,快晴,晴後曇一時雨,
2024-02-01,9.8,16.3,5.0,0.0,5.0,晴時々曇,曇一時晴,
2024-02-02,5.0,7.6,3.3,0.0,0.4,曇,曇後晴,
2024-02-03,6.9,11.7,3.4,0.0,8.7,晴,曇後雨,
2024-02-04,4.9,6.9,2.6,5.0,0.0,雨後曇,晴後曇,
2024-02-05,3.0,6.2,0.3,35.0,0.0,曇後雪時々雨一時みぞれ,雪後雨一時みぞれ、雷を伴う,
2024-02-06,3.4,5.4,0.8,2.0,0.0,雨後時々曇,曇後晴,
2024-02-07,4.7,9.6,-0.1,0.0,9.2,快晴,晴後一時曇,
2024-02-08,5.7,11.3,1.2,0.0,6.9,晴時々曇,薄曇時々晴,
2024-02-09,6.8,11.3,2.5,0.0,6.9,薄曇時々晴,晴時々曇,
2024-02-10,7.1,12.4,1.8,0.0,9.5,晴一時薄曇,晴,
2024-02-11,8.1,12.8,4.3,0.0,6.4,晴後一時曇,曇一時雨,
2024-02-12,7.3,12.7,3.6,0.0,9.0,晴一時曇,快晴,
2024-02-13,9.6,17.3,1.6,0.0,9.7,快晴,快晴,
2024-02-14,10.9,18.5,4.2,0.0,8.1,晴後曇,曇後晴,
2024-02-15,14.4,21.1,6.1,0.0,7.7,薄曇後時々晴,曇一時雨,
2024-02-16,10.6,17.0,6.2,0.0,8.8,晴一時薄曇,曇一時晴,
2024-02-17,9.0,13.6,4.6,0.0,2.1,曇,曇後一時雨,
2024-02-18,13.4,18.8,9.2,0.0,6.9,晴一時曇,晴時々曇一時雨,
2024-02-19,15.0,17.2,12.8,5.0,0.1,雨一時曇,雨時々曇,
2024-02-20,18.1,23.7,12.8,0.0,5.2,曇一時晴,曇時々雨,
2024-02-21,8.7,13.2,7.3,5.5,0.0,雨,雨,
2024-02-22,5.5,8.0,3.6,6.5,0.0,雨一時曇,雨,
2024-02-23,2.8,4.0,1.7,6.5,0.0,雨一時みぞれ,曇一時雨後晴,
2024-02-24,5.3,10.3,1.2,0.0,9.5,薄曇時々晴,薄曇,
2024-02-25,4.4,5.8,3.5,8.5,0.0,雨一時曇,雨後一時曇,
2024-02-26,7.8,13.3,4.8,0.5,9.4,晴一時薄曇,快晴,
2024-02-27,7.0,11.4,4.1,0.0,10.7,快晴,晴一時薄曇,
2024-02-28,8.3,14.4,4.1,0.0,10.8,快晴,晴時々曇,
2024-02-29,7.6,11.8,3.5,4.0,1.4,曇後一時雨,雨,
2024-03-01,9.9,16.4,3.7,15.5,6.2,晴時々曇一時雨,曇後時々晴一時雨,
2024-03-02,6.3,10.1,3.9,0.0,2.5,曇一時晴,晴一時曇,
2024-03-03,7.5,13.4,1.2,0.0,10.3,快晴,快晴,
2024-03-04,9.4,15.7,2.9,0.0,10.6,快晴,薄曇一時晴,
2024-03-05,6.4,9.1,2.0,19.0,0.0,曇後雨,雨,
2024-03-06,5.6,10.4,2.0,11.0,0.4,雨後曇,曇,
2024-03-07,6.9,10.7,4.9,0.0,2.3,曇後一時晴,雨時々曇一時雪、みぞれを伴う,
2024-03-08,4.5,9.4,0.4,19.0,1.6,曇時々雨一時雪,晴時々曇一時雨,
2024-03-09,6.1,11.2,2.6,0.0,10.7,快晴,快晴,
2024-03-10,6.7,13.6,0.5,0.0,11.0,快晴,快晴,
2024-03-11,8.2,13.8,1.8,0.0,8.8,晴後時々薄曇,曇,
2024-03-12,7.8,10.0,6.1,36.0,0.0,大雨一時曇,曇時々雨一時晴,
2024-03-13,9.5,13.7,6.7,0.0,10.7,快晴,晴後時々曇,
2024-03-14,9.5,15.6,2.8,0.0,11.3,快晴,快晴,
2024-03-15,11.8,17.6,6.2,0.0,11.2,快晴,快晴,
2024-03-16,14.8,22.7,10.8,0.0,10.8,快晴,晴時々曇一時雨,
2024-03-17,16.0,21.7,9.8,0.0,8.6,晴一時曇,曇後時々晴,
2024-03-18,9.5,14.6,4.1,0.0,11.2,快晴,晴後一時曇,
2024-03-19,8.4,12.4,3.7,0.0,4.6,曇後一時晴,快晴,
2024-03-20,8.5,15.7,4.7,1.0,7.8,晴後曇時々雨、雷を伴う,晴時々薄曇,
2024-03-21,6.5,11.4,3.4,0.0,11.6,晴,快晴,
2024-03-22,7.2,13.3,1.8,0.0,11.7,快晴,晴時々薄曇,
2024-03-23,5.7,9.3,2.6,0.5,0.4,雨時々曇一時晴,晴時々薄曇,
2024-03-24,10.2,15.5,4.2,1.0,0.6,曇後一時雨,雨一時霧雨,
2024-03-25,11.3,12.5,10.8,9.0,0.0,雨時々曇,曇時々雨,
2024-03-26,9.4,12.3,6.1,45.0,0.0,大雨,雨時々曇一時晴,
2024-03-27,10.9,16.5,6.0,0.0,10.9,晴,晴時々曇,
2024-03-28,10.9,14.6,7.2,2.5,0.4,曇一時雨,雨一時曇,
2024-03-29,16.3,22.2,11.7,29.0,4.2,雨後晴,快晴,
2024-03-30,17.8,24.6,12.3,0.0,10.5,晴時々薄曇,薄曇後晴,
2024-03-31,19.5,28.1,12.2,0.0,10.7,晴時々薄曇,曇後時々雨,
2024-04-01,14.6,19.7,11.8,3.0,3.8,曇時々雨一時晴,快晴,
2024-04-02,14.2,20.6,8.4,0.0,10.6,晴後薄曇,曇,
2024-04-03,13.9,16.6,12.3,11.5,0.0,雨時々曇,雨時々曇,
2024-04-04,15.4,19.9,11.3,4.0,0.1,曇一時雨,曇後一時雨,
2024-04-05,11.4,15.1,9.0,0.5,0.0,曇時々雨,曇時々雨,
2024-04-06,12.7,15.8,9.0,0.0,0.0,曇,曇時々雨,
2024-04-07,17.0,22.6,13.1,1.5,8.2,薄曇時々晴一時雨,曇,
2024-04-08,18.8,23.2,15.4,0.0,2.3,曇後雨,曇時々雨,
2024-04-09,15.6,19.8,9.7,55.5,0.0,大雨一時曇,曇一時晴,
2024-04-10,11.7,17.8,7.4,0.0,11.9,晴,晴一時薄曇,
2024-04-11,14.0,19.8,7.7,0.0,9.3,晴後薄曇,曇,
2024-04-12,15.0,18.2,12.8,2.5,1.8,曇一時雨,晴,
2024-04-13,16.4,22.7,11.1,0.0,10.5,薄曇時々晴,薄曇後晴,
2024-04-14,18.0,24.8,12.7,0.0,11.5,快晴,晴一時薄曇,ストアラリー（買い回りキャンペーン）
2024-04-15,19.4,26.8,14.0,0.0,11.4,晴後薄曇,薄曇時々晴,ストアラリー（買い回りキャンペーン）
2024-04-16,19.2,23.4,15.9,0.0,6.5,晴一時曇,晴後曇一時雨,ストアラリー（買い回りキャンペーン）
2024-04-17,20.1,25.5,16.5,0.0,5.5,晴時々曇,曇時々晴,ストアラリー（買い回りキャンペーン）
2024-04-18,17.9,21.4,14.3,1.5,0.3,曇後一時雨,雨後曇,ストアラリー（買い回りキャンペーン）
2024-04-19,18.3,23.6,14.1,0.0,11.6,晴一時薄曇,晴,
2024-04-20,19.4,26.1,12.7,0.0,8.9,曇,曇,
2024-04-21,18.4,23.3,14.9,5.0,2.2,曇後一時雨,雨,
2024-04-22,15.6,18.6,13.2,7.0,0.1,曇時々雨,曇後一時晴,
2024-04-23,16.9,19.4,14.8,0.0,0.5,曇,曇後一時雨,
2024-04-24,15.0,16.5,13.9,20.5,0.0,雨,雨後曇,
2024-04-25,19.5,25.8,13.8,0.5,9.8,晴一時曇,晴後一時薄曇,
2024-04-26,20.3,25.1,15.1,0.0,2.5,曇,曇後一時雨,
2024-04-27,19.5,23.2,16.6,0.0,0.0,雨後曇,曇後晴,
2024-04-28,21.6,28.2,15.7,0.0,11.5,晴後一時薄曇,薄曇,
2024-04-29,21.2,25.8,17.4,0.0,8.0,曇,曇後時々雨,
2024-04-30,20.9,25.2,18.2,2.5,1.5,曇一時雨,曇,
2024-05-01,16.5,21.2,11.8,26.5,0.0,雨一時曇,雨,
2024-05-02,15.3,21.7,10.8,3.0,7.7,晴時々曇,晴,
2024-05-03,17.7,24.2,11.4,0.0,12.4,快晴,快晴,
2024-05-04,20.9,27.8,14.8,0.0,12.4,快晴,快晴,
2024-05-05,21.5,27.7,15.4,0.0,12.6,晴,晴後一時薄曇,
2024-05-06,20.9,23.6,19.1,0.0,0.9,曇後一時雨,曇後時々雨,
2024-05-07,20.0,22.2,18.6,5.0,0.0,雨後時々曇,曇後一時晴,
2024-05-08,17.8,23.8,11.4,8.0,1.3,曇後時々雨,雨,
2024-05-09,13.7,18.9,10.2,1.5,5.8,雨時々曇後晴,晴,
2024-05-10,17.5,24.4,8.7,0.0,12.8,晴,晴,
2024-05-11,20.3,25.9,14.1,0.0,13.0,晴,晴後一時薄曇,
2024-05-12,21.1,24.8,17.3,0.0,3.7,曇,曇後雨,
2024-05-13,19.3,22.0,15.4,58.5,0.0,雨,雨後曇,
2024-05-14,16.9,21.6,12.2,0.0,8.2,曇後晴,晴後薄曇,
2024-05-15,19.4,25.7,13.8,1.5,8.6,薄曇,雨一時曇,
2024-05-16,18.7,25.1,14.7,10.0,5.1,晴時々曇一時雨,快晴,
2024-05-17,20.6,27.2,13.4,0.0,12.9,晴一時薄曇,快晴,
2024-05-18,21.9,28.8,16.2,0.0,12.5,晴後一時薄曇,薄曇,
2024-05-19,20.8,24.1,17.7,0.0,0.0,曇後時々雨,雨時々曇,
2024-05-20,17.4,21.4,14.4,34.0,0.8,雨後曇,薄曇,
2024-05-21,22.5,28.9,16.9,0.0,7.9,薄曇,曇時々雨,
2024-05-22,20.6,25.3,18.0,0.0,6.5,薄曇一時晴,薄曇,
2024-05-23,21.4,25.2,18.1,0.0,1.8,曇,薄曇,
2024-05-24,23.3,29.0,18.1,0.0,9.3,薄曇後一時晴,曇一時晴,
2024-05-25,21.4,25.8,18.3,0.0,6.7,晴時々曇,曇時々晴,
2024-05-26,21.6,26.6,17.6,0.0,8.7,晴時々薄曇,晴時々薄曇,
2024-05-27,22.3,25.1,20.3,0.0,0.4,曇時々雨,曇後一時晴,
2024-05-28,24.0,25.9,22.4,19.0,0.1,雨時々曇,雨時々曇,
2024-05-29,22.0,25.8,18.8,0.5,7.9,曇後晴,晴,
2024-05-30,22.5,27.3,17.5,0.0,5.4,晴後曇,曇時々雨,
2024-05-31,19.0,21.7,16.6,34.0,0.1,雨後曇,曇時々雨,
2024-06-01,20.9,26.3,17.4,0.0,7.0,曇,薄曇一時晴後雨,
2024-06-02,18.7,24.6,16.2,45.5,2.9,大雨時々曇、雷を伴う,雨時々曇,
2024-06-03,18.3,24.3,15.0,25.5,2.4,曇時々雨後一時晴、雷を伴う,雨後晴、雷を伴う,
2024-06-04,19.5,25.5,14.8,0.0,7.8,晴,曇時々晴,楽天スーパーSALE
2024-06-05,21.4,27.4,16.4,0.0,11.9,快晴,晴後一時曇,ストアラリー（買い回りキャンペーン）
2024-06-06,22.0,27.0,18.1,0.0,3.8,曇,薄曇後一時晴,ストアラリー（買い回りキャンペーン）
2024-06-07,22.1,26.7,18.1,0.0,5.1,晴時々曇,晴後一時薄曇,ストアラリー（買い回りキャンペーン）
2024-06-08,22.8,28.2,17.4,0.0,11.8,晴後薄曇,薄曇時々晴,ストアラリー（買い回りキャンペーン）
2024-06-09,22.4,25.7,19.9,0.5,0.2,曇後一時雨,雨時々曇,楽天スーパーSALE
2024-06-10,20.7,24.7,17.4,17.0,0.7,曇時々雨,曇後一時晴,楽天スーパーSALE
2024-06-11,24.0,29.0,19.5,0.0,12.8,晴時々薄曇,晴時々薄曇,楽天スーパーSALE
2024-06-12,24.6,30.1,20.0,0.0,10.4,薄曇後晴,晴後曇,
2024-06-13,22.6,25.4,20.0,0.0,1.6,曇後一時晴,晴,
2024-06-14,25.9,31.7,19.5,0.0,12.7,快晴,晴後一時薄曇,
2024-06-15,24.8,29.9,20.9,0.5,8.0,薄曇,雨時々曇,
2024-06-16,23.7,28.7,19.7,5.5,6.8,曇一時雨後晴,薄曇時々晴,
2024-06-17,26.0,30.5,22.5,0.0,4.6,曇,雨時々曇,
2024-06-18,19.2,22.5,18.0,98.0,0.0,大雨,曇時々晴一時雨,
2024-06-19,23.5,29.5,17.2,0.0,13.3,晴,晴後一時薄曇,
2024-06-20,24.4,28.4,20.8,0.0,6.2,薄曇,晴時々薄曇,
2024-06-21,20.1,23.3,17.3,44.0,0.0,大雨,晴一時曇,
2024-06-22,23.9,30.0,16.8,0.0,8.5,薄曇時々晴,雨時々曇,
2024-06-23,21.6,24.2,20.0,29.5,0.1,雨時々曇,曇一時雨,
2024-06-24,26.7,33.4,21.0,0.0,6.5,晴時々薄曇,曇後一時晴,
2024-06-25,27.8,31.8,24.5,0.0,1.3,曇,曇,
2024-06-26,26.9,31.4,24.6,0.0,2.4,曇,曇,
2024-06-27,25.4,29.8,23.0,0.0,5.1,曇一時晴,曇時々雨一時晴,
2024-06-28,22.0,23.8,20.0,82.5,0.0,大雨,雨時々曇,
2024-06-29,23.7,29.0,20.7,0.0,3.8,曇後晴,晴後曇,
2024-06-30,25.9,29.0,22.8,1.5,0.4,曇後雨,雨時々曇一時晴,
2024-07-01,26.3,29.4,24.6,12.5,0.1,雨後一時曇,曇一時雨,超PayPay祭（夏の超ペイペイ祭）
2024-07-02,27.3,31.4,24.1,0.0,2.2,曇,曇後一時雨,超PayPay祭（夏の超ペイペイ祭）
2024-07-03,27.7,33.3,23.6,0.0,7.2,薄曇時々晴,晴時々薄曇,超PayPay祭（夏の超ペイペイ祭）
2024-07-04,29.3,35.0,25.0,0.0,9.1,晴後一時曇,快晴,超PayPay祭（夏の超ペイペイ祭）
2024-07-05,30.2,35.5,26.2,0.0,13.2,快晴,晴時々曇,超PayPay祭（夏の超ペイペイ祭）
2024-07-06,28.1,34.2,23.9,36.0,7.5,薄曇後一時大雨、雷を伴う,曇時々晴一時雨、雷を伴う,超PayPay祭（夏の超ペイペイ祭）
2024-07-07,28.9,34.4,24.2,0.0,9.9,薄曇一時晴,薄曇時々晴,超PayPay祭（夏の超ペイペイ祭）
2024-07-08,30.9,36.0,26.1,0.0,11.3,薄曇後晴,晴時々薄曇,超PayPay祭（夏の超ペイペイ祭）
2024-07-09,30.1,34.5,26.2,0.0,6.4,曇時々雨一時晴,晴時々曇一時雨,超PayPay祭（夏の超ペイペイ祭）
2024-07-10,29.5,33.7,26.6,0.0,4.3,曇,曇一時雨,超PayPay祭（夏の超ペイペイ祭）
2024-07-11,27.8,29.6,26.1,0.5,0.0,曇時々雨,曇後一時雨,超PayPay祭（夏の超ペイペイ祭）
2024-07-12,24.4,26.9,22.4,13.5,0.0,雨,雨後曇,超PayPay祭（夏の超ペイペイ祭）
2024-07-13,26.2,31.3,22.5,0.0,7.0,薄曇後一時雨,雨時々曇,超PayPay祭（夏の超ペイペイ祭）
2024-07-14,25.4,28.8,23.7,12.5,0.4,曇時々雨,曇,超PayPay祭（夏の超ペイペイ祭）
2024-07-15,24.6,27.7,23.2,0.5,0.4,曇一時雨,曇後一時雨,超PayPay祭（夏の超ペイペイ祭）
2024-07-16,23.9,27.3,22.2,11.5,0.1,雨時々曇,雨時々曇,超PayPay祭（夏の超ペイペイ祭）
2024-07-17,25.8,31.3,22.1,1.0,2.9,曇,曇,超PayPay祭（夏の超ペイペイ祭）
2024-07-18,28.4,33.4,24.4,0.0,7.4,薄曇後一時晴,曇,超PayPay祭（夏の超ペイペイ祭）
2024-07-19,30.0,34.5,26.0,0.0,5.2,曇後一時晴,曇後晴,超PayPay祭（夏の超ペイペイ祭）
2024-07-20,30.7,35.8,25.0,45.0,10.2,晴後曇,大雨時々曇、雷を伴う,超PayPay祭（夏の超ペイペイ祭）
2024-07-21,29.1,34.6,24.6,20.0,11.0,晴時々薄曇,晴,超PayPay祭（夏の超ペイペイ祭）
2024-07-22,30.5,36.6,24.8,9.5,10.4,晴後一時薄曇、雷を伴う,曇一時雨後晴、雷を伴う,
2024-07-23,29.5,34.5,24.2,0.0,13.0,快晴,晴後一時薄曇,
2024-07-24,30.1,36.0,24.9,0.0,8.5,曇時々晴、雷を伴う,薄曇,
2024-07-25,30.2,34.8,27.0,0.5,7.1,晴時々薄曇一時雨,薄曇時々晴後一時雨、雷を伴う,
2024-07-26,30.1,35.6,26.1,0.0,6.9,薄曇,曇一時雨,
2024-07-27,30.3,35.6,26.7,0.5,7.1,薄曇後一時雨,薄曇時々晴一時雨,
2024-07-28,31.6,36.8,26.5,0.0,10.5,薄曇,薄曇一時晴,
2024-07-29,32.3,37.3,29.3,0.0,10.7,薄曇後一時晴,晴,
2024-07-30,30.8,36.1,27.8,0.5,4.0,曇時々晴後一時雨,曇,
2024-07-31,29.4,35.6,24.6,42.5,5.6,曇後一時雨,曇一時大雨後時々晴、雷を伴う,
2024-08-01,28.5,33.5,24.5,0.0,9.3,薄曇一時晴,曇時々晴,
2024-08-02,28.7,33.9,25.4,0.0,6.0,曇後晴,曇時々晴,
2024-08-03,29.4,34.6,26.0,0.0,8.9,晴一時曇,晴後一時曇,
2024-08-04,30.0,35.3,25.4,0.0,10.0,晴,晴,
2024-08-05,30.0,35.0,26.1,0.0,7.8,薄曇一時晴,曇一時晴,
2024-08-06,29.9,33.5,26.6,0.0,1.8,曇,曇、雷を伴う,
2024-08-07,28.9,34.6,23.9,76.5,4.6,薄曇後一時晴,大雨時々曇、雷を伴う,
2024-08-08,28.1,33.9,24.4,0.0,4.0,晴時々曇,晴,
2024-08-09,30.0,35.3,26.6,0.0,8.6,晴一時曇,晴一時曇,
2024-08-10,30.0,34.9,26.8,0.0,8.6,晴後薄曇,晴時々曇,
2024-08-11,31.5,35.9,27.4,0.0,10.7,晴後薄曇,晴,
2024-08-12,31.2,35.5,28.3,0.0,11.6,晴,晴,
2024-08-13,30.8,34.9,27.7,0.0,10.4,晴,晴一時曇,
2024-08-14,30.4,34.7,27.4,0.0,4.9,晴,晴時々曇,
2024-08-15,30.3,35.7,26.8,0.0,6.7,晴時々薄曇,曇後雨,ストアラリー（買い回りキャンペーン）
2024-08-16,26.7,29.1,25.2,90.0,0.0,大雨、雷を伴う,雨後曇,ストアラリー（買い回りキャンペーン）
2024-08-17,30.4,35.9,25.4,0.0,8.5,晴後一時雨,晴後曇,ストアラリー（買い回りキャンペーン）
2024-08-18,29.7,34.0,26.9,0.0,4.9,曇後晴,晴一時曇,
2024-08-19,29.2,34.5,23.3,22.0,7.0,曇時々晴,雨時々曇、雷を伴う,
2024-08-20,28.3,34.7,23.5,0.5,8.2,晴一時雨,曇一時晴,
2024-08-21,28.3,33.6,24.6,21.0,5.2,曇時々晴,曇一時雨、雷を伴う,
2024-08-22,27.5,30.5,25.1,16.0,2.1,曇時々雨、雷を伴う,曇,
2024-08-23,28.9,32.3,27.0,0.0,5.2,曇後晴,曇時々晴,
2024-08-24,29.4,34.4,25.4,1.0,7.9,晴時々曇,曇一時雨後一時晴、雷を伴う,
2024-08-25,28.6,33.5,25.3,1.5,7.4,晴時々曇一時雨,晴,
2024-08-26,29.2,33.6,25.9,0.0,10.0,晴後一時薄曇,晴時々薄曇一時雨、雷を伴う,
2024-08-27,27.7,31.5,24.5,30.0,4.0,曇時々雨,曇,
2024-08-28,28.0,31.4,26.2,0.0,2.4,曇,晴後一時薄曇,
2024-08-29,27.1,31.4,25.4,23.0,1.5,薄曇時々雨,大雨,
2024-08-30,26.0,27.6,25.0,84.0,0.0,大雨後時々曇,雨時々曇,
2024-08-31,27.1,31.1,24.7,15.5,1.6,曇時々雨,雨後一時薄曇、雷を伴う,
2024-09-01,26.2,30.5,23.7,35.5,0.8,曇後時々雨、雷を伴う,雨一時曇後晴、雷を伴う,
2024-09-02,29.3,34.1,25.4,0.0,11.1,晴,晴時々曇,
2024-09-03,24.9,27.4,23.3,9.5,0.1,曇時々雨,曇,
2024-09-04,25.4,30.0,22.8,0.0,6.8,晴時々曇,晴,楽天スーパーSALE
2024-09-05,26.7,31.8,22.4,0.0,9.2,晴,晴一時曇,楽天スーパーSALE
2024-09-06,28.3,33.5,24.6,0.0,9.5,晴一時薄曇,晴後一時曇,楽天スーパーSALE
2024-09-07,28.7,33.8,25.8,0.0,8.1,晴後一時薄曇,晴,楽天スーパーSALE
2024-09-08,28.9,33.6,25.5,0.0,8.6,晴,晴一時曇,楽天スーパーSALE
2024-09-09,28.3,33.7,25.2,2.5,5.4,晴,晴時々曇一時雨,楽天スーパーSALE
2024-09-10,28.6,33.7,24.5,0.0,10.0,晴,晴一時曇,楽天スーパーSALE
2024-09-11,29.6,34.2,26.3,0.0,10.5,晴,晴後一時曇,楽天スーパーSALE
2024-09-12,29.6,34.5,26.8,0.0,6.9,晴,晴,
2024-09-13,29.6,33.9,26.5,0.0,9.2,晴,晴,
2024-09-14,29.5,34.5,26.3,0.0,10.6,晴,晴後一時曇,
2024-09-15,29.9,34.4,25.8,34.0,10.2,晴後一時薄曇,曇時々大雨,
2024-09-16,25.7,28.3,23.9,2.0,0.1,曇一時雨,曇,
2024-09-17,27.7,33.4,23.3,0.0,8.7,晴一時曇,晴時々曇,
2024-09-18,28.8,35.1,24.8,2.5,7.1,晴後曇一時雨,曇時々雨一時晴、雷を伴う,
2024-09-19,27.7,33.6,24.7,0.0,3.5,薄曇一時雨、雷を伴う,曇後一時晴,
2024-09-20,29.4,33.9,25.5,0.0,7.2,晴後一時薄曇,晴時々薄曇,
2024-09-21,28.5,32.6,24.0,0.0,2.1,薄曇,曇時々雨,
2024-09-22,24.6,28.9,22.5,2.5,0.3,曇時々雨,曇後雨,
2024-09-23,22.6,27.7,19.7,8.0,4.0,晴時々曇一時雨,晴,
2024-09-24,20.9,25.3,17.7,0.0,4.4,晴時々曇,晴後一時曇,
2024-09-25,20.4,23.7,17.9,4.5,0.0,曇時々雨,雨時々曇,
2024-09-26,24.1,29.1,19.4,0.5,4.9,晴時々曇,曇後一時雨,
2024-09-27,23.3,24.8,22.4,8.0,0.0,雨時々曇,曇時々雨,
2024-09-28,24.0,27.4,21.8,0.0,1.1,曇,曇,
2024-09-29,22.6,25.0,21.3,2.0,0.2,曇後時々雨,曇,
2024-09-30,22.7,25.3,20.5,0.0,0.2,曇時々雨,曇時々晴,
2024-10-01,23.3,26.6,20.1,0.5,2.7,曇一時雨,晴一時曇,
2024-10-02,26.5,31.9,22.0,0.0,10.2,晴時々薄曇,曇時々雨一時晴,
2024-10-03,23.1,25.4,21.6,11.0,0.2,曇時々雨,曇時々雨,
2024-10-04,25.9,30.4,22.3,2.0,3.8,曇一時雨,曇後一時雨,
2024-10-05,21.3,24.5,18.9,9.5,0.0,雨一時曇,雨後曇,
2024-10-06,21.3,22.9,19.1,0.0,0.0,曇一時雨,曇後一時晴,
2024-10-07,25.0,29.9,20.7,0.0,7.3,晴時々曇,雨時々曇一時晴,
2024-10-08,18.8,25.3,15.1,33.5,0.0,雨,大雨,
2024-10-09,16.0,17.7,14.9,53.5,0.0,雨後一時曇,晴時々曇,
2024-10-10,17.8,22.1,15.2,0.0,0.9,曇,晴時々薄曇,
2024-10-11,19.0,24.3,14.3,0.0,9.9,薄曇,晴一時薄曇,
2024-10-12,20.6,25.8,16.4,0.0,8.8,晴,快晴,
2024-10-13,20.9,26.6,16.9,0.0,9.7,晴,快晴,
2024-10-14,20.8,26.4,16.8,0.0,8.7,晴,晴時々曇,
2024-10-15,22.1,26.6,17.9,0.0,9.7,晴,晴後一時薄曇,ストアラリー（買い回りキャンペーン）
2024-10-16,22.6,26.4,19.0,0.0,1.0,曇,曇,ストアラリー（買い回りキャンペーン）
2024-10-17,22.8,26.0,20.7,0.0,0.9,曇一時雨,薄曇,ストアラリー（買い回りキャンペーン）
2024-10-18,21.6,22.9,20.5,2.0,0.0,曇時々雨,雨時々曇,
2024-10-19,24.2,30.1,21.2,1.5,4.2,曇,曇時々雨,
2024-10-20,17.4,22.7,13.3,0.0,6.5,晴時々曇一時雨,晴,
2024-10-21,16.2,20.5,11.5,0.0,4.4,晴時々曇,晴時々曇,
2024-10-22,19.7,24.4,14.5,0.0,4.7,晴時々曇,曇,
2024-10-23,21.9,24.8,18.8,6.5,0.2,曇時々雨,曇,
2024-10-24,22.6,26.3,19.8,0.0,4.2,曇一時晴,曇後一時雨,
2024-10-25,20.2,21.8,18.3,0.5,0.0,曇一時雨,曇,
2024-10-26,19.0,20.7,17.2,0.0,0.0,曇,曇後一時晴,
2024-10-27,19.7,23.8,16.6,4.0,2.8,曇一時晴後一時雨,雨時々曇,
2024-10-28,18.8,20.7,17.2,8.0,0.0,曇一時雨,曇後時々雨,
2024-10-29,15.4,18.8,12.4,24.5,0.0,曇後雨,大雨,
2024-10-30,16.8,22.4,12.6,17.5,3.9,雨後薄曇,晴時々薄曇,
2024-10-31,16.2,20.2,12.9,0.0,7.0,薄曇,薄曇時々晴,
2024-11-01,17.0,21.9,12.1,0.5,3.6,曇一時晴,雨一時曇,ヤフービッグボーナス
2024-11-02,16.0,16.9,14.9,33.5,0.0,雨,雨後曇,ヤフービッグボーナス
2024-11-03,17.5,22.6,14.2,0.0,9.6,快晴,快晴,ヤフービッグボーナス
2024-11-04,17.2,22.9,11.4,0.0,7.8,晴,快晴,ヤフービッグボーナス
2024-11-05,16.6,19.6,13.5,0.0,2.5,曇一時晴,曇後一時雨,ヤフービッグボーナス
2024-11-06,14.4,16.5,12.2,0.5,0.8,曇後一時晴,晴一時曇,ヤフービッグボーナス
2024-11-07,13.4,18.0,10.7,0.0,9.5,快晴,晴一時曇,ヤフービッグボーナス
2024-11-08,11.8,15.8,8.2,0.0,8.0,晴一時曇,快晴,ヤフービッグボーナス
2024-11-09,12.7,17.5,7.8,0.0,6.9,晴後時々曇,曇,ヤフービッグボーナス
2024-11-10,13.8,16.4,11.4,1.0,0.6,曇,雨時々曇,ヤフービッグボーナス
2024-11-11,16.3,20.7,13.2,0.5,2.7,曇時々晴,快晴,ヤフービッグボーナス
2024-11-12,16.3,21.3,11.8,0.0,6.0,晴時々曇,晴時々曇,ヤフービッグボーナス
2024-11-13,16.5,20.8,12.6,0.0,9.1,晴,曇時々晴,ヤフービッグボーナス
2024-11-14,15.8,18.2,11.9,0.0,2.1,曇一時晴,曇後一時雨,ヤフービッグボーナス
2024-11-15,15.9,17.7,13.8,7.5,0.0,曇一時雨,曇後一時晴,ヤフービッグボーナス
2024-11-16,16.7,18.9,14.3,0.0,1.6,曇,曇時々雨,ヤフービッグボーナス
2024-11-17,18.9,23.8,15.1,0.0,6.0,晴一時曇,曇一時晴後一時雨,ヤフービッグボーナス
2024-11-18,13.7,18.9,10.1,0.0,0.2,曇時々雨後一時晴,曇時々晴,
2024-11-19,9.7,13.2,7.3,0.0,8.4,晴,曇時々晴,
2024-11-20,7.6,8.8,5.5,5.5,0.0,雨時々曇,雨,
2024-11-21,10.5,13.6,8.5,6.5,0.4,雨時々曇一時晴,快晴,楽天ブラックフライデー
2024-11-22,11.9,18.0,7.1,0.0,9.1,晴,晴一時曇,楽天ブラックフライデー
2024-11-23,12.0,16.0,8.4,0.0,8.1,晴,曇時々晴,楽天ブラックフライデー
2024-11-24,10.7,14.8,7.4,0.0,8.4,晴,晴一時曇,楽天ブラックフライデー
2024-11-25,9.9,14.6,5.8,0.0,9.2,快晴,晴,楽天ブラックフライデー
2024-11-26,10.0,14.5,5.6,8.5,5.5,晴後曇,雨時々曇,楽天ブラックフライデー
2024-11-27,14.5,20.1,9.3,18.0,6.6,晴時々曇,快晴,楽天ブラックフライデー
2024-11-28,13.2,18.3,9.4,0.0,9.1,快晴,快晴,ブラックフライデーセール
2024-11-29,11.4,16.5,7.9,0.0,7.6,晴,快晴,ブラックフライデーセール
2024-11-30,10.4,16.7,5.7,0.0,8.7,快晴,快晴,ブラックフライデーセール
2024-12-01,11.2,16.6,6.7,0.0,9.0,快晴,晴一時曇,
2024-12-02,11.4,16.8,7.6,0.0,5.3,晴一時曇,晴,超PayPay祭（年末超ペイペイ祭）
2024-12-03,11.9,17.5,7.4,0.0,8.8,快晴,晴後一時曇,超PayPay祭（年末超ペイペイ祭）
2024-12-04,12.7,17.8,8.4,0.0,8.7,晴一時薄曇,曇時々晴,超PayPay祭（年末超ペイペイ祭）
2024-12-05,11.5,15.5,8.9,0.0,6.0,薄曇時々晴,晴,超PayPay祭（年末超ペイペイ祭）
2024-12-06,11.0,16.7,5.2,0.0,8.8,快晴,晴,超PayPay祭（年末超ペイペイ祭）
2024-12-07,8.9,12.4,5.9,0.0,8.3,晴後一時曇,晴時々薄曇,超PayPay祭（年末超ペイペイ祭）
2024-12-08,7.7,14.2,4.2,0.0,7.3,晴一時曇,快晴,超PayPay祭（年末超ペイペイ祭）
2024-12-09,7.7,13.0,2.5,0.0,8.9,快晴,晴後一時曇,超PayPay祭（年末超ペイペイ祭）
2024-12-10,8.5,13.8,4.4,0.0,8.9,快晴,晴後曇,超PayPay祭（年末超ペイペイ祭）
2024-12-11,8.7,13.5,5.4,0.0,7.6,薄曇後晴,晴,超PayPay祭（年末超ペイペイ祭）
2024-12-12,7.1,10.8,4.3,0.0,7.5,晴,晴,超PayPay祭（年末超ペイペイ祭）
2024-12-13,5.3,8.4,1.2,0.0,0.1,薄曇一時晴,曇時々晴,超PayPay祭（年末超ペイペイ祭）
2024-12-14,7.2,12.3,3.5,0.0,8.4,晴,快晴,超PayPay祭（年末超ペイペイ祭）
2024-12-15,6.6,12.2,0.8,0.0,8.9,快晴,快晴,超PayPay祭（年末超ペイペイ祭）
2024-12-16,7.7,12.7,3.3,0.0,8.9,快晴,快晴,超PayPay祭（年末超ペイペイ祭）
2024-12-17,8.0,13.8,2.7,0.0,8.9,快晴,快晴,超PayPay祭（年末超ペイペイ祭）
2024-12-18,7.6,13.2,2.8,0.0,8.6,晴時々薄曇,晴後曇時々雨、あられを伴う,超PayPay祭（年末超ペイペイ祭）
2024-12-19,5.2,8.3,2.5,0.5,5.0,晴時々雨一時雪、あられを伴う,快晴,超PayPay祭（年末超ペイペイ祭）
2024-12-20,6.5,11.6,1.1,0.0,6.2,薄曇一時晴,曇後晴,超PayPay祭（年末超ペイペイ祭）
2024-12-21,9.4,16.5,2.8,0.0,8.4,晴,快晴,超PayPay祭（年末超ペイペイ祭）
2024-12-22,6.9,11.6,2.6,0.0,9.0,晴,快晴,超PayPay祭（年末超ペイペイ祭）
2024-12-23,6.1,11.1,2.4,0.0,9.0,快晴,快晴,超PayPay祭（年末超ペイペイ祭）
2024-12-24,6.7,12.2,1.8,0.0,8.9,快晴,快晴,楽天大感謝祭
2024-12-25,7.7,11.3,4.5,0.0,5.5,曇時々晴,薄曇一時晴,楽天大感謝祭
2024-12-26,8.9,14.7,3.4,0.0,7.8,晴,晴,楽天大感謝祭
2024-12-27,7.4,12.7,3.8,0.0,6.1,晴後一時曇,晴,
2024-12-28,5.4,11.5,1.4,0.0,7.5,晴後一時曇,快晴,
2024-12-29,6.0,12.3,0.5,0.0,8.9,快晴,晴後一時曇,
2024-12-30,6.2,10.3,3.5,0.0,5.0,薄曇一時晴,薄曇,
2024-12-31,8.0,14.6,2.8,0.0,7.6,晴時々曇,快晴,
2025-01-01,7.1,12.2,4.1,0.0,8.4,快晴,快晴,
2025-01-02,7.8,13.9,2.1,0.0,7.7,晴後一時曇,晴後一時曇,
2025-01-03,5.5,7.6,3.7,0.0,1.3,曇時々雨後一時晴,曇時々晴,
2025-01-04,5.1,9.6,1.6,0.0,8.8,快晴,晴一時曇,
2025-01-05,4.6,10.0,-0.2,0.0,7.2,晴後薄曇,晴時々薄曇,
2025-01-06,4.5,8.1,1.5,25.0,0.5,曇後雨,雨時々晴一時曇,
2025-01-07,8.1,12.9,3.6,0.0,2.9,雨一時曇後晴,快晴,
2025-01-08,6.6,12.3,2.7,0.0,6.7,晴,晴後一時薄曇,
2025-01-09,6.7,12.7,2.3,0.0,8.3,快晴,快晴,
2025-01-10,4.6,9.4,0.1,0.0,8.9,快晴,快晴,
2025-01-11,5.3,11.3,0.2,0.0,9.0,晴,晴後薄曇,
2025-01-12,5.4,9.0,2.6,0.0,1.2,曇,曇後晴,
2025-01-13,6.9,13.4,1.1,0.0,9.0,快晴,快晴,
2025-01-14,6.4,12.8,1.2,0.0,8.9,晴,晴,
2025-01-15,7.6,15.6,2.7,0.0,7.6,晴後一時薄曇,快晴,
2025-01-16,4.6,7.7,2.6,0.0,0.9,曇後一時晴,快晴,
2025-01-17,4.9,9.7,1.0,0.0,9.1,快晴,晴,
2025-01-18,4.6,9.7,0.8,0.0,9.0,晴,晴後曇,
2025-01-19,5.9,9.2,1.6,0.0,3.7,曇後一時雨,曇後一時晴,
2025-01-20,9.2,13.9,5.0,0.5,6.9,晴一時雨,曇一時雨,
2025-01-21,9.4,13.8,7.1,0.0,4.8,晴時々曇,晴時々曇,
2025-01-22,8.2,13.4,4.1,0.0,8.8,快晴,晴時々曇,
2025-01-23,8.5,13.9,4.8,0.0,7.7,曇後晴,快晴,
2025-01-24,9.2,14.6,4.4,0.5,9.1,晴後一時曇,曇時々雨,
2025-01-25,6.8,9.2,4.4,0.0,2.5,曇時々晴,快晴,
2025-01-26,7.0,12.5,3.2,0.0,9.4,快晴,晴,
2025-01-27,6.4,10.2,2.3,0.0,3.9,曇一時晴,晴後曇一時雨,
2025-01-28,8.4,13.6,4.6,0.0,7.3,晴,晴一時曇,
2025-01-29,7.0,12.8,2.6,0.0,9.0,快晴,快晴,
2025-01-30,6.5,12.2,1.2,0.0,9.3,快晴,快晴,
2025-01-31,7.1,13.2,2.2,0.0,8.3,快晴,晴,
2025-02-01,7.5,12.2,2.8,0.0,6.2,晴後曇,曇後雨,
2025-02-02,4.6,8.8,3.1,6.5,0.0,雨後一時曇,曇,
2025-02-03,6.1,9.6,4.0,0.0,0.4,曇,曇時々晴,
2025-02-04,6.0,11.2,2.3,0.0,5.4,晴時々曇,快晴,
2025-02-05,4.1,9.0,-0.1,0.0,6.8,晴,快晴,
2025-02-06,4.0,9.2,-0.6,0.0,9.3,晴,晴後一時薄曇,
2025-02-07,4.9,10.6,-0.6,0.0,6.5,晴,快晴,
2025-02-08,4.6,9.7,0.3,0.0,9.5,快晴,快晴,
2025-02-09,5.2,11.5,0.7,0.0,9.5,快晴,快晴,
2025-02-10,5.5,11.4,-0.5,0.0,9.6,快晴,快晴,
2025-02-11,5.1,10.5,0.3,0.0,9.7,快晴,快晴,
2025-02-12,7.2,12.7,0.4,0.0,6.2,晴時々薄曇,晴時々曇,
2025-02-13,7.4,13.1,3.4,0.0,9.7,快晴,晴後曇,
2025-02-14,7.9,14.5,2.4,0.0,9.7,晴,晴,
2025-02-15,9.6,14.0,5.2,0.0,9.2,快晴,曇一時晴,
2025-02-16,11.3,16.9,7.5,0.0,4.9,曇一時晴,曇時々晴,
2025-02-17,9.3,15.5,3.9,0.0,4.8,晴後時々曇一時雨,快晴,
2025-02-18,5.0,9.7,1.9,0.0,6.4,晴後一時曇,晴一時曇,
2025-02-19,3.9,8.9,0.4,0.0,9.8,快晴,快晴,
2025-02-20,4.5,10.6,-1.0,0.0,8.4,晴,晴,
2025-02-21,5.4,10.9,1.0,0.0,7.9,晴後薄曇,薄曇後晴,
2025-02-22,4.4,9.4,1.4,0.0,8.2,晴後一時曇,快晴,
2025-02-23,5.2,11.1,-0.4,0.0,8.8,晴後一時曇,曇後晴,
2025-02-24,4.8,10.8,-0.1,0.0,10.6,晴,快晴,
2025-02-25,7.1,12.7,0.5,0.0,10.7,快晴,晴時々曇,
2025-02-26,10.4,17.6,4.0,0.0,10.5,快晴,快晴,
2025-02-27,10.2,16.5,4.2,0.0,10.6,快晴,晴後薄曇,
2025-02-28,11.0,16.6,5.4,0.0,7.7,薄曇後晴,晴一時曇,
2025-03-01,13.3,19.7,6.5,0.0,10.2,晴時々薄曇,晴一時薄曇,超PayPay祭（春の超ペイペイ祭）
2025-03-02,14.6,22.1,7.9,0.0,6.8,晴時々薄曇,曇時々雨一時晴,超PayPay祭（春の超ペイペイ祭）
2025-03-03,5.9,14.4,1.6,30.0,0.0,雨後みぞれ一時雪,曇一時みぞれ,超PayPay祭（春の超ペイペイ祭）
2025-03-04,2.4,5.4,0.4,10.0,0.2,曇後一時雨、みぞれを伴う,雪後雨一時みぞれ,超PayPay祭（春の超ペイペイ祭）
2025-03-05,5.3,8.4,0.8,16.5,0.0,雨後一時霧雨,曇一時霧雨,超PayPay祭（春の超ペイペイ祭）
2025-03-06,9.1,11.7,6.6,0.0,0.0,曇,曇後一時晴,超PayPay祭（春の超ペイペイ祭）
2025-03-07,6.9,12.2,3.2,0.0,10.7,晴,晴後一時曇,超PayPay祭（春の超ペイペイ祭）
2025-03-08,3.2,6.8,0.5,9.5,0.1,曇後時々雨,曇時々雨一時雪、みぞれを伴う,超PayPay祭（春の超ペイペイ祭）
2025-03-09,6.9,13.5,1.5,0.0,9.3,晴一時曇,快晴,超PayPay祭（春の超ペイペイ祭）
2025-03-10,9.1,14.9,3.2,0.0,10.8,晴後一時薄曇,曇,超PayPay祭（春の超ペイペイ祭）
2025-03-11,10.3,13.8,6.3,0.5,0.0,曇時々雨,雨時々曇,超PayPay祭（春の超ペイペイ祭）
2025-03-12,11.6,14.7,8.8,15.5,0.2,雨時々曇,曇時々雨後一時晴,超PayPay祭（春の超ペイペイ祭）
2025-03-13,14.5,20.4,9.1,0.0,7.4,薄曇時々晴,晴時々曇,超PayPay祭（春の超ペイペイ祭）
2025-03-14,12.8,19.6,8.5,0.0,10.1,薄曇後晴,晴後一時曇,超PayPay祭（春の超ペイペイ祭）
2025-03-15,8.9,12.0,6.7,0.0,1.0,曇後一時雨,雨時々曇,超PayPay祭（春の超ペイペイ祭）
2025-03-16,6.4,7.8,4.8,29.0,0.0,雨,雨後曇一時晴,超PayPay祭（春の超ペイペイ祭）
2025-03-17,10.0,16.2,6.6,0.0,9.0,晴,晴後曇一時雨,超PayPay祭（春の超ペイペイ祭）
2025-03-18,8.6,12.9,4.6,0.0,7.8,薄曇一時晴,雨一時晴、雷を伴う,超PayPay祭（春の超ペイペイ祭）
2025-03-19,5.6,10.7,0.5,26.5,3.1,晴時々雨一時雪、雷・ひょうを伴う,晴後一時曇,超PayPay祭（春の超ペイペイ祭）
2025-03-20,8.3,13.7,4.3,0.0,9.1,晴,晴一時曇,超PayPay祭（春の超ペイペイ祭）
2025-03-21,11.2,17.4,3.9,0.0,11.5,快晴,快晴,超PayPay祭（春の超ペイペイ祭）
2025-03-22,15.8,23.6,6.9,0.0,11.5,快晴,快晴,超PayPay祭（春の超ペイペイ祭）
2025-03-23,17.3,25.6,11.4,0.0,10.0,快晴,快晴,超PayPay祭（春の超ペイペイ祭）
2025-03-24,14.8,19.2,10.0,0.0,2.7,薄曇時々晴,曇後晴,超PayPay祭（春の超ペイペイ祭）
2025-03-25,17.8,25.0,10.1,0.0,10.5,晴,晴,超PayPay祭（春の超ペイペイ祭）
2025-03-26,20.4,25.9,14.9,0.0,10.2,晴,薄曇時々晴,超PayPay祭（春の超ペイペイ祭）
2025-03-27,17.9,22.4,12.2,0.0,5.6,薄曇一時晴,曇,超PayPay祭（春の超ペイペイ祭）
2025-03-28,19.9,25.7,14.1,2.5,4.1,薄曇時々晴一時雨,雨時々曇一時晴,超PayPay祭（春の超ペイペイ祭）
2025-03-29,7.6,14.3,4.3,12.5,0.0,雨,曇時々雨,超PayPay祭（春の超ペイペイ祭）
2025-03-30,9.4,15.6,5.1,0.5,6.1,薄曇時々晴,曇時々雨,超PayPay祭（春の超ペイペイ祭）
2025-03-31,7.0,8.9,5.5,0.0,0.0,曇時々雨,雨一時曇,超PayPay祭（春の超ペイペイ祭）
2025-04-01,5.1,5.8,4.1,41.0,0.0,雨,大雨,
2025-04-02,9.5,13.7,5.7,28.5,0.0,雨時々曇,曇後一時雨,
2025-04-03,8.4,9.8,6.0,5.5,0.0,雨,曇時々晴,
2025-04-04,11.4,18.4,5.3,0.0,11.2,晴,快晴,
2025-04-05,12.0,17.0,6.1,0.0,10.2,晴後薄曇,曇後一時晴,
2025-04-06,15.1,20.1,10.6,0.0,6.3,曇時々晴一時雨,曇一時晴,
2025-04-07,14.3,19.7,10.5,0.0,4.3,曇時々晴,晴後一時薄曇,
2025-04-08,15.0,20.2,7.9,0.0,8.4,薄曇一時晴,快晴,
2025-04-09,16.3,23.8,11.0,0.0,11.2,晴,曇時々晴,
2025-04-10,16.5,22.8,12.0,14.0,3.3,曇,雨時々曇,
2025-04-11,15.5,20.0,12.9,2.0,0.3,曇後一時雨、雷を伴う,曇一時雨後晴、雷を伴う,
2025-04-12,15.3,20.5,11.2,0.0,9.2,晴,曇,
2025-04-13,13.1,14.1,11.9,12.0,0.0,雨一時曇,雨後一時曇,
2025-04-14,16.9,23.0,13.4,10.0,8.0,晴一時薄曇,晴時々曇後一時雨,
2025-04-15,16.2,22.0,11.1,0.0,9.7,晴時々曇一時雨,晴時々曇,
2025-04-16,14.8,21.1,7.7,0.0,12.3,快晴,快晴,
2025-04-17,17.8,25.2,10.0,0.0,11.4,薄曇時々晴,薄曇時々晴,
2025-04-18,19.2,24.9,13.8,0.0,7.3,薄曇,晴一時薄曇,
