,OrderTime,Brand,TotalPrice,Brand_Price_Range_Very Low,Brand_Price_Range_Low,Brand_Price_Range_Medium,Brand_Price_Range_High,Brand_Price_Range_Very High,Brand_Price_Range_Extremely High
1901,2021-06-16 00:00:00,東京ソワール,27720,0,0,0,0,1,0
1900,2021-06-20 00:00:00,インディヴィ,20000,0,0,0,1,0,0
1899,2021-06-22 00:00:00,23区,18000,0,0,1,0,0,0
1898,2021-06-24 00:00:00,クリスチャンオジャール,7200,0,1,0,0,0,0
1897,2021-07-02 00:00:00,斉藤都世子,39500,0,0,0,0,0,1
1896,2021-07-07 00:00:00,イッセイミヤケ,19800,0,0,0,0,1,0
1895,2021-07-07 00:00:00,シャミーヴィ,11500,0,0,1,0,0,0
1894,2021-07-09 00:00:00,アリスバーリー,10400,0,0,0,1,0,0
1893,2021-07-10 00:00:00,ジルサンダー,38000,0,0,0,0,0,1
1892,2021-07-19 00:00:00,ユキトリイ,26200,0,0,0,0,1,0
1891,2021-07-20 00:00:00,伊太利屋,16800,0,0,0,1,0,0
1890,2021-07-24 00:00:00,ユキトリイ,33000,0,0,0,0,1,0
1889,2021-07-29 00:00:00,マックスマーラ,15800,0,0,0,1,0,0
1888,2021-07-31 00:00:00,クレージュ,9950,0,0,1,0,0,0
1887,2021-08-05 00:00:00,ミスクロエ,12000,0,0,1,0,0,0
1886,2021-08-10 00:00:00,レリアン,78100,0,0,0,0,0,1
1885,2021-08-10 00:00:00,レリアン,78100,0,0,0,0,0,1
1884,2021-08-14 00:00:00,アクサラ,7420,0,1,0,0,0,0
1883,2021-08-15 00:00:00,セオリー,14500,0,0,0,0,1,0
1882,2021-08-17 00:00:00,オッドオンジャパン,8300,0,1,0,0,0,0
1881,2021-08-17 00:00:00,マックス&コー,17600,0,0,0,1,0,0
1880,2021-08-17 00:00:00,詩仙堂,18700,0,0,0,1,0,0
1878,2021-08-18 00:00:00,ヒロコビス,11000,0,0,1,0,0,0
1879,2021-08-18 00:00:00,東京ソワール,18700,0,0,0,0,1,0
1877,2021-08-20 00:00:00,ラピーヌ,20680,0,0,0,0,1,0
1876,2021-08-20 00:00:00,ピエールカルダン,11000,0,0,0,1,0,0
1875,2021-08-23 00:00:00,ノーブランド,12100,0,1,0,0,0,0
1874,2021-08-24 00:00:00,ドゥスール,8300,0,1,0,0,0,0
1873,2021-08-27 00:00:00,オリバーヴァレンティノ,9400,0,1,0,0,0,0
1872,2021-09-04 00:00:00,ヴァレンティノガラヴァーニ,12000,0,0,1,0,0,0
1871,2021-09-04 00:00:00,ナラカミーチェ,4300,0,1,0,0,0,0
1870,2021-09-04 00:00:00,マダムハナイ,9790,0,0,0,1,0,0
1869,2021-09-04 00:00:00,斉藤都世子,44450,0,0,0,0,0,1
1868,2021-09-04 00:00:00,斉藤都世子,44450,0,0,0,0,0,1
1867,2021-09-04 00:00:00,斉藤都世子,44450,0,0,0,0,0,1
1866,2021-09-04 00:00:00,ホワイトイタリヤード,4450,0,1,0,0,0,0
1860,2021-09-05 00:00:00,レリアン,8700,0,0,0,0,0,1
1861,2021-09-05 00:00:00,バーバリーブルーレーベル,11500,0,0,0,1,0,0
1863,2021-09-05 00:00:00,レリアン,8100,0,0,0,0,0,1
1864,2021-09-05 00:00:00,ちぐさボーベル,14500,0,0,0,0,1,0
1865,2021-09-05 00:00:00,バーバリー,37500,0,0,0,0,0,1
1862,2021-09-05 00:00:00,MIC センソユニコ,9000,0,1,0,0,0,0
1850,2021-09-06 00:00:00,エルメス,133550,0,0,0,0,0,1
1859,2021-09-06 00:00:00,トゥービーシック,11250,0,0,0,0,1,0
1858,2021-09-06 00:00:00,セオリー,133550,0,0,0,0,1,0
1857,2021-09-06 00:00:00,イヴサンローラン,133550,0,0,0,0,0,1
1856,2021-09-06 00:00:00,インディヴィ,15650,0,0,0,1,0,0
1855,2021-09-06 00:00:00,ジバンシー,133550,0,0,0,0,0,1
1854,2021-09-06 00:00:00,ルイフェロー,133550,0,0,0,0,0,1
1853,2021-09-06 00:00:00,ミッシェルクラン,133550,0,0,0,0,0,1
1852,2021-09-06 00:00:00,プリーツプリーズ,133550,0,0,0,0,0,1
1851,2021-09-06 00:00:00,ジルサンダー,133550,0,0,0,0,0,1
1849,2021-09-06 00:00:00,シャネル,133550,0,0,0,0,0,1
1848,2021-09-06 00:00:00,ミーイッセイミヤケ,133550,0,0,0,0,0,1
1844,2021-09-07 00:00:00,トランスワーク,12100,0,0,1,0,0,0
1847,2021-09-07 00:00:00,イヴサンローラン,22150,0,0,0,0,0,1
1846,2021-09-07 00:00:00,東京ソワール,22000,0,0,0,0,1,0
1845,2021-09-07 00:00:00,マックスマーラ,33000,0,0,0,1,0,0
1843,2021-09-08 00:00:00,コーザノストラ,31400,0,0,0,1,0,0
1842,2021-09-09 00:00:00,オットー,4100,0,0,1,0,0,0
1830,2021-09-10 00:00:00,シャネル,56050,0,0,0,0,0,1
1829,2021-09-10 00:00:00,アナイ,56050,0,0,0,0,1,0
1831,2021-09-10 00:00:00,ジュンアシダ,56050,0,0,0,0,1,0
1827,2021-09-10 00:00:00,ハロッズ,76250,0,0,0,0,0,1
1826,2021-09-10 00:00:00,ジュンアシダ,56050,0,0,0,0,1,0
1825,2021-09-10 00:00:00,レリアン,30450,0,0,0,0,0,1
1828,2021-09-10 00:00:00,レリアン,47100,0,0,0,0,0,1
1832,2021-09-10 00:00:00,プロポーションボディドレッシング,56050,0,0,0,0,0,1
1836,2021-09-10 00:00:00,プロポーションボディドレッシング,76250,0,0,0,0,0,1
1834,2021-09-10 00:00:00,トッカ,76250,0,0,0,0,0,1
1833,2021-09-10 00:00:00,エポカ,76250,0,0,0,0,0,1
1841,2021-09-10 00:00:00,レリアン,30450,0,0,0,0,0,1
1840,2021-09-10 00:00:00,サルヴァトーレフェラガモ,15500,0,0,0,0,0,1
1837,2021-09-10 00:00:00,マックスマーラ,30000,0,0,0,1,0,0
1838,2021-09-10 00:00:00,詩仙堂,7750,0,0,0,1,0,0
1835,2021-09-10 00:00:00,アナイ,76250,0,0,0,0,1,0
1839,2021-09-10 00:00:00,ANTONETTE,16900,0,0,0,1,0,0
1824,2021-09-11 00:00:00,ワイズ,62400,0,0,0,0,0,1
1823,2021-09-16 00:00:00,バレンザ,19800,0,0,0,1,0,0
1822,2021-09-16 00:00:00,ジェラールダレル,25300,0,0,0,0,0,1
1821,2021-09-20 00:00:00,ジュンアシダ,28400,0,0,0,0,1,0
1820,2021-09-23 00:00:00,ハーディエイミス,36800,0,0,0,0,0,1
1819,2021-09-25 00:00:00,プラステ,17000,0,0,1,0,0,0
1818,2021-09-26 00:00:00,レリアン,19000,0,0,0,0,0,1
1817,2021-10-01 00:00:00,ティエリーミュグレー,7420,0,1,0,0,0,0
1816,2021-10-02 00:00:00,ジュンアシダ,38500,0,0,0,0,1,0
1814,2021-10-05 00:00:00,三年坂,18000,0,0,0,1,0,0
1815,2021-10-05 00:00:00,インゲボルグ,19000,0,0,0,1,0,0
1813,2021-10-08 00:00:00,ザラ,7750,0,1,0,0,0,0
1812,2021-10-10 00:00:00,レリアン,27900,0,0,0,0,0,1
1811,2021-10-10 00:00:00,フェンディ,18500,0,0,0,0,0,1
1810,2021-10-15 00:00:00,レステラ,15950,0,0,1,0,0,0
1809,2021-10-16 00:00:00,コルディア,6000,0,1,0,0,0,0
1808,2021-10-18 00:00:00,ハーモニカ,11880,0,0,1,0,0,0
1807,2021-10-21 00:00:00,伊太利屋,17200,0,0,0,1,0,0
1805,2021-10-22 00:00:00,カルバンクライン,28700,0,0,0,1,0,0
1806,2021-10-22 00:00:00,ランズエンド,28700,0,0,0,0,0,1
1804,2021-10-24 00:00:00,ダイアグラムグレースコンチネンタル,34000,0,0,0,0,0,1
1803,2021-10-24 00:00:00,アナイ,15200,0,0,0,0,1,0
1801,2021-10-26 00:00:00,ユマコシノ,25400,0,0,0,0,0,1
1802,2021-10-26 00:00:00,セキネ,13200,0,0,1,0,0,0
1800,2021-10-28 00:00:00,ラルフローレン,19000,0,0,1,0,0,0
1799,2021-10-29 00:00:00,レリアン,16500,0,0,0,0,0,1
1798,2021-10-29 00:00:00,ジュンコシマダ,16200,0,0,0,1,0,0
1797,2021-10-30 00:00:00,オッティモブラッチオ,14800,0,0,1,0,0,0
1796,2021-11-03 00:00:00,トピーズ,24200,0,0,1,0,0,0
1795,2021-11-04 00:00:00,23区,21000,0,0,1,0,0,0
1794,2021-11-04 00:00:00,コムサイズム,9000,0,1,0,0,0,0
1793,2021-11-05 00:00:00,ユナイテッドアローズ,23900,0,0,1,0,0,0
1792,2021-11-06 00:00:00,ドルチェアンドガッバーナ,31000,0,0,0,0,1,0
1791,2021-11-06 00:00:00,ミスクロエ,16800,0,0,1,0,0,0
1790,2021-11-07 00:00:00,自由区,20000,0,0,1,0,0,0
1789,2021-11-08 00:00:00,マンゴ,19300,0,0,0,1,0,0
1788,2021-11-08 00:00:00,アリスバーリー,27200,0,0,0,1,0,0
1787,2021-11-08 00:00:00,組曲,27200,0,0,1,0,0,0
1786,2021-11-08 00:00:00,アーバンリサーチ,21700,0,0,0,0,1,0
1785,2021-11-09 00:00:00,セオリー,32000,0,0,0,0,1,0
1784,2021-11-10 00:00:00,オッズオネスト,19800,0,0,1,0,0,0
1783,2021-11-10 00:00:00,セキネ,12000,0,0,1,0,0,0
1782,2021-11-13 00:00:00,アクアスキュータム,15070,0,0,0,0,1,0
1781,2021-11-13 00:00:00,ダックス,24000,0,0,0,1,0,0
1780,2021-11-14 00:00:00,ハーディエイミス,38500,0,0,0,0,0,1
1779,2021-11-15 00:00:00,東京ソワール,28800,0,0,0,0,1,0
1778,2021-11-17 00:00:00,ピエールカルダン,9290,0,0,0,1,0,0
1775,2021-11-18 00:00:00,レリアン,26900,0,0,0,0,0,1
1777,2021-11-18 00:00:00,レリアン,36500,0,0,0,0,0,1
1776,2021-11-18 00:00:00,ジュンアシダ,26900,0,0,0,0,1,0
1774,2021-11-19 00:00:00,J&R,27900,0,0,0,0,0,1
1773,2021-11-20 00:00:00,ヨウジヤマモトノアール,20500,0,0,0,0,1,0
1772,2021-11-22 00:00:00,エムズグレイシー,14630,0,0,0,0,1,0
1771,2021-11-22 00:00:00,23区,17000,0,0,1,0,0,0
1770,2021-11-27 00:00:00,ニューヨーカー,9180,0,0,1,0,0,0
1769,2021-11-27 00:00:00,ノーブランド,24200,0,1,0,0,0,0
1768,2021-11-30 00:00:00,インタープラネット,16500,0,0,0,1,0,0
1767,2021-12-02 00:00:00,ヨコハマクラブ,21800,0,0,0,0,1,0
1766,2021-12-03 00:00:00,マリクレール,19800,0,0,0,1,0,0
1765,2021-12-03 00:00:00,ポールスチュアート,16280,0,0,0,1,0,0
1749,2021-12-04 00:00:00,ピエールカルダン,24766,0,0,0,1,0,0
1750,2021-12-04 00:00:00,レオナール,36600,0,0,0,0,0,1
1751,2021-12-04 00:00:00,斉藤都世子,53375,0,0,0,0,0,1
1752,2021-12-04 00:00:00,スポーツマックス,29890,0,0,0,0,0,1
1753,2021-12-04 00:00:00,マテリア,30683,0,0,0,0,0,1
1754,2021-12-04 00:00:00,セオリーリュクス,30683,0,0,1,0,0,0
1755,2021-12-04 00:00:00,ホワイトイタリヤード,8080,0,1,0,0,0,0
1758,2021-12-04 00:00:00,斉藤都世子,53375,0,0,0,0,0,1
1757,2021-12-04 00:00:00,グレード,14030,0,0,0,1,0,0
1759,2021-12-04 00:00:00,マックスマーラ,29890,0,0,0,1,0,0
1760,2021-12-04 00:00:00,ウンガロ,24766,0,0,0,0,1,0
1761,2021-12-04 00:00:00,銀座マギー,10553,0,0,0,1,0,0
1762,2021-12-04 00:00:00,キヨコタカセ,14152,0,0,1,0,0,0
1763,2021-12-04 00:00:00,斉藤都世子,53375,0,0,0,0,0,1
1764,2021-12-04 00:00:00,ハナエモリ,17812,0,0,1,0,0,0
1756,2021-12-04 00:00:00,群言堂,16958,0,0,1,0,0,0
1742,2021-12-05 00:00:00,ローラアシュレイ,27938,0,0,0,1,0,0
1740,2021-12-05 00:00:00,伊太利屋,7747,0,0,0,1,0,0
1741,2021-12-05 00:00:00,ピエールカルダン,10065,0,0,0,1,0,0
1743,2021-12-05 00:00:00,ラルフローレン,27938,0,0,1,0,0,0
1747,2021-12-05 00:00:00,伊太利屋,6710,0,0,0,1,0,0
1745,2021-12-05 00:00:00,エムズグレイシー,13420,0,0,0,0,1,0
1744,2021-12-05 00:00:00,レリアン,27938,0,0,0,0,0,1
1748,2021-12-05 00:00:00,レリアン,17600,0,0,0,0,0,1
1746,2021-12-05 00:00:00,トリーバーチ,11102,0,0,1,0,0,0
1739,2021-12-06 00:00:00,ユキコハナイ,18300,0,0,1,0,0,0
1738,2021-12-06 00:00:00,グリーンレーベルリラクシング,12200,0,1,0,0,0,0
1737,2021-12-06 00:00:00,アイシービー,10370,0,0,0,0,1,0
1736,2021-12-07 00:00:00,レリアン,26070,0,0,0,0,0,1
1735,2021-12-07 00:00:00,ミスアシダ,11000,0,0,1,0,0,0
1734,2021-12-08 00:00:00,レナランゲ,35380,0,0,0,0,0,1
1731,2021-12-09 00:00:00,ビースリー,8080,0,1,0,0,0,0
1732,2021-12-09 00:00:00,バナナリパブリック,11440,0,0,1,0,0,0
1733,2021-12-09 00:00:00,ファーショルダーバッグ,1850,1,0,0,0,0,0
1729,2021-12-10 00:00:00,ファーショルダーバッグ,1850,1,0,0,0,0,0
1728,2021-12-10 00:00:00,クリツィア,24278,0,0,0,0,1,0
1727,2021-12-10 00:00:00,マギー,24278,0,0,1,0,0,0
1726,2021-12-10 00:00:00,モガ,8300,0,1,0,0,0,0
1730,2021-12-10 00:00:00,R AND CO,24278,0,0,0,0,1,0
1725,2021-12-11 00:00:00,ジュンアシダ,18800,0,0,0,0,1,0
1724,2021-12-11 00:00:00,銀座マギー,18300,0,0,0,1,0,0
1722,2021-12-13 00:00:00,ドゥクラッセ,9070,0,1,0,0,0,0
1723,2021-12-13 00:00:00,ノーブランド,2480,0,1,0,0,0,0
1720,2021-12-14 00:00:00,ピエールカルダン,18700,0,0,0,1,0,0
1721,2021-12-14 00:00:00,オールドイングランド,12500,0,0,0,1,0,0
1719,2021-12-17 00:00:00,シャミー,8300,0,1,0,0,0,0
1718,2021-12-18 00:00:00,ファーバッグ,2780,1,0,0,0,0,0
1716,2021-12-20 00:00:00,ノーベスパジオ,42800,0,0,0,0,1,0
1715,2021-12-20 00:00:00,ノーブランド,2480,0,1,0,0,0,0
1714,2021-12-20 00:00:00,ローラアシュレイ,18700,0,0,0,1,0,0
1717,2021-12-20 00:00:00,ノーブランド,2480,0,1,0,0,0,0
1713,2021-12-21 00:00:00,ノーブランド,2480,0,1,0,0,0,0
1712,2021-12-21 00:00:00,東京ソワール,30000,0,0,0,0,1,0
1711,2021-12-22 00:00:00,アリスバーリー,12700,0,0,0,1,0,0
1710,2021-12-23 00:00:00,ファーバッグ,2780,1,0,0,0,0,0
1709,2021-12-25 00:00:00,23区,8700,0,0,1,0,0,0
1708,2021-12-25 00:00:00,ボッシュ,13700,0,0,1,0,0,0
1707,2021-12-26 00:00:00,レリアン,13300,0,0,0,0,0,1
1706,2021-12-26 00:00:00,エスタコット,11000,0,0,1,0,0,0
1705,2021-12-26 00:00:00,ノーブランド,2480,0,1,0,0,0,0
1704,2021-12-28 00:00:00,ノーブランド,2480,0,1,0,0,0,0
1702,2021-12-30 00:00:00,ピエールカルダン,18700,0,0,0,1,0,0
1703,2021-12-30 00:00:00,キャラオクルス,16500,0,0,1,0,0,0
1701,2022-01-01 00:00:00,マンシングウエア,16900,0,0,1,0,0,0
1700,2022-01-01 00:00:00,マンシングウエア,7000,0,0,1,0,0,0
1699,2022-01-01 00:00:00,ノーブランド,1984,0,1,0,0,0,0
1698,2022-01-01 00:00:00,ノコオーノ,66300,0,0,0,0,0,1
1697,2022-01-01 00:00:00,ヒロココシノ,66300,0,0,0,1,0,0
1696,2022-01-01 00:00:00,リオラ,66300,0,0,0,0,0,1
1695,2022-01-01 00:00:00,伊太利屋,66300,0,0,0,1,0,0
1694,2022-01-02 00:00:00,ノーブランド,1984,0,1,0,0,0,0
1690,2022-01-03 00:00:00,ノーブランド,2480,0,1,0,0,0,0
1689,2022-01-03 00:00:00,エスカーダ,86900,0,0,0,0,0,1
1692,2022-01-03 00:00:00,レリアン,86900,0,0,0,0,0,1
1691,2022-01-03 00:00:00,ローレル,86900,0,0,0,0,0,1
1693,2022-01-03 00:00:00,ローラアシュレイ,86900,0,0,0,1,0,0
1688,2022-01-04 00:00:00,ファーバッグ,2224,1,0,0,0,0,0
1687,2022-01-07 00:00:00,スピックアンドスパン,8300,0,1,0,0,0,0
1686,2022-01-09 00:00:00,ノーブランド,2480,0,1,0,0,0,0
1685,2022-01-09 00:00:00,23区,15730,0,0,1,0,0,0
1684,2022-01-10 00:00:00,アイシービー,24800,0,0,0,0,1,0
1683,2022-01-10 00:00:00,タルボット,12980,0,0,1,0,0,0
1682,2022-01-10 00:00:00,インディヴィ,50100,0,0,0,1,0,0
1681,2022-01-10 00:00:00,絵麻亥由エマイユ,13400,0,0,1,0,0,0
1680,2022-01-10 00:00:00,アンタイトル,50100,0,0,1,0,0,0
1679,2022-01-10 00:00:00,イギン,50100,0,0,0,0,0,1
1678,2022-01-10 00:00:00,組曲,50100,0,0,1,0,0,0
1676,2022-01-12 00:00:00,ラルフローレン,12100,0,0,1,0,0,0
1677,2022-01-12 00:00:00,ポールスチュアート,13750,0,0,0,1,0,0
1675,2022-01-13 00:00:00,エルプラネット,16800,0,0,0,1,0,0
1674,2022-01-15 00:00:00,グレード,22900,0,0,0,1,0,0
1673,2022-01-15 00:00:00,スキャパ,23000,0,0,0,1,0,0
1672,2022-01-16 00:00:00,ジュンアシダ,25080,0,0,0,0,1,0
1671,2022-01-17 00:00:00,ジバンシイ,27500,0,0,0,1,0,0
1670,2022-01-18 00:00:00,マーガレットハウエル,18480,0,0,0,1,0,0
1669,2022-01-19 00:00:00,ノーブランド,16500,0,1,0,0,0,0
1668,2022-01-20 00:00:00,ポールアンドジョー,14400,0,0,1,0,0,0
1667,2022-01-20 00:00:00,バナナリパブリック,14400,0,0,1,0,0,0
1666,2022-01-20 00:00:00,東京ソワール,18150,0,0,0,0,1,0
1665,2022-01-22 00:00:00,ハーディエイミス,34100,0,0,0,0,0,1
1664,2022-01-23 00:00:00,ラコステ,16000,0,0,1,0,0,0
1660,2022-01-25 00:00:00,ノーブランド,2480,0,1,0,0,0,0
1661,2022-01-25 00:00:00,東京ソワール,34200,0,0,0,0,1,0
1663,2022-01-25 00:00:00,コムサデモード,7750,0,0,0,1,0,0
1662,2022-01-25 00:00:00,レリアン,8300,0,0,0,0,0,1
1659,2022-01-27 00:00:00,ナチュラルビューティー,19800,0,0,0,1,0,0
1658,2022-01-28 00:00:00,オットーコレクション,23200,0,0,0,1,0,0
1657,2022-01-28 00:00:00,ユキトリイ,20460,0,0,0,0,1,0
1654,2022-01-29 00:00:00,J.プレス,8300,0,1,0,0,0,0
1656,2022-01-29 00:00:00,J.プレス,11000,0,1,0,0,0,0
1655,2022-01-29 00:00:00,ハナエモリ,13640,0,0,1,0,0,0
1653,2022-01-30 00:00:00,ギビー,7750,0,0,0,1,0,0
1652,2022-01-31 00:00:00,銀座マギー,22900,0,0,0,1,0,0
1651,2022-02-01 00:00:00,へっぽこ先生,34500,0,0,0,0,0,1
1650,2022-02-01 00:00:00,スペッチオ,13900,0,0,1,0,0,0
1649,2022-02-04 00:00:00,東京ソワール,28000,0,0,0,0,1,0
1648,2022-02-04 00:00:00,マックスマーラ,28400,0,0,0,1,0,0
1647,2022-02-04 00:00:00,スペッチオ,13420,0,0,1,0,0,0
1646,2022-02-05 00:00:00,フォクシー,51500,0,0,0,0,0,1
1645,2022-02-05 00:00:00,アポロベリー,23600,0,0,0,0,1,0
1644,2022-02-05 00:00:00,ピエールカルダン,21700,0,0,0,1,0,0
1643,2022-02-06 00:00:00,セオリー,8500,0,0,0,0,1,0
1642,2022-02-06 00:00:00,モガ,9000,0,1,0,0,0,0
1640,2022-02-09 00:00:00,詩仙堂,19000,0,0,0,1,0,0
1641,2022-02-09 00:00:00,カオリーヌ,17050,0,0,0,1,0,0
1639,2022-02-11 00:00:00,バーバリー,26200,0,0,0,0,0,1
1638,2022-02-12 00:00:00,ファーバッグ,2780,1,0,0,0,0,0
1637,2022-02-14 00:00:00,銀座マギー,14770,0,0,0,1,0,0
1636,2022-02-15 00:00:00,アイグナー,24800,0,0,0,1,0,0
1635,2022-02-16 00:00:00,ノーブランド,2480,0,1,0,0,0,0
1634,2022-02-18 00:00:00,ノーブランド,2480,0,1,0,0,0,0
1633,2022-02-22 00:00:00,インディヴィ,12650,0,0,0,1,0,0
1632,2022-02-22 00:00:00,ハーディエイミス,19800,0,0,0,0,0,1
1630,2022-02-23 00:00:00,マークジェイコブス,11000,0,0,1,0,0,0
1631,2022-02-23 00:00:00,ミスアシダ,11000,0,0,1,0,0,0
1628,2022-02-26 00:00:00,ローラアシュレイ,21120,0,0,0,1,0,0
1629,2022-02-26 00:00:00,ラピカ,7200,0,1,0,0,0,0
1627,2022-02-28 00:00:00,23区,13200,0,0,1,0,0,0
1626,2022-03-04 00:00:00,ヒロコビス,19600,0,0,1,0,0,0
1625,2022-03-04 00:00:00,イネド,7980,0,0,1,0,0,0
1624,2022-03-04 00:00:00,ダックス,13300,0,0,0,1,0,0
1623,2022-03-04 00:00:00,ファーバッグ,1946,1,0,0,0,0,0
1622,2022-03-04 00:00:00,ヴァレンティノ,39900,0,0,0,0,0,1
1621,2022-03-05 00:00:00,アンタイトル,5600,0,0,1,0,0,0
1620,2022-03-05 00:00:00,伊太利屋,9450,0,0,0,1,0,0
1619,2022-03-06 00:00:00,アーバンリサーチ,22400,0,0,0,0,1,0
1618,2022-03-06 00:00:00,ボッシュ,22400,0,0,1,0,0,0
1617,2022-03-06 00:00:00,ノーブランド,1736,0,1,0,0,0,0
1616,2022-03-06 00:00:00,アニエスベー,7700,0,0,1,0,0,0
1615,2022-03-06 00:00:00,アンタイトル,8260,0,0,1,0,0,0
1614,2022-03-06 00:00:00,東京イギン,22400,0,0,0,0,0,1
1613,2022-03-08 00:00:00,イッセイミヤケ,19460,0,0,0,0,1,0
1612,2022-03-09 00:00:00,ジュンアシダ,14000,0,0,0,0,1,0
1611,2022-03-10 00:00:00,アナイ,18200,0,0,0,0,1,0
1610,2022-03-10 00:00:00,ヒロココシノ,9100,0,0,0,1,0,0
1609,2022-03-10 00:00:00,伊太利屋,13510,0,0,0,1,0,0
1608,2022-03-14 00:00:00,ナラカミーチェ,8520,0,1,0,0,0,0
1607,2022-03-15 00:00:00,ニナリッチ,41800,0,0,0,0,0,1
1606,2022-03-20 00:00:00,ユキトリイ,30800,0,0,0,0,1,0
1605,2022-03-21 00:00:00,銀座マギー,18150,0,0,0,1,0,0
1604,2022-03-22 00:00:00,クードシャンス,8900,0,0,1,0,0,0
1603,2022-03-22 00:00:00,ミスアシダ,21500,0,0,1,0,0,0
1602,2022-03-23 00:00:00,十仁プラザ,11000,0,0,0,1,0,0
1597,2022-03-26 00:00:00,自由区,9620,0,0,1,0,0,0
1598,2022-03-26 00:00:00,アイシービー,20900,0,0,0,0,1,0
1600,2022-03-26 00:00:00,レスピーギ,8800,0,1,0,0,0,0
1601,2022-03-26 00:00:00,バーバリーブルーレーベル,34200,0,0,0,1,0,0
1599,2022-03-26 00:00:00,プランドヴィー,26620,0,0,0,0,0,1
1595,2022-03-27 00:00:00,バーバリー,22500,0,0,0,0,0,1
1594,2022-03-27 00:00:00,東京ソワール,30000,0,0,0,0,1,0
1596,2022-03-27 00:00:00,シャレブラン,9400,0,1,0,0,0,0
1593,2022-03-28 00:00:00,プリーツプリーズ,21450,0,0,0,0,0,1
1592,2022-03-28 00:00:00,プリーツプリーズ,20900,0,0,0,0,0,1
1591,2022-03-29 00:00:00,クリッツィア,8080,0,0,0,1,0,0
1590,2022-04-04 00:00:00,エムズグレイシー,35800,0,0,0,0,1,0
1589,2022-04-04 00:00:00,ポールスチュアート,35800,0,0,0,1,0,0
1588,2022-04-06 00:00:00,ヴィアファブリカ,6100,0,1,0,0,0,0
1587,2022-04-07 00:00:00,コムサイズム,15400,0,1,0,0,0,0
1586,2022-04-07 00:00:00,シビラ,20680,0,0,1,0,0,0
1585,2022-04-07 00:00:00,ピエールカルダン,21700,0,0,0,1,0,0
1582,2022-04-10 00:00:00,ジバンシイ,32500,0,0,0,1,0,0
1583,2022-04-10 00:00:00,ピエールカルダン,6800,0,0,0,1,0,0
1584,2022-04-10 00:00:00,レリアン,18300,0,0,0,0,0,1
1581,2022-04-11 00:00:00,ナラカミーチェ,7200,0,1,0,0,0,0
1580,2022-04-12 00:00:00,レリアン,19400,0,0,0,0,0,1
1579,2022-04-12 00:00:00,東京イギン,32000,0,0,0,0,0,1
1578,2022-04-13 00:00:00,東京イギン,27800,0,0,0,0,0,1
1577,2022-04-13 00:00:00,バーニーズニューヨーク,8300,0,0,1,0,0,0
1576,2022-04-15 00:00:00,レリアン,27600,0,0,0,0,0,1
1575,2022-04-15 00:00:00,スペッチオ,27600,0,0,1,0,0,0
1574,2022-04-16 00:00:00,ボールジー,8300,0,0,0,1,0,0
1573,2022-04-16 00:00:00,スペッチオ,13900,0,0,1,0,0,0
1572,2022-04-16 00:00:00,レリアン,15200,0,0,0,0,0,1
1571,2022-04-17 00:00:00,組曲,10000,0,0,1,0,0,0
1570,2022-04-20 00:00:00,レリアン,15000,0,0,0,0,0,1
1569,2022-04-23 00:00:00,プラステ,8500,0,0,1,0,0,0
1568,2022-04-25 00:00:00,ハーモニカ,13200,0,0,1,0,0,0
1567,2022-04-26 00:00:00,カルヴェン,27500,0,0,0,1,0,0
1566,2022-04-27 00:00:00,ミゼール,25900,0,0,0,1,0,0
1565,2022-04-27 00:00:00,レリアン,25900,0,0,0,0,0,1
1564,2022-04-28 00:00:00,セオリー,14080,0,0,0,0,1,0
1563,2022-05-02 00:00:00,バーニーズニューヨーク,12650,0,0,1,0,0,0
1562,2022-05-07 00:00:00,プラステ,8500,0,0,1,0,0,0
1561,2022-05-10 00:00:00,イッセイミヤケ,22550,0,0,0,0,1,0
1560,2022-05-10 00:00:00,ボッシュ,12000,0,0,1,0,0,0
1559,2022-05-12 00:00:00,ジュンアシダ,19800,0,0,0,0,1,0
1558,2022-05-12 00:00:00,スペッチオ,11550,0,0,1,0,0,0
1554,2022-05-15 00:00:00,キャラオクルス,7700,0,0,1,0,0,0
1557,2022-05-15 00:00:00,アマカ,8300,0,1,0,0,0,0
1556,2022-05-15 00:00:00,ザラ,7750,0,1,0,0,0,0
1555,2022-05-15 00:00:00,銀座マギー,23800,0,0,0,1,0,0
1553,2022-05-16 00:00:00,ノーベスパジオ,5600,0,0,0,0,1,0
1552,2022-05-17 00:00:00,お洒落リバーシブルスカート,6100,0,1,0,0,0,0
1551,2022-05-17 00:00:00,ハーモニカ,7400,0,0,1,0,0,0
1550,2022-05-17 00:00:00,シャミーロイヤル,6800,0,1,0,0,0,0
1549,2022-05-17 00:00:00,マーガレットハウエル,12111,0,0,0,1,0,0
1548,2022-05-18 00:00:00,ローラアシュレイ,17800,0,0,0,1,0,0
1547,2022-05-18 00:00:00,ローラアシュレイ,17800,0,0,0,1,0,0
1546,2022-05-18 00:00:00,モガ,6100,0,1,0,0,0,0
1545,2022-05-18 00:00:00,ジェイアンドアール,26800,0,0,0,1,0,0
1542,2022-05-19 00:00:00,詩仙堂,15800,0,0,0,1,0,0
1544,2022-05-19 00:00:00,ハナホウ,6100,0,1,0,0,0,0
1543,2022-05-19 00:00:00,アルドリッジ,7400,0,1,0,0,0,0
1540,2022-05-21 00:00:00,自由区,20000,0,0,1,0,0,0
1541,2022-05-21 00:00:00,ジュンアシダ,19800,0,0,0,0,1,0
1538,2022-05-22 00:00:00,バーバリーブルーレーベル,13400,0,0,0,1,0,0
1539,2022-05-22 00:00:00,ボールジー,8300,0,0,0,1,0,0
1536,2022-05-23 00:00:00,スペッチオ,22000,0,0,1,0,0,0
1535,2022-05-23 00:00:00,伊太利屋,12000,0,0,0,1,0,0
1537,2022-05-23 00:00:00,ハナエモリ,4810,0,0,1,0,0,0
1534,2022-05-26 00:00:00,ピッコーネ,6900,0,1,0,0,0,0
1533,2022-05-27 00:00:00,マンシングウエア,6600,0,0,1,0,0,0
1532,2022-05-28 00:00:00,レスピーギ,7800,0,1,0,0,0,0
1531,2022-05-29 00:00:00,ルネ,5595,0,0,0,1,0,0
1530,2022-05-29 00:00:00,タルボット,1599,0,0,1,0,0,0
1529,2022-05-30 00:00:00,J.プレス,8520,0,1,0,0,0,0
1528,2022-05-31 00:00:00,バナナリパブリック,11330,0,0,1,0,0,0
1525,2022-06-01 00:00:00,23区,6100,0,0,1,0,0,0
1527,2022-06-01 00:00:00,東京ソワール,23900,0,0,0,0,1,0
1526,2022-06-01 00:00:00,プランテーション,6100,0,1,0,0,0,0
1524,2022-06-02 00:00:00,ロシャス,24800,0,0,0,0,1,0
1523,2022-06-03 00:00:00,ビースリー,8520,0,1,0,0,0,0
1522,2022-06-03 00:00:00,バレンシアガ,4400,1,0,0,0,0,0
1521,2022-06-04 00:00:00,レリアン,80100,0,0,0,0,0,1
1520,2022-06-04 00:00:00,エレウノ,80100,0,0,0,0,0,1
1519,2022-06-04 00:00:00,レリアン,80100,0,0,0,0,0,1
1518,2022-06-04 00:00:00,詩仙堂,19810,0,0,0,1,0,0
1517,2022-06-04 00:00:00,portmons STATUS,80100,0,0,0,0,0,1
1516,2022-06-04 00:00:00,レリアン,80100,0,0,0,0,0,1
1515,2022-06-04 00:00:00,ジュンコシマダ,16800,0,0,0,1,0,0
1514,2022-06-04 00:00:00,ロイスクレヨン,6899,0,1,0,0,0,0
1513,2022-06-04 00:00:00,ローラアシュレイ,7900,0,0,0,1,0,0
1510,2022-06-05 00:00:00,オットー,7000,0,0,1,0,0,0
1511,2022-06-05 00:00:00,アリスバーリー,9400,0,0,0,1,0,0
1512,2022-06-05 00:00:00,インディヴィ,16500,0,0,0,1,0,0
1504,2022-06-06 00:00:00,エフデ,31920,0,0,0,0,0,1
1505,2022-06-06 00:00:00,スペッチオ,15190,0,0,1,0,0,0
1509,2022-06-06 00:00:00,東京ソワール,21000,0,0,0,0,1,0
1507,2022-06-06 00:00:00,エフデ,31920,0,0,0,0,0,1
1508,2022-06-06 00:00:00,マドモアゼルノンノン,11200,0,1,0,0,0,0
1506,2022-06-06 00:00:00,エフデ,31920,0,0,0,0,0,1
1503,2022-06-07 00:00:00,ノーブランド,10416,0,1,0,0,0,0
1502,2022-06-07 00:00:00,ノーブランド,10416,0,1,0,0,0,0
1501,2022-06-07 00:00:00,ノーブランド,10416,0,1,0,0,0,0
1500,2022-06-07 00:00:00,斉藤都世子,20160,0,0,0,0,0,1
1499,2022-06-07 00:00:00,ヨシエイナバ,5800,0,0,1,0,0,0
1497,2022-06-08 00:00:00,サンジョア,13860,0,0,1,0,0,0
1498,2022-06-08 00:00:00,ノーブランド,4710,0,1,0,0,0,0
1496,2022-06-09 00:00:00,オットー,43050,0,0,1,0,0,0
1494,2022-06-09 00:00:00,ビスケー,6080,0,0,0,0,1,0
1493,2022-06-09 00:00:00,へっぽこ先生,43050,0,0,0,0,0,1
1495,2022-06-09 00:00:00,ケイコキシ,43050,0,0,0,0,0,1
1492,2022-06-10 00:00:00,ナラカミーチェ,8800,0,1,0,0,0,0
1491,2022-06-10 00:00:00,アニエスベー,12600,0,0,1,0,0,0
1490,2022-06-10 00:00:00,ロートレアモン,12430,0,0,0,0,0,1
1489,2022-06-10 00:00:00,ビースリー,12430,0,1,0,0,0,0
1488,2022-06-11 00:00:00,ビースリー,4810,0,1,0,0,0,0
1487,2022-06-12 00:00:00,ドロテビス,4400,1,0,0,0,0,0
1486,2022-06-12 00:00:00,伊太利屋,6499,0,0,0,1,0,0
1485,2022-06-13 00:00:00,リミフゥ,5580,0,1,0,0,0,0
1484,2022-06-14 00:00:00,ワオスクチュール,12810,0,0,1,0,0,0
1483,2022-06-15 00:00:00,ソレイアード,9400,0,1,0,0,0,0
1482,2022-06-19 00:00:00,アンタイトル,6551,0,0,1,0,0,0
1481,2022-06-19 00:00:00,ナラカミーチェ,7200,0,1,0,0,0,0
1480,2022-06-20 00:00:00,ノーブランド,6100,0,1,0,0,0,0
1479,2022-06-20 00:00:00,アンクライン,13000,0,0,1,0,0,0
1478,2022-06-21 00:00:00,セオリー,16280,0,0,0,0,1,0
1477,2022-06-23 00:00:00,Kirsch Bliixe,18800,0,0,0,0,0,1
1476,2022-06-23 00:00:00,ユキトリイ,42500,0,0,0,0,1,0
1475,2022-06-23 00:00:00,Kirsch Bliixe,42500,0,0,0,0,0,1
1474,2022-06-23 00:00:00,ハロッズ,8600,0,0,0,0,0,1
1473,2022-06-24 00:00:00,モスキーノ,17210,0,0,0,1,0,0
1472,2022-06-24 00:00:00,横浜元町フクゾー,5880,0,1,0,0,0,0
1471,2022-06-24 00:00:00,ハロッズ,12800,0,0,0,0,0,1
1468,2022-06-25 00:00:00,ヒロココシノ,15200,0,0,0,1,0,0
1467,2022-06-25 00:00:00,ユキトリイ,21700,0,0,0,0,1,0
1470,2022-06-25 00:00:00,ユキトリイ,21700,0,0,0,0,1,0
1469,2022-06-25 00:00:00,伊太利屋,10401,0,0,0,1,0,0
1466,2022-06-26 00:00:00,イギンジブリーヌ,19000,0,0,0,1,0,0
1465,2022-06-27 00:00:00,ドゥクラッセ,7400,0,1,0,0,0,0
1464,2022-06-29 00:00:00,スペッチオ,5600,0,0,1,0,0,0
1463,2022-06-29 00:00:00,エヴェックス バイ クリツィア,7390,0,1,0,0,0,0
1462,2022-06-29 00:00:00,ユキトリイ,14500,0,0,0,0,1,0
1461,2022-06-30 00:00:00,クリスチャンディオール,11000,0,0,0,1,0,0
1460,2022-06-30 00:00:00,ナルシソロドリゲス,6200,0,1,0,0,0,0
1459,2022-06-30 00:00:00,ザラベーシック,7090,0,1,0,0,0,0
1458,2022-07-01 00:00:00,センソユニコ,11800,0,0,1,0,0,0
1457,2022-07-03 00:00:00,トゥービーシック,8500,0,0,0,0,1,0
1456,2022-07-03 00:00:00,ラルフローレン,6551,0,0,1,0,0,0
1455,2022-07-05 00:00:00,キヨコタカセ,14300,0,0,1,0,0,0
1454,2022-07-06 00:00:00,イエガー,12800,0,0,1,0,0,0
1452,2022-07-07 00:00:00,ギビー,33600,0,0,0,1,0,0
1453,2022-07-07 00:00:00,ラピーヌ,33600,0,0,0,0,1,0
1450,2022-07-08 00:00:00,東京イギン,25200,0,0,0,0,0,1
1451,2022-07-08 00:00:00,匠の黒×東京ソワール,39800,0,0,0,0,0,1
1449,2022-07-09 00:00:00,東京イギン,32200,0,0,0,0,0,1
1448,2022-07-09 00:00:00,ポールスチュアート,15730,0,0,0,1,0,0
1447,2022-07-09 00:00:00,エムズグレイシー,11000,0,0,0,0,1,0
1446,2022-07-10 00:00:00,トランスワーク,11000,0,0,1,0,0,0
1445,2022-07-10 00:00:00,クリスチャンオジャール,6100,0,1,0,0,0,0
1444,2022-07-10 00:00:00,クインク,10000,0,1,0,0,0,0
1443,2022-07-11 00:00:00,ジバンシイ,15899,0,0,0,1,0,0
1442,2022-07-11 00:00:00,プルミエ,7600,0,1,0,0,0,0
1441,2022-07-11 00:00:00,バジーレ28,4710,0,1,0,0,0,0
1439,2022-07-15 00:00:00,シャレブラン,8000,0,1,0,0,0,0
1440,2022-07-15 00:00:00,ローラアシュレイ,18150,0,0,0,1,0,0
1437,2022-07-16 00:00:00,フィフィーユ,5899,0,1,0,0,0,0
1438,2022-07-16 00:00:00,ヴィアファブリカ,6100,0,1,0,0,0,0
1436,2022-07-17 00:00:00,ニューヨーカー,12430,0,0,1,0,0,0
1435,2022-07-17 00:00:00,伊太利屋,19400,0,0,0,1,0,0
1434,2022-07-18 00:00:00,トッカ,29700,0,0,0,0,0,1
1433,2022-07-18 00:00:00,ジャンニロジュディチェ,5595,0,1,0,0,0,0
1432,2022-07-18 00:00:00,スペッチオ,11000,0,0,1,0,0,0
1431,2022-07-18 00:00:00,ロザース,12800,0,0,1,0,0,0
1430,2022-07-18 00:00:00,ローラアシュレイ,16500,0,0,0,1,0,0
1429,2022-07-18 00:00:00,東京イギン,17900,0,0,0,0,0,1
1428,2022-07-18 00:00:00,バンベール,6100,0,1,0,0,0,0
1427,2022-07-19 00:00:00,ドゥクラッセ,8080,0,1,0,0,0,0
1423,2022-07-20 00:00:00,プリーツプリーズ,20500,0,0,0,0,0,1
1424,2022-07-20 00:00:00,フェロー,20000,0,0,0,1,0,0
1426,2022-07-20 00:00:00,ヒロコビス,16280,0,0,1,0,0,0
1425,2022-07-20 00:00:00,パターントルソ,12800,0,0,1,0,0,0
1421,2022-07-22 00:00:00,ウナパルテ,6800,0,1,0,0,0,0
1419,2022-07-22 00:00:00,Saraku,12800,0,0,1,0,0,0
1422,2022-07-22 00:00:00,berenouveler,10401,0,0,1,0,0,0
1420,2022-07-22 00:00:00,セシオセラ,5600,0,1,0,0,0,0
1418,2022-07-23 00:00:00,ドルチェ＆ガッバーナ,4400,1,0,0,0,0,0
1417,2022-07-23 00:00:00,アンタイトル,10399,0,0,1,0,0,0
1416,2022-07-25 00:00:00,ロシャス,29800,0,0,0,0,1,0
1415,2022-07-25 00:00:00,プリーツプリーズ,18500,0,0,0,0,0,1
1414,2022-07-25 00:00:00,東京イギン,16200,0,0,0,0,0,1
1413,2022-07-26 00:00:00,クリスチャンディオールスポーツ,4700,1,0,0,0,0,0
1412,2022-07-26 00:00:00,センソユニコ,18480,0,0,1,0,0,0
1411,2022-07-27 00:00:00,ザラ,14080,0,1,0,0,0,0
1410,2022-07-30 00:00:00,東京ソワール,30140,0,0,0,0,1,0
1409,2022-07-31 00:00:00,パティオウェア,9400,0,0,0,1,0,0
1408,2022-08-01 00:00:00,インディヴィ,8400,0,0,0,1,0,0
1407,2022-08-04 00:00:00,ビーシービージーマックスアズリア,18700,0,0,0,0,1,0
1406,2022-08-04 00:00:00,ウィークエンド,12900,0,0,1,0,0,0
1402,2022-08-05 00:00:00,ヴゼット,7300,0,1,0,0,0,0
1404,2022-08-05 00:00:00,伊太利屋,48500,0,0,0,1,0,0
1405,2022-08-05 00:00:00,シズカコムロ,15000,0,0,0,1,0,0
1403,2022-08-05 00:00:00,伊太利屋,48500,0,0,0,1,0,0
1401,2022-08-07 00:00:00,ドルチェアンドガッバーナ,17160,0,0,0,0,1,0
1400,2022-08-07 00:00:00,ピンキー&ダイアン,7385,0,1,0,0,0,0
1399,2022-08-07 00:00:00,ジェイデルポゾ,29400,0,0,0,0,0,1
1398,2022-08-07 00:00:00,コムサデモード,29400,0,0,0,1,0,0
1397,2022-08-09 00:00:00,ランズエンド,7000,0,0,0,0,0,1
1396,2022-08-12 00:00:00,ザラ,6080,0,1,0,0,0,0
1395,2022-08-13 00:00:00,クインシー,5799,0,1,0,0,0,0
1394,2022-08-14 00:00:00,シャレブラン,4400,0,1,0,0,0,0
1393,2022-08-14 00:00:00,フランコフェラーロ,5595,0,1,0,0,0,0
1392,2022-08-15 00:00:00,プラステ,17400,0,0,1,0,0,0
1389,2022-08-17 00:00:00,組曲,13000,0,0,1,0,0,0
1391,2022-08-17 00:00:00,ジャンポールゴルチエ,48200,0,0,0,0,0,1
1390,2022-08-17 00:00:00,リニア,5600,0,1,0,0,0,0
1388,2022-08-18 00:00:00,ユキトリイ,24000,0,0,0,0,1,0
1387,2022-08-21 00:00:00,23区×RAJU,13900,0,0,1,0,0,0
1386,2022-08-21 00:00:00,ノーブランド,2480,0,1,0,0,0,0
1385,2022-08-24 00:00:00,オットー,9180,0,0,1,0,0,0
1384,2022-08-27 00:00:00,ロイスクレヨン,13200,0,1,0,0,0,0
1383,2022-08-27 00:00:00,ビアッジョブルー,7600,0,1,0,0,0,0
1382,2022-08-27 00:00:00,東京ソワール,12900,0,0,0,0,1,0
1381,2022-08-28 00:00:00,ハナエモリ,4810,0,0,1,0,0,0
1380,2022-08-30 00:00:00,ピエールカルダン,12810,0,0,0,1,0,0
1379,2022-08-31 00:00:00,ハナエモリ,5810,0,0,1,0,0,0
1378,2022-09-01 00:00:00,ダックス,12800,0,0,0,1,0,0
1370,2022-09-04 00:00:00,東京ソワール,17900,0,0,0,0,1,0
1371,2022-09-04 00:00:00,ファーバッグ,2502,1,0,0,0,0,0
1372,2022-09-04 00:00:00,セオリー,23760,0,0,0,0,1,0
1376,2022-09-04 00:00:00,ファーバッグ,2502,1,0,0,0,0,0
1374,2022-09-04 00:00:00,ローラアシュレイ,3500,0,0,0,1,0,0
1375,2022-09-04 00:00:00,エムズグレイシー,13860,0,0,0,0,1,0
1377,2022-09-04 00:00:00,伊太利屋,10500,0,0,0,1,0,0
1373,2022-09-04 00:00:00,コントワーデコトニエ,6200,0,0,1,0,0,0
1369,2022-09-05 00:00:00,詩仙堂,14280,0,0,0,1,0,0
1368,2022-09-05 00:00:00,ノーマカマリ,14700,0,0,1,0,0,0
1367,2022-09-05 00:00:00,ノーブランド,2232,0,1,0,0,0,0
1366,2022-09-05 00:00:00,インゲボルグ,18150,0,0,0,1,0,0
1365,2022-09-06 00:00:00,ローラアシュレイ,5040,0,0,0,1,0,0
1362,2022-09-07 00:00:00,エムズグレイシー,12600,0,0,0,0,1,0
1361,2022-09-07 00:00:00,ジュンアシダ,16200,0,0,0,0,1,0
1364,2022-09-07 00:00:00,バーバリー,17300,0,0,0,0,0,1
1363,2022-09-07 00:00:00,ピエールカルダン,7840,0,0,0,1,0,0
1359,2022-09-08 00:00:00,ソレイユ,20300,0,0,0,0,1,0
1360,2022-09-08 00:00:00,ローラアシュレイ,12950,0,0,0,1,0,0
1358,2022-09-10 00:00:00,ノーブランド,2232,0,1,0,0,0,0
1357,2022-09-10 00:00:00,アリスバーリー,21700,0,0,0,1,0,0
1356,2022-09-10 00:00:00,クードシャンス,21700,0,0,1,0,0,0
1355,2022-09-11 00:00:00,レリアン,19690,0,0,0,0,0,1
1354,2022-09-11 00:00:00,バーバリー,6810,0,0,0,0,0,1
1353,2022-09-12 00:00:00,アルマーニ,24899,0,0,0,0,1,0
1352,2022-09-12 00:00:00,伊太利屋,10500,0,0,0,1,0,0
1351,2022-09-16 00:00:00,アリスバーリー,8500,0,0,0,1,0,0
1350,2022-09-17 00:00:00,アリスバーリー,9070,0,0,0,1,0,0
1349,2022-09-17 00:00:00,イエナ,7600,0,1,0,0,0,0
1347,2022-09-18 00:00:00,ビースリー,6899,0,1,0,0,0,0
1348,2022-09-18 00:00:00,マックスマーラ,28300,0,0,0,1,0,0
1345,2022-09-19 00:00:00,コーザノストラ,16500,0,0,0,1,0,0
1344,2022-09-19 00:00:00,サンファン,12800,0,0,1,0,0,0
1343,2022-09-19 00:00:00,ファーバッグ,3280,1,0,0,0,0,0
1342,2022-09-19 00:00:00,マダムハナイ,22800,0,0,0,1,0,0
1341,2022-09-19 00:00:00,小田急百貨店,22800,0,0,0,0,1,0
1346,2022-09-19 00:00:00,グレープ元町,10399,0,0,1,0,0,0
1340,2022-09-20 00:00:00,ベネーラアラプ,24200,0,0,0,0,1,0
1339,2022-09-20 00:00:00,ヴェルサーチ,24750,0,0,0,0,1,0
1338,2022-09-21 00:00:00,ノーブランド,3280,0,1,0,0,0,0
1337,2022-09-21 00:00:00,ノーブランド,6560,0,1,0,0,0,0
1336,2022-09-21 00:00:00,ノーブランド,6560,0,1,0,0,0,0
1335,2022-09-22 00:00:00,アクアスキュータム,25500,0,0,0,0,1,0
1334,2022-09-22 00:00:00,ピンクハウス,4810,0,0,0,1,0,0
1331,2022-09-23 00:00:00,レリアン,19811,0,0,0,0,0,1
1332,2022-09-23 00:00:00,ソワールドルチェ,19000,0,0,0,0,1,0
1333,2022-09-23 00:00:00,ポールスチュアート,22800,0,0,0,1,0,0
1330,2022-09-25 00:00:00,ラルフローレン,5460,0,0,1,0,0,0
1329,2022-09-25 00:00:00,23区,13420,0,0,1,0,0,0
1328,2022-09-29 00:00:00,ダナパリス,11000,0,0,1,0,0,0
1327,2022-09-30 00:00:00,ピノーレ,10200,0,1,0,0,0,0
1326,2022-09-30 00:00:00,バーバリー,25200,0,0,0,0,0,1
1325,2022-10-01 00:00:00,スペッチオ,12800,0,0,1,0,0,0
1324,2022-10-02 00:00:00,ランバンスポーツ,8599,0,1,0,0,0,0
1323,2022-10-03 00:00:00,サンフェルメール,8300,0,1,0,0,0,0
1322,2022-10-03 00:00:00,ラルフローレン,10599,0,0,1,0,0,0
1321,2022-10-04 00:00:00,イッセイミヤケ,19800,0,0,0,0,1,0
1320,2022-10-04 00:00:00,クレージュ,6080,0,0,1,0,0,0
1313,2022-10-05 00:00:00,バーバリー,34000,0,0,0,0,0,1
1314,2022-10-05 00:00:00,オットーコレクション,15620,0,0,0,1,0,0
1315,2022-10-05 00:00:00,ユキトリイ,21900,0,0,0,0,1,0
1317,2022-10-05 00:00:00,バーバリー,70500,0,0,0,0,0,1
1318,2022-10-05 00:00:00,バーバリー,70500,0,0,0,0,0,1
1319,2022-10-05 00:00:00,マイケルコース,21900,0,0,0,1,0,0
1316,2022-10-05 00:00:00,ダックス,13200,0,0,0,1,0,0
1312,2022-10-07 00:00:00,ヒロココシノ,8300,0,0,0,1,0,0
1311,2022-10-07 00:00:00,イッセイミヤケ,28300,0,0,0,0,1,0
1310,2022-10-08 00:00:00,銀座和光,80000,0,0,0,0,0,1
1309,2022-10-08 00:00:00,ラルフローレン,14300,0,0,1,0,0,0
1308,2022-10-08 00:00:00,トピーズ,10000,0,0,1,0,0,0
1307,2022-10-09 00:00:00,元町ゼラール,21000,0,0,0,0,1,0
1299,2022-10-10 00:00:00,ボディードレッシングデラックス,5595,0,1,0,0,0,0
1300,2022-10-10 00:00:00,ハーモニカ,14850,0,0,1,0,0,0
1301,2022-10-10 00:00:00,セシオセラ,4710,0,1,0,0,0,0
1304,2022-10-10 00:00:00,レリアン,28800,0,0,0,0,0,1
1303,2022-10-10 00:00:00,レリアン,34800,0,0,0,0,0,1
1302,2022-10-10 00:00:00,23区,6551,0,0,1,0,0,0
1305,2022-10-10 00:00:00,ノーブランド,3280,0,1,0,0,0,0
1306,2022-10-10 00:00:00,ポールスチュアート,9100,0,0,0,1,0,0
1298,2022-10-11 00:00:00,イネド,11300,0,0,1,0,0,0
1297,2022-10-14 00:00:00,ノーブランド,3280,0,1,0,0,0,0
1293,2022-10-15 00:00:00,ジュンコシマダ,6800,0,0,0,1,0,0
1296,2022-10-15 00:00:00,ノーブランド,3280,0,1,0,0,0,0
1295,2022-10-15 00:00:00,びーどろぽえむ,14200,0,0,1,0,0,0
1294,2022-10-15 00:00:00,ギャラリービスコンティ,5800,0,1,0,0,0,0
1292,2022-10-16 00:00:00,アウアウバイジュンコシマダ,12000,0,0,1,0,0,0
1291,2022-10-16 00:00:00,23区,7400,0,0,1,0,0,0
1290,2022-10-16 00:00:00,ローラアシュレイ,6800,0,0,0,1,0,0
1289,2022-10-17 00:00:00,バナナリパブリック,6100,0,0,1,0,0,0
1288,2022-10-17 00:00:00,セリーヌ,34800,0,0,0,0,0,1
1287,2022-10-17 00:00:00,クードシャンス,10400,0,0,1,0,0,0
1286,2022-10-18 00:00:00,23区,9800,0,0,1,0,0,0
1285,2022-10-19 00:00:00,ローラアシュレイ,17000,0,0,0,1,0,0
1284,2022-10-19 00:00:00,マリココウガ,9730,0,1,0,0,0,0
1282,2022-10-20 00:00:00,クレージュ,13400,0,0,1,0,0,0
1281,2022-10-20 00:00:00,アンスペック,13400,0,0,1,0,0,0
1280,2022-10-20 00:00:00,ドゥクラッセ,6080,0,1,0,0,0,0
1283,2022-10-20 00:00:00,トクコプルミエヴォル,8400,0,0,1,0,0,0
1279,2022-10-21 00:00:00,ボディドレッシングデラックス,5799,0,0,1,0,0,0
1278,2022-10-21 00:00:00,ユキコハナイ,7400,0,0,1,0,0,0
1274,2022-10-22 00:00:00,ニナリッチ,35750,0,0,0,0,0,1
1277,2022-10-22 00:00:00,スマートピンク,10401,0,0,0,0,1,0
1276,2022-10-22 00:00:00,ランバン,33000,0,0,0,0,0,1
1275,2022-10-22 00:00:00,ジャンニロジュディチェ,6799,0,1,0,0,0,0
1272,2022-10-23 00:00:00,ノーブランド,3280,0,1,0,0,0,0
1273,2022-10-23 00:00:00,ファーバッグ,3280,1,0,0,0,0,0
1269,2022-10-24 00:00:00,ノーブランド,3280,0,1,0,0,0,0
1271,2022-10-24 00:00:00,マックスアズリア,17200,0,0,1,0,0,0
1270,2022-10-24 00:00:00,タルボット,12810,0,0,1,0,0,0
1268,2022-10-25 00:00:00,グリーンレーベルリラクシング,5799,0,1,0,0,0,0
1267,2022-10-25 00:00:00,スキャパ,7400,0,0,0,1,0,0
1266,2022-10-25 00:00:00,ファーバッグ,3280,1,0,0,0,0,0
1265,2022-10-25 00:00:00,ノーブランド,3280,0,1,0,0,0,0
1264,2022-10-25 00:00:00,伊太利屋,12800,0,0,0,1,0,0
1263,2022-10-26 00:00:00,ボッシュ,15799,0,0,1,0,0,0
1262,2022-10-26 00:00:00,レキップヨシエイナバ,6100,0,1,0,0,0,0
1261,2022-10-26 00:00:00,バーバリー,20020,0,0,0,0,0,1
1258,2022-10-28 00:00:00,コルディア,6100,0,1,0,0,0,0
1259,2022-10-28 00:00:00,ファーバッグ,3280,1,0,0,0,0,0
1260,2022-10-28 00:00:00,自由区,6080,0,0,1,0,0,0
1256,2022-10-30 00:00:00,ノーブランド,3280,0,1,0,0,0,0
1255,2022-10-30 00:00:00,アンタイトル,6800,0,0,1,0,0,0
1257,2022-10-30 00:00:00,ノーブランド,3280,0,1,0,0,0,0
1254,2022-10-31 00:00:00,クロードモンタナ,8399,0,1,0,0,0,0
1253,2022-10-31 00:00:00,クリッツィア,5590,0,0,0,1,0,0
1252,2022-10-31 00:00:00,ミラショーン,14300,0,0,1,0,0,0
1251,2022-11-01 00:00:00,スペッチオ,4340,0,0,1,0,0,0
1250,2022-11-01 00:00:00,グリーンレーベルリラクシング,11200,0,1,0,0,0,0
1249,2022-11-01 00:00:00,チュマンドール,10390,0,0,1,0,0,0
1248,2022-11-01 00:00:00,ノーブランド,17900,0,1,0,0,0,0
1247,2022-11-02 00:00:00,クードシャンス,20000,0,0,1,0,0,0
1245,2022-11-03 00:00:00,伊太利屋,10000,0,0,0,1,0,0
1246,2022-11-03 00:00:00,ミスパリス,12800,0,0,1,0,0,0
1244,2022-11-04 00:00:00,ロペ,12800,0,1,0,0,0,0
1242,2022-11-05 00:00:00,ヒロコビス,23800,0,0,1,0,0,0
1236,2022-11-05 00:00:00,ダーマコレクション,26200,0,0,1,0,0,0
1237,2022-11-05 00:00:00,ノーブランド,3280,0,1,0,0,0,0
1238,2022-11-05 00:00:00,ジュンコシマダ,26200,0,0,0,1,0,0
1243,2022-11-05 00:00:00,リリアンビューティ,5800,0,0,1,0,0,0
1240,2022-11-05 00:00:00,トランスワーク,7800,0,0,1,0,0,0
1241,2022-11-05 00:00:00,セオリー,5250,0,0,0,0,1,0
1239,2022-11-05 00:00:00,ビースリー,7700,0,1,0,0,0,0
1235,2022-11-06 00:00:00,ヨウジヤマモト,10401,0,0,1,0,0,0
1234,2022-11-07 00:00:00,ニューヨーカー,26100,0,0,1,0,0,0
1233,2022-11-07 00:00:00,レリアン,25080,0,0,0,0,0,1
1232,2022-11-07 00:00:00,23区,9290,0,0,1,0,0,0
1231,2022-11-07 00:00:00,23区,26100,0,0,1,0,0,0
1227,2022-11-08 00:00:00,ロイスクレヨン,17400,0,1,0,0,0,0
1228,2022-11-08 00:00:00,組曲,4700,0,0,1,0,0,0
1229,2022-11-08 00:00:00,Retined,4800,1,0,0,0,0,0
1230,2022-11-08 00:00:00,カルヴェン,10600,0,0,0,1,0,0
1226,2022-11-09 00:00:00,ノーブランド,3280,0,1,0,0,0,0
1225,2022-11-09 00:00:00,ファーバッグ,3280,1,0,0,0,0,0
1224,2022-11-09 00:00:00,コップコピーヌ,7390,0,1,0,0,0,0
1223,2022-11-09 00:00:00,詩仙堂,14520,0,0,0,1,0,0
1222,2022-11-09 00:00:00,モデックス,8899,0,1,0,0,0,0
1221,2022-11-10 00:00:00,チャコット,6100,0,0,1,0,0,0
1219,2022-11-11 00:00:00,ペリーエリス,9310,0,1,0,0,0,0
1220,2022-11-11 00:00:00,セオリー,12800,0,0,0,0,1,0
1217,2022-11-12 00:00:00,ノーブランド,3280,0,1,0,0,0,0
1218,2022-11-12 00:00:00,ノーブランド,3280,0,1,0,0,0,0
1216,2022-11-13 00:00:00,コムサデモード,5880,0,0,0,1,0,0
1215,2022-11-13 00:00:00,ジュンアシダ,15800,0,0,0,0,1,0
1214,2022-11-15 00:00:00,ユナイテッドカラーズオブベネトン,7600,0,1,0,0,0,0
1213,2022-11-16 00:00:00,プラステ,12900,0,0,1,0,0,0
1212,2022-11-17 00:00:00,J.プレス,7200,0,1,0,0,0,0
1211,2022-11-17 00:00:00,ダックス,15810,0,0,0,1,0,0
1210,2022-11-18 00:00:00,ノーブランド,3280,0,1,0,0,0,0
1209,2022-11-19 00:00:00,ノーブランド,7200,0,1,0,0,0,0
1208,2022-11-20 00:00:00,イヴサンローラン,34800,0,0,0,0,0,1
1207,2022-11-20 00:00:00,レリアン,12000,0,0,0,0,0,1
1206,2022-11-20 00:00:00,ノーブランド,3280,0,1,0,0,0,0
1203,2022-11-22 00:00:00,ファーバッグ,3280,1,0,0,0,0,0
1205,2022-11-22 00:00:00,リフレクト,5590,0,0,1,0,0,0
1204,2022-11-22 00:00:00,ダイアグラム,17080,0,0,0,1,0,0
1201,2022-11-23 00:00:00,クリスチャンディオール,23000,0,0,0,1,0,0
1200,2022-11-23 00:00:00,ギャラリービスコンティ,13900,0,1,0,0,0,0
1199,2022-11-23 00:00:00,コーザノストラ,11000,0,0,0,1,0,0
1198,2022-11-23 00:00:00,ポールスミス,13900,0,0,1,0,0,0
1202,2022-11-23 00:00:00,23区,18000,0,0,1,0,0,0
1197,2022-11-24 00:00:00,銀座マギー,6800,0,0,0,1,0,0
1196,2022-11-24 00:00:00,ジャンニロジュディチェ,12150,0,1,0,0,0,0
1195,2022-11-24 00:00:00,シビラ,4000,0,0,1,0,0,0
1194,2022-11-25 00:00:00,マークバイマークジェイコブス,6200,0,1,0,0,0,0
1193,2022-11-25 00:00:00,ノーブランド,3280,0,1,0,0,0,0
1192,2022-11-26 00:00:00,コムサデモード,5899,0,0,0,1,0,0
1190,2022-11-27 00:00:00,センソユニコ,9000,0,0,1,0,0,0
1191,2022-11-27 00:00:00,シャミー,11000,0,1,0,0,0,0
1186,2022-11-28 00:00:00,シャミーヴィ,16590,0,0,1,0,0,0
1187,2022-11-28 00:00:00,ラルフローレン,16590,0,0,1,0,0,0
1189,2022-11-28 00:00:00,ノーブランド,3280,0,1,0,0,0,0
1188,2022-11-28 00:00:00,シャミーヴィ,16590,0,0,1,0,0,0
1185,2022-11-30 00:00:00,オサムマエダ,15400,0,0,0,1,0,0
1184,2022-12-03 00:00:00,ピノーレ,15799,0,1,0,0,0,0
1183,2022-12-03 00:00:00,ヴォイスメール,8300,0,1,0,0,0,0
1182,2022-12-03 00:00:00,ノーブランド,3280,0,1,0,0,0,0
1163,2022-12-04 00:00:00,23区,5900,0,0,1,0,0,0
1162,2022-12-04 00:00:00,チェスティ,13000,0,0,1,0,0,0
1161,2022-12-04 00:00:00,23区,4550,0,0,1,0,0,0
1160,2022-12-04 00:00:00,エムズグレイシー,13400,0,0,0,0,1,0
1159,2022-12-04 00:00:00,HOUSE OF LOTUS,9000,0,1,0,0,0,0
1158,2022-12-04 00:00:00,ロイスクレヨン,5500,0,1,0,0,0,0
1153,2022-12-04 00:00:00,バーバリー,41750,0,0,0,0,0,1
1155,2022-12-04 00:00:00,レリアン,41750,0,0,0,0,0,1
1154,2022-12-04 00:00:00,レリアン,41750,0,0,0,0,0,1
1164,2022-12-04 00:00:00,バーバリー,10500,0,0,0,0,0,1
1152,2022-12-04 00:00:00,バーバリーゴルフ,34680,0,0,1,0,0,0
1151,2022-12-04 00:00:00,ソニアリキエル,6000,0,1,0,0,0,0
1150,2022-12-04 00:00:00,ちぐさボーベル,11000,0,0,0,0,1,0
1156,2022-12-04 00:00:00,フラボア,2650,1,0,0,0,0,0
1165,2022-12-04 00:00:00,エル,3350,0,1,0,0,0,0
1157,2022-12-04 00:00:00,レリアン,16250,0,0,0,0,0,1
1167,2022-12-04 00:00:00,オールドイングランド,34680,0,0,0,1,0,0
1166,2022-12-04 00:00:00,コムデギャルソン,16300,0,0,0,0,1,0
1180,2022-12-04 00:00:00,ラルフローレン,34680,0,0,1,0,0,0
1179,2022-12-04 00:00:00,ランバン,34680,0,0,0,0,0,1
1177,2022-12-04 00:00:00,ノーブランド,3280,0,1,0,0,0,0
1176,2022-12-04 00:00:00,ノコオーノ,2520,0,0,0,0,0,1
1175,2022-12-04 00:00:00,レリアン,9450,0,0,0,0,0,1
1174,2022-12-04 00:00:00,イヴサンローラン,16100,0,0,0,0,0,1
1178,2022-12-04 00:00:00,ノーブランド,3280,0,1,0,0,0,0
1173,2022-12-04 00:00:00,ラルフローレン,34680,0,0,1,0,0,0
1172,2022-12-04 00:00:00,ノーブランド,3280,0,1,0,0,0,0
1171,2022-12-04 00:00:00,レジアンス,15800,0,0,0,1,0,0
1170,2022-12-04 00:00:00,インディヴィ,8250,0,0,0,1,0,0
1169,2022-12-04 00:00:00,ザラ,8250,0,1,0,0,0,0
1181,2022-12-04 00:00:00,レリアン,7400,0,0,0,0,0,1
1168,2022-12-04 00:00:00,ダックス,6500,0,0,0,1,0,0
1136,2022-12-05 00:00:00,イヴサンローラン,21250,0,0,0,0,0,1
1135,2022-12-05 00:00:00,ローラアシュレイ,5400,0,0,0,1,0,0
1134,2022-12-05 00:00:00,ファーバッグ,3280,1,0,0,0,0,0
1133,2022-12-05 00:00:00,マックスマーラ,8350,0,0,0,1,0,0
1131,2022-12-05 00:00:00,ユーバイウンガロ,16610,0,0,0,1,0,0
1130,2022-12-05 00:00:00,ローラアシュレイ,6199,0,0,0,1,0,0
1129,2022-12-05 00:00:00,イヴサンローラン,20150,0,0,0,0,0,1
1137,2022-12-05 00:00:00,ソニアリキエル,21250,0,1,0,0,0,0
1132,2022-12-05 00:00:00,レオナール,30000,0,0,0,0,0,1
1138,2022-12-05 00:00:00,Leur Maniere,5000,1,0,0,0,0,0
1145,2022-12-05 00:00:00,シップス,7900,0,1,0,0,0,0
1140,2022-12-05 00:00:00,アイグナー,14000,0,0,0,1,0,0
1141,2022-12-05 00:00:00,タケオニシダ,17490,0,0,0,0,0,1
1142,2022-12-05 00:00:00,伊太利屋,8000,0,0,0,1,0,0
1143,2022-12-05 00:00:00,スキャパ,11000,0,0,0,1,0,0
1144,2022-12-05 00:00:00,スキャパ,9100,0,0,0,1,0,0
1146,2022-12-05 00:00:00,ノーブランド,3280,0,1,0,0,0,0
1147,2022-12-05 00:00:00,アナイ,2870,0,0,0,0,1,0
1148,2022-12-05 00:00:00,ボールジー,12350,0,0,0,1,0,0
1149,2022-12-05 00:00:00,マイケルコース,9450,0,0,0,1,0,0
1139,2022-12-05 00:00:00,スペッチオ,20150,0,0,1,0,0,0
1124,2022-12-06 00:00:00,ダーマコレクション,3350,0,0,1,0,0,0
1125,2022-12-06 00:00:00,詩仙堂,22500,0,0,0,1,0,0
1127,2022-12-06 00:00:00,スコッチハウス,6080,0,1,0,0,0,0
1128,2022-12-06 00:00:00,アミアンハウス,9500,0,1,0,0,0,0
1126,2022-12-06 00:00:00,ファーバッグ,3280,1,0,0,0,0,0
1123,2022-12-07 00:00:00,レリアン,10500,0,0,0,0,0,1
1122,2022-12-07 00:00:00,東京ソワール,10045,0,0,0,0,1,0
1121,2022-12-07 00:00:00,ガイガー,12900,0,0,1,0,0,0
1120,2022-12-07 00:00:00,モンデルベ,28900,0,0,0,0,0,1
1119,2022-12-08 00:00:00,ディア,13400,0,0,1,0,0,0
1118,2022-12-08 00:00:00,CRESENDO,20500,0,0,0,0,1,0
1117,2022-12-08 00:00:00,ソワールベニール,8900,0,1,0,0,0,0
1116,2022-12-08 00:00:00,カーラ,49000,0,0,0,0,0,1
1115,2022-12-08 00:00:00,ランセル,12900,0,0,1,0,0,0
1114,2022-12-08 00:00:00,ボディドレッシングデラックス,17600,0,0,1,0,0,0
1111,2022-12-09 00:00:00,プラステ,10500,0,0,1,0,0,0
1113,2022-12-09 00:00:00,ファーバッグ,3280,1,0,0,0,0,0
1112,2022-12-09 00:00:00,ファーバッグ,3280,1,0,0,0,0,0
1090,2022-12-10 00:00:00,インディヴィ,6100,0,0,0,1,0,0
1091,2022-12-10 00:00:00,ノーブランド,3280,0,1,0,0,0,0
1092,2022-12-10 00:00:00,レリアン,11250,0,0,0,0,0,1
1093,2022-12-10 00:00:00,ファーバッグ,6560,1,0,0,0,0,0
1094,2022-12-10 00:00:00,ノーブランド,3280,0,1,0,0,0,0
1099,2022-12-10 00:00:00,サルヴァトーレフェラガモ,36600,0,0,0,0,0,1
1096,2022-12-10 00:00:00,バーバリー,19150,0,0,0,0,0,1
1098,2022-12-10 00:00:00,ラルフローレン,8000,0,0,1,0,0,0
1100,2022-12-10 00:00:00,エンポリオアルマーニ,36600,0,0,0,0,0,1
1095,2022-12-10 00:00:00,ヨシエイナバ,19150,0,0,1,0,0,0
1102,2022-12-10 00:00:00,ノーブランド,3280,0,1,0,0,0,0
1101,2022-12-10 00:00:00,東京ソワール,36600,0,0,0,0,1,0
1110,2022-12-10 00:00:00,アンタイトル,7390,0,0,1,0,0,0
1109,2022-12-10 00:00:00,ピエールカルダン,10000,0,0,0,1,0,0
1108,2022-12-10 00:00:00,ファーバッグ,3280,1,0,0,0,0,0
1107,2022-12-10 00:00:00,ノーブランド,3280,0,1,0,0,0,0
1097,2022-12-10 00:00:00,レリアン,19150,0,0,0,0,0,1
1105,2022-12-10 00:00:00,ユナイテッドアローズ,3925,0,0,1,0,0,0
1104,2022-12-10 00:00:00,ファーバッグ,3280,1,0,0,0,0,0
1106,2022-12-10 00:00:00,銀座マギー,6750,0,0,0,1,0,0
1103,2022-12-10 00:00:00,トクコプルミエヴォル,12400,0,0,1,0,0,0
1089,2022-12-11 00:00:00,ランバン,12880,0,0,0,0,0,1
1088,2022-12-12 00:00:00,リフレクト,6551,0,0,1,0,0,0
1087,2022-12-12 00:00:00,銀座和光,12800,0,0,0,0,0,1
1086,2022-12-13 00:00:00,エル・ジュネ,6810,0,1,0,0,0,0
1084,2022-12-14 00:00:00,プリングル1815,20500,0,0,0,0,1,0
1085,2022-12-14 00:00:00,パリエンヌ,8540,0,0,1,0,0,0
1083,2022-12-15 00:00:00,マックスマーラ,24800,0,0,0,1,0,0
1082,2022-12-15 00:00:00,イネド,11800,0,0,1,0,0,0
1081,2022-12-15 00:00:00,セオリー,8300,0,0,0,0,1,0
1080,2022-12-17 00:00:00,カルバンクライン,10800,0,0,0,1,0,0
1079,2022-12-18 00:00:00,パリエンヌ,11550,0,0,1,0,0,0
1078,2022-12-18 00:00:00,ナチュラルビューティー,18800,0,0,0,1,0,0
1077,2022-12-19 00:00:00,ブルーレーベルクレストブリッジ,12900,0,0,1,0,0,0
1076,2022-12-20 00:00:00,ノーブランド,3980,0,1,0,0,0,0
1075,2022-12-22 00:00:00,トランスワーク,10310,0,0,1,0,0,0
1074,2022-12-22 00:00:00,ザラ,10310,0,1,0,0,0,0
1073,2022-12-22 00:00:00,アイシービー,8400,0,0,0,0,1,0
1072,2022-12-22 00:00:00,スキャパ,15899,0,0,0,1,0,0
1071,2022-12-22 00:00:00,アーバンリサーチ,20020,0,0,0,0,1,0
1070,2022-12-23 00:00:00,ダーマコレクション,15180,0,0,1,0,0,0
1063,2022-12-24 00:00:00,シリリュス,38500,0,0,0,0,0,1
1062,2022-12-24 00:00:00,フレイアイディー,38500,0,0,0,0,0,1
1064,2022-12-24 00:00:00,ピエールカルダン,7399,0,0,0,1,0,0
1069,2022-12-24 00:00:00,オネイロス,38500,0,0,0,0,0,1
1066,2022-12-24 00:00:00,スペッチオ,38500,0,0,1,0,0,0
1068,2022-12-24 00:00:00,スマートピンク,38500,0,0,0,0,1,0
1065,2022-12-24 00:00:00,ユニクロ,8200,0,1,0,0,0,0
1067,2022-12-24 00:00:00,イエナスローブ,38500,0,0,0,0,0,1
1061,2022-12-25 00:00:00,ビースリー,5500,0,1,0,0,0,0
1060,2022-12-26 00:00:00,オフオン,4700,1,0,0,0,0,0
1059,2022-12-26 00:00:00,バーバリー,11286,0,0,0,0,0,1
1058,2022-12-27 00:00:00,ドゥクラッセ,11000,0,1,0,0,0,0
1046,2022-12-28 00:00:00,マドモアゼルノンノン,6125,0,1,0,0,0,0
1047,2022-12-28 00:00:00,オンワード,7450,0,1,0,0,0,0
1048,2022-12-28 00:00:00,東京ソワール,15000,0,0,0,0,1,0
1049,2022-12-28 00:00:00,ウェークエンド,9000,0,1,0,0,0,0
1051,2022-12-28 00:00:00,Il Suffit,11000,0,0,1,0,0,0
1050,2022-12-28 00:00:00,Il Suffit,11000,0,0,1,0,0,0
1053,2022-12-28 00:00:00,タケオニシダ,11900,0,0,0,0,0,1
1054,2022-12-28 00:00:00,スペッチオ,5500,0,0,1,0,0,0
1055,2022-12-28 00:00:00,オットー,7000,0,0,1,0,0,0
1056,2022-12-28 00:00:00,プライオリティー,3750,1,0,0,0,0,0
1057,2022-12-28 00:00:00,アクアスキュータム,3650,0,0,0,0,1,0
1052,2022-12-28 00:00:00,ヒロコビス,5900,0,0,1,0,0,0
1045,2022-12-29 00:00:00,クードシャンス,8000,0,0,1,0,0,0
1044,2022-12-29 00:00:00,ピッコーネ,6200,0,1,0,0,0,0
1043,2022-12-30 00:00:00,スペッチオ,9600,0,0,1,0,0,0
1042,2022-12-30 00:00:00,イッセイミヤケ,8850,0,0,0,0,1,0
1041,2022-12-30 00:00:00,レリアン,18700,0,0,0,0,0,1
1040,2022-12-30 00:00:00,レリアン,8600,0,0,0,0,0,1
1037,2022-12-31 00:00:00,アンタイトル,7390,0,0,1,0,0,0
1036,2022-12-31 00:00:00,ダーマコレクション,15800,0,0,1,0,0,0
1039,2022-12-31 00:00:00,ミスクロエ,10100,0,0,1,0,0,0
1038,2022-12-31 00:00:00,レコパン,10100,0,0,1,0,0,0
1035,2023-01-01 00:00:00,ラピーヌルージュ,27750,0,0,0,0,0,1
1034,2023-01-01 00:00:00,伊太利屋,27750,0,0,0,1,0,0
1033,2023-01-01 00:00:00,ちぐさボーベル,27750,0,0,0,0,1,0
1032,2023-01-02 00:00:00,ザジャンプ,15000,0,0,1,0,0,0
1031,2023-01-02 00:00:00,Nora Grandi,14400,0,0,1,0,0,0
1030,2023-01-02 00:00:00,バルマン,15000,0,0,1,0,0,0
1025,2023-01-03 00:00:00,三喜商事,8170,0,1,0,0,0,0
1026,2023-01-03 00:00:00,レリアン,8170,0,0,0,0,0,1
1028,2023-01-03 00:00:00,ブルーベル,7400,0,1,0,0,0,0
1029,2023-01-03 00:00:00,ジュンアシダ,6650,0,0,0,0,1,0
1027,2023-01-03 00:00:00,レリアン,9500,0,0,0,0,0,1
1024,2023-01-04 00:00:00,23区,11000,0,0,1,0,0,0
1018,2023-01-05 00:00:00,グレースコンチネンタル,5500,0,1,0,0,0,0
1017,2023-01-05 00:00:00,23区,16720,0,0,1,0,0,0
1019,2023-01-05 00:00:00,レジャンス,34100,0,0,0,0,1,0
1022,2023-01-05 00:00:00,ヴィヴィアンタム,8500,0,0,1,0,0,0
1021,2023-01-05 00:00:00,ミューベル,9000,0,1,0,0,0,0
1023,2023-01-05 00:00:00,ソニアリキエル,6500,0,1,0,0,0,0
1020,2023-01-05 00:00:00,伊太利屋,2240,0,0,0,1,0,0
1016,2023-01-06 00:00:00,東京ソワール,6100,0,0,0,0,1,0
1015,2023-01-06 00:00:00,ユキトリイ,38950,0,0,0,0,1,0
1014,2023-01-06 00:00:00,リフレクト,6080,0,0,1,0,0,0
1013,2023-01-06 00:00:00,東京イギン,15000,0,0,0,0,0,1
1012,2023-01-06 00:00:00,自由区,4750,0,0,1,0,0,0
1011,2023-01-06 00:00:00,ノーブランド,3980,0,1,0,0,0,0
1010,2023-01-06 00:00:00,クロエ,38950,0,0,0,0,1,0
1006,2023-01-07 00:00:00,コムサイズム,8950,0,1,0,0,0,0
1007,2023-01-07 00:00:00,フィットミーモア,22990,0,0,0,0,1,0
1009,2023-01-07 00:00:00,伊太利屋,22990,0,0,0,1,0,0
1008,2023-01-07 00:00:00,伊太利屋,22990,0,0,0,1,0,0
1005,2023-01-08 00:00:00,レリアン,16250,0,0,0,0,0,1
1004,2023-01-09 00:00:00,ベラドンナ,24800,0,0,0,0,1,0
1003,2023-01-09 00:00:00,マックスマーラ,16900,0,0,0,1,0,0
1002,2023-01-09 00:00:00,アトリエ雅,4400,1,0,0,0,0,0
1001,2023-01-09 00:00:00,22オクトーブル,11815,0,1,0,0,0,0
1000,2023-01-09 00:00:00,コージワタナベ,11815,0,0,1,0,0,0
988,2023-01-10 00:00:00,ビースリー,5200,0,1,0,0,0,0
989,2023-01-10 00:00:00,マックスマーラ,21100,0,0,0,1,0,0
990,2023-01-10 00:00:00,エストネーション,10000,0,1,0,0,0,0
991,2023-01-10 00:00:00,DERRI,33200,0,0,0,0,0,1
992,2023-01-10 00:00:00,ロシャス,33200,0,0,0,0,1,0
995,2023-01-10 00:00:00,アリスバーリー,8600,0,0,0,1,0,0
996,2023-01-10 00:00:00,ハーモニカ,7250,0,0,1,0,0,0
997,2023-01-10 00:00:00,ロペ,22600,0,1,0,0,0,0
998,2023-01-10 00:00:00,ホワイトジョーラ,22600,0,0,0,0,1,0
999,2023-01-10 00:00:00,慈雨,8900,0,0,1,0,0,0
994,2023-01-10 00:00:00,ブルーベル,8600,0,1,0,0,0,0
993,2023-01-10 00:00:00,ナチュラルビューティー,22600,0,0,0,1,0,0
987,2023-01-11 00:00:00,アイシービー,47950,0,0,0,0,1,0
986,2023-01-11 00:00:00,ちぐさボーベル,23000,0,0,0,0,1,0
985,2023-01-11 00:00:00,SERAFINO,47950,0,0,0,0,0,1
984,2023-01-11 00:00:00,アリスバーリー,47950,0,0,0,1,0,0
983,2023-01-11 00:00:00,タケオニシダ,47950,0,0,0,0,0,1
982,2023-01-12 00:00:00,リファンネ,26800,0,0,0,0,0,1
981,2023-01-13 00:00:00,23区,7500,0,0,1,0,0,0
978,2023-01-14 00:00:00,レキップ,6900,0,1,0,0,0,0
980,2023-01-14 00:00:00,タバサ,7400,0,1,0,0,0,0
979,2023-01-14 00:00:00,エヴェックスバイクリツィア,12500,0,0,0,1,0,0
977,2023-01-15 00:00:00,ユマコシノ,38400,0,0,0,0,0,1
976,2023-01-15 00:00:00,アニエスベー,38400,0,0,1,0,0,0
975,2023-01-16 00:00:00,トランテアン,5900,0,1,0,0,0,0
974,2023-01-16 00:00:00,バナナリパプリック,6100,0,1,0,0,0,0
973,2023-01-18 00:00:00,バーバリー,16800,0,0,0,0,0,1
970,2023-01-19 00:00:00,セオリー,8300,0,0,0,0,1,0
972,2023-01-19 00:00:00,ファーバッグ,3980,1,0,0,0,0,0
971,2023-01-19 00:00:00,ダックス,10990,0,0,0,1,0,0
969,2023-01-20 00:00:00,レリアン,38500,0,0,0,0,0,1
968,2023-01-20 00:00:00,ノーブランド,3980,0,1,0,0,0,0
967,2023-01-21 00:00:00,レリアン,58500,0,0,0,0,0,1
966,2023-01-21 00:00:00,レリアン,58500,0,0,0,0,0,1
965,2023-01-21 00:00:00,レリアン,58500,0,0,0,0,0,1
959,2023-01-22 00:00:00,ちぐさボーベル,44000,0,0,0,0,1,0
960,2023-01-22 00:00:00,ビスケー,44000,0,0,0,0,1,0
964,2023-01-22 00:00:00,エジェリ,8300,0,1,0,0,0,0
962,2023-01-22 00:00:00,伊太利屋,10401,0,0,0,1,0,0
963,2023-01-22 00:00:00,スコッチハウス,8300,0,1,0,0,0,0
961,2023-01-22 00:00:00,ラルフローレン,6100,0,0,1,0,0,0
958,2023-01-23 00:00:00,バーバリー,65010,0,0,0,0,0,1
957,2023-01-23 00:00:00,レリアン,86110,0,0,0,0,0,1
956,2023-01-23 00:00:00,レリアン,86110,0,0,0,0,0,1
955,2023-01-23 00:00:00,レリアン,86110,0,0,0,0,0,1
954,2023-01-23 00:00:00,伊太利屋,7200,0,0,0,1,0,0
953,2023-01-24 00:00:00,バーバリー,68300,0,0,0,0,0,1
952,2023-01-24 00:00:00,銀座マギー,24000,0,0,0,1,0,0
951,2023-01-24 00:00:00,イッセイミヤケ,68300,0,0,0,0,1,0
950,2023-01-25 00:00:00,レリアン,60000,0,0,0,0,0,1
948,2023-01-25 00:00:00,ピエールカルダン,42300,0,0,0,1,0,0
949,2023-01-25 00:00:00,ナチュラルビューティーベーシック,42300,0,0,0,0,0,1
946,2023-01-26 00:00:00,エムズグレイシー,43000,0,0,0,0,1,0
947,2023-01-26 00:00:00,スペッチオ,10800,0,0,1,0,0,0
945,2023-01-26 00:00:00,レリアン,43000,0,0,0,0,0,1
939,2023-01-27 00:00:00,アナイ,10700,0,0,0,0,1,0
940,2023-01-27 00:00:00,レリアン,60800,0,0,0,0,0,1
944,2023-01-27 00:00:00,クードシャンス,6080,0,0,1,0,0,0
942,2023-01-27 00:00:00,レリアン,60800,0,0,0,0,0,1
943,2023-01-27 00:00:00,エル,12800,0,1,0,0,0,0
941,2023-01-27 00:00:00,トゥービーシック,60800,0,0,0,0,1,0
938,2023-01-28 00:00:00,コントワーデコトニエ,19800,0,0,1,0,0,0
937,2023-01-28 00:00:00,ドゥクラッセ,8500,0,1,0,0,0,0
936,2023-01-28 00:00:00,イオコムイオ,32080,0,0,0,0,0,1
935,2023-01-28 00:00:00,ケイコキシ,32080,0,0,0,0,0,1
934,2023-01-29 00:00:00,トゥーシー,6800,0,1,0,0,0,0
933,2023-01-30 00:00:00,辻ヶ花,29480,0,0,0,0,0,1
932,2023-01-30 00:00:00,フランコフェラーロ,5740,0,1,0,0,0,0
929,2023-02-01 00:00:00,バーバリー,12000,0,0,0,0,0,1
931,2023-02-01 00:00:00,ハナエモリ,28800,0,0,1,0,0,0
930,2023-02-01 00:00:00,スペッチオ,19000,0,0,1,0,0,0
928,2023-02-02 00:00:00,トランク,23500,0,0,1,0,0,0
927,2023-02-02 00:00:00,トクコプルミエヴォル,14700,0,0,1,0,0,0
926,2023-02-02 00:00:00,バーバリー,15800,0,0,0,0,0,1
925,2023-02-05 00:00:00,トランク,6000,0,0,1,0,0,0
924,2023-02-05 00:00:00,アツロウタヤマ,22000,0,0,1,0,0,0
923,2023-02-05 00:00:00,レキップ,10401,0,1,0,0,0,0
922,2023-02-08 00:00:00,シビラ,8080,0,0,1,0,0,0
921,2023-02-10 00:00:00,東京スタイル,30000,0,0,0,1,0,0
920,2023-02-10 00:00:00,フォンテーヌクラブ,8800,0,1,0,0,0,0
915,2023-02-12 00:00:00,23区,10399,0,0,1,0,0,0
916,2023-02-12 00:00:00,マーティンキッドマン,12870,0,0,1,0,0,0
917,2023-02-12 00:00:00,ダーマコレクション,16050,0,0,1,0,0,0
918,2023-02-12 00:00:00,プロポーションボディドレッシング,16050,0,0,0,0,0,1
919,2023-02-12 00:00:00,デブレ,16050,0,0,0,1,0,0
914,2023-02-13 00:00:00,リヴォレ,3581,1,0,0,0,0,0
913,2023-02-13 00:00:00,ジュンアシダ,17500,0,0,0,0,1,0
912,2023-02-13 00:00:00,コムデギャルソン,23000,0,0,0,0,1,0
911,2023-02-14 00:00:00,ココラッシー,21200,0,0,0,0,1,0
910,2023-02-14 00:00:00,三年坂,16200,0,0,0,1,0,0
909,2023-02-15 00:00:00,アナトリエ,12000,0,0,1,0,0,0
908,2023-02-16 00:00:00,ナラカミーチェ,17900,0,1,0,0,0,0
907,2023-02-17 00:00:00,マックスマーラ,9400,0,0,0,1,0,0
902,2023-02-18 00:00:00,リリーバーン,22800,0,0,0,0,1,0
903,2023-02-18 00:00:00,エムズグレイシー,35300,0,0,0,0,1,0
904,2023-02-18 00:00:00,エムズグレイシー,35300,0,0,0,0,1,0
905,2023-02-18 00:00:00,シズカコムロ,24700,0,0,0,1,0,0
906,2023-02-18 00:00:00,セオリーリュクス,9800,0,0,1,0,0,0
901,2023-02-19 00:00:00,リフレクト,18700,0,0,1,0,0,0
900,2023-02-19 00:00:00,クードシャンス,12800,0,0,1,0,0,0
899,2023-02-19 00:00:00,スペッチオ,5600,0,0,1,0,0,0
898,2023-02-19 00:00:00,モガ,10580,0,1,0,0,0,0
889,2023-02-20 00:00:00,ラブリークイーン,24000,0,0,0,0,0,1
890,2023-02-20 00:00:00,マックスマーラ,20000,0,0,0,1,0,0
891,2023-02-20 00:00:00,シャミー,5500,0,1,0,0,0,0
892,2023-02-20 00:00:00,ブリアージュ,6100,0,1,0,0,0,0
888,2023-02-20 00:00:00,チヴィディーニ,10399,0,0,1,0,0,0
894,2023-02-20 00:00:00,斉藤都世子,27000,0,0,0,0,0,1
895,2023-02-20 00:00:00,レリアン,14300,0,0,0,0,0,1
896,2023-02-20 00:00:00,ユキトリイ,31900,0,0,0,0,1,0
893,2023-02-20 00:00:00,ソニアリキエル,3900,0,1,0,0,0,0
897,2023-02-20 00:00:00,ユキトリイ,31900,0,0,0,0,1,0
886,2023-02-21 00:00:00,ルイフェロー,22000,0,0,0,0,0,1
887,2023-02-21 00:00:00,イギン,18700,0,0,0,0,0,1
885,2023-02-23 00:00:00,アンタイトル,12600,0,0,1,0,0,0
884,2023-02-25 00:00:00,ハナエモリ,9400,0,0,1,0,0,0
883,2023-02-26 00:00:00,伊太利屋,15000,0,0,0,1,0,0
882,2023-02-27 00:00:00,ビースリー,5700,0,1,0,0,0,0
881,2023-02-28 00:00:00,LAILA,13800,0,0,1,0,0,0
880,2023-03-01 00:00:00,ミゼール,14600,0,0,0,1,0,0
879,2023-03-03 00:00:00,セブンティ,10280,0,0,1,0,0,0
878,2023-03-03 00:00:00,バーバリー,12800,0,0,0,0,0,1
859,2023-03-04 00:00:00,Mystrada,5500,0,1,0,0,0,0
857,2023-03-04 00:00:00,23区,3850,0,0,1,0,0,0
856,2023-03-04 00:00:00,レリアン,7700,0,0,0,0,0,1
855,2023-03-04 00:00:00,プラステ,10250,0,0,1,0,0,0
854,2023-03-04 00:00:00,イッセイミヤケ,8850,0,0,0,0,1,0
850,2023-03-04 00:00:00,ダナキャラン,6500,0,1,0,0,0,0
852,2023-03-04 00:00:00,東京ソワール,9100,0,0,0,0,1,0
851,2023-03-04 00:00:00,ノーブランド,4400,0,1,0,0,0,0
860,2023-03-04 00:00:00,ロペ,4400,0,1,0,0,0,0
849,2023-03-04 00:00:00,ユキコハナイ,7750,0,0,1,0,0,0
848,2023-03-04 00:00:00,ドゥクラッセ,2900,0,1,0,0,0,0
847,2023-03-04 00:00:00,ハーモニカ,7500,0,0,1,0,0,0
853,2023-03-04 00:00:00,カルヴェン,13500,0,0,0,1,0,0
862,2023-03-04 00:00:00,パドカレ,10750,0,0,1,0,0,0
858,2023-03-04 00:00:00,ユキトリイ,6900,0,0,0,0,1,0
861,2023-03-04 00:00:00,バルマン,10430,0,0,1,0,0,0
863,2023-03-04 00:00:00,マックスマーラ,10750,0,0,0,1,0,0
877,2023-03-04 00:00:00,バーバリー,19600,0,0,0,0,0,1
876,2023-03-04 00:00:00,ユキトリイ,21350,0,0,0,0,1,0
875,2023-03-04 00:00:00,プリーツプリーズ,12400,0,0,0,0,0,1
874,2023-03-04 00:00:00,クロエ,15900,0,0,0,0,1,0
872,2023-03-04 00:00:00,カルバンクライン,11350,0,0,0,1,0,0
871,2023-03-04 00:00:00,レリアン,21350,0,0,0,0,0,1
873,2023-03-04 00:00:00,イッセイミヤケ,12000,0,0,0,0,1,0
869,2023-03-04 00:00:00,カレンミレン,13200,0,0,1,0,0,0
868,2023-03-04 00:00:00,ローラアシュレイ,13200,0,0,0,1,0,0
867,2023-03-04 00:00:00,ブレッケンリッジ,3500,0,1,0,0,0,0
866,2023-03-04 00:00:00,ポールスチュアート,11700,0,0,0,1,0,0
865,2023-03-04 00:00:00,レリアン,18000,0,0,0,0,0,1
864,2023-03-04 00:00:00,斉藤都世子,16000,0,0,0,0,0,1
870,2023-03-04 00:00:00,バーバリー,19500,0,0,0,0,0,1
838,2023-03-05 00:00:00,十仁プラザ,25400,0,0,0,1,0,0
835,2023-03-05 00:00:00,東京ソワール,19100,0,0,0,0,1,0
836,2023-03-05 00:00:00,ヒトシタムラ,11000,0,0,0,0,1,0
837,2023-03-05 00:00:00,ジュンコシマダ,25400,0,0,0,1,0,0
839,2023-03-05 00:00:00,イギン,9300,0,0,0,0,0,1
846,2023-03-05 00:00:00,フォクシー,34000,0,0,0,0,0,1
841,2023-03-05 00:00:00,DIAS,2380,1,0,0,0,0,0
842,2023-03-05 00:00:00,クイーンズコート,5500,0,1,0,0,0,0
843,2023-03-05 00:00:00,東京ソワール,15600,0,0,0,0,1,0
844,2023-03-05 00:00:00,Jean Dore Palais,20700,0,0,0,0,1,0
845,2023-03-05 00:00:00,ポールカ,11000,0,0,1,0,0,0
840,2023-03-05 00:00:00,クリスチャンディオール,15900,0,0,0,1,0,0
825,2023-03-06 00:00:00,マックスマーラ,16150,0,0,0,1,0,0
826,2023-03-06 00:00:00,ニューヨーカー,7000,0,0,1,0,0,0
827,2023-03-06 00:00:00,ボッテガヴェネタ,35000,0,0,0,0,0,1
828,2023-03-06 00:00:00,レリアン,20000,0,0,0,0,0,1
829,2023-03-06 00:00:00,ユキトリイ,6500,0,0,0,0,1,0
834,2023-03-06 00:00:00,バレンザ,10401,0,0,0,1,0,0
833,2023-03-06 00:00:00,イッセイミヤケ,71500,0,0,0,0,1,0
830,2023-03-06 00:00:00,ニューヨーカー,2250,0,0,1,0,0,0
831,2023-03-06 00:00:00,ソワールペルル,11250,0,0,1,0,0,0
832,2023-03-06 00:00:00,ナチュラルビューティー,4700,0,0,0,1,0,0
824,2023-03-07 00:00:00,ヒロコビス,14000,0,0,1,0,0,0
823,2023-03-07 00:00:00,J.プレス,5950,0,1,0,0,0,0
822,2023-03-07 00:00:00,エニシス,11115,0,0,1,0,0,0
821,2023-03-07 00:00:00,ロペ,4000,0,1,0,0,0,0
820,2023-03-07 00:00:00,ピエールカルダン,3925,0,0,0,1,0,0
819,2023-03-07 00:00:00,組曲,11115,0,0,1,0,0,0
818,2023-03-07 00:00:00,ドゥクラッセ,11115,0,1,0,0,0,0
817,2023-03-07 00:00:00,レリアン,8350,0,0,0,0,0,1
807,2023-03-08 00:00:00,詩仙堂,17750,0,0,0,1,0,0
808,2023-03-08 00:00:00,詩仙堂,17750,0,0,0,1,0,0
809,2023-03-08 00:00:00,レリアン,8500,0,0,0,0,0,1
810,2023-03-08 00:00:00,レリアン,16150,0,0,0,0,0,1
814,2023-03-08 00:00:00,マリナルナルディ,4300,1,0,0,0,0,0
812,2023-03-08 00:00:00,ダーマコレクション,12800,0,0,1,0,0,0
813,2023-03-08 00:00:00,東京ソワール,19800,0,0,0,0,1,0
815,2023-03-08 00:00:00,バーバリー,25350,0,0,0,0,0,1
816,2023-03-08 00:00:00,クリッツィア,25350,0,0,0,1,0,0
811,2023-03-08 00:00:00,クリッツィアポイ,6000,0,1,0,0,0,0
797,2023-03-09 00:00:00,ドゥクラッセ,2900,0,1,0,0,0,0
798,2023-03-09 00:00:00,ジバンシイ,15500,0,0,0,1,0,0
800,2023-03-09 00:00:00,ギャバジンK.T,3150,0,0,1,0,0,0
799,2023-03-09 00:00:00,クロエ,9750,0,0,0,0,1,0
801,2023-03-09 00:00:00,ハロッズ,24200,0,0,0,0,0,1
803,2023-03-09 00:00:00,バレンザ,16450,0,0,0,1,0,0
804,2023-03-09 00:00:00,ピノーレ,7800,0,1,0,0,0,0
805,2023-03-09 00:00:00,ブルックスブラザーズ,7800,0,0,0,1,0,0
806,2023-03-09 00:00:00,アニエスベー,5600,0,0,1,0,0,0
802,2023-03-09 00:00:00,plaTinum ROUGE,16450,0,0,0,1,0,0
786,2023-03-10 00:00:00,ジュビアン,5775,0,1,0,0,0,0
788,2023-03-10 00:00:00,クリッツィア,18480,0,0,0,1,0,0
789,2023-03-10 00:00:00,東京ソワール,17100,0,0,0,0,1,0
790,2023-03-10 00:00:00,ビースリー,11500,0,1,0,0,0,0
787,2023-03-10 00:00:00,アンテイラー,12320,0,0,1,0,0,0
792,2023-03-10 00:00:00,伊太利屋,12125,0,0,0,1,0,0
793,2023-03-10 00:00:00,トゥービーシック,12125,0,0,0,0,1,0
794,2023-03-10 00:00:00,ギャラリービスコンティ,2600,0,1,0,0,0,0
795,2023-03-10 00:00:00,ビーシービージーマックスアズリア,7245,0,0,0,0,1,0
796,2023-03-10 00:00:00,ラルフローレン,8400,0,0,1,0,0,0
791,2023-03-10 00:00:00,東京ソワール,22200,0,0,0,0,1,0
785,2023-03-11 00:00:00,アポロベリー,17820,0,0,0,0,1,0
784,2023-03-12 00:00:00,ヒロコビス,8520,0,0,1,0,0,0
783,2023-03-12 00:00:00,レキップ,5595,0,1,0,0,0,0
780,2023-03-14 00:00:00,ローラアシュレイ,5580,0,0,0,1,0,0
781,2023-03-14 00:00:00,パウエルホロン,17900,0,0,0,1,0,0
782,2023-03-14 00:00:00,スコッチハウス,8300,0,1,0,0,0,0
779,2023-03-15 00:00:00,サンク,17800,0,0,0,1,0,0
778,2023-03-15 00:00:00,ラーム,12800,0,0,1,0,0,0
777,2023-03-16 00:00:00,ノーブランド,19690,0,1,0,0,0,0
776,2023-03-16 00:00:00,花柄ワンピース,19690,0,0,0,1,0,0
775,2023-03-17 00:00:00,銀座マギー,9400,0,0,0,1,0,0
774,2023-03-17 00:00:00,トランスワーク,12900,0,0,1,0,0,0
773,2023-03-17 00:00:00,オットー,15000,0,0,1,0,0,0
770,2023-03-18 00:00:00,セシオセラ,9800,0,1,0,0,0,0
772,2023-03-18 00:00:00,ヒロコビス,15620,0,0,1,0,0,0
771,2023-03-18 00:00:00,アウアウバイジュンコシマダ,16800,0,0,1,0,0,0
769,2023-03-19 00:00:00,ザラ,6799,0,1,0,0,0,0
768,2023-03-20 00:00:00,ミー,50700,0,0,0,0,0,1
767,2023-03-20 00:00:00,ピエールカルダン,50700,0,0,0,1,0,0
766,2023-03-20 00:00:00,レオナール,18500,0,0,0,0,0,1
765,2023-03-20 00:00:00,ビースリー,6500,0,1,0,0,0,0
764,2023-03-20 00:00:00,レリアン,50700,0,0,0,0,0,1
763,2023-03-20 00:00:00,リスペック,6100,0,1,0,0,0,0
762,2023-03-20 00:00:00,ヒロコビス,3810,0,0,1,0,0,0
761,2023-03-20 00:00:00,ビースリー,6100,0,1,0,0,0,0
760,2023-03-21 00:00:00,ファーバッグ,3980,1,0,0,0,0,0
759,2023-03-21 00:00:00,エムプルミエ,12100,0,0,1,0,0,0
756,2023-03-22 00:00:00,エフデ,21049,0,0,0,0,0,1
758,2023-03-22 00:00:00,ドゥクラッセ,12760,0,1,0,0,0,0
757,2023-03-22 00:00:00,ドゥクラッセ,7750,0,1,0,0,0,0
754,2023-03-23 00:00:00,インディヴィ,8300,0,0,0,1,0,0
753,2023-03-23 00:00:00,バンベール,12900,0,1,0,0,0,0
755,2023-03-23 00:00:00,高級オーダー品,12900,0,0,1,0,0,0
752,2023-03-24 00:00:00,ちぐさボーベル,20000,0,0,0,0,1,0
751,2023-03-24 00:00:00,キヨコタカセ,7860,0,0,1,0,0,0
750,2023-03-25 00:00:00,レリアン,32000,0,0,0,0,0,1
749,2023-03-25 00:00:00,ランバン,54700,0,0,0,0,0,1
748,2023-03-25 00:00:00,アクアスキュータム,54700,0,0,0,0,1,0
747,2023-03-25 00:00:00,エムズグレイシー,19800,0,0,0,0,1,0
746,2023-03-26 00:00:00,ロペ,6080,0,1,0,0,0,0
745,2023-03-26 00:00:00,マダムジョコンダ,6080,0,0,0,1,0,0
744,2023-03-26 00:00:00,かまくら辻ヶ花,17820,0,0,0,1,0,0
743,2023-03-27 00:00:00,ジュンアシダ,20000,0,0,0,0,1,0
740,2023-03-28 00:00:00,シャミー,9730,0,1,0,0,0,0
741,2023-03-28 00:00:00,49AVジュンコシマダ,11500,0,0,1,0,0,0
742,2023-03-28 00:00:00,クラセリア,19030,0,0,0,1,0,0
739,2023-03-31 00:00:00,センソユニコ,17700,0,0,1,0,0,0
738,2023-04-01 00:00:00,ローラアシュレイ,15800,0,0,0,1,0,0
737,2023-04-01 00:00:00,バンベール,8900,0,1,0,0,0,0
736,2023-04-01 00:00:00,ビーシービージーマックスアズリア,12740,0,0,0,0,1,0
735,2023-04-02 00:00:00,イエーガー,10000,0,1,0,0,0,0
734,2023-04-03 00:00:00,ビースリー,8520,0,1,0,0,0,0
733,2023-04-04 00:00:00,スローブイエナ,7200,0,1,0,0,0,0
732,2023-04-04 00:00:00,バーバリーブルーレーベル,22800,0,0,0,1,0,0
731,2023-04-04 00:00:00,ビースリー,5000,0,1,0,0,0,0
730,2023-04-05 00:00:00,ギャバジンK.T,4710,0,0,1,0,0,0
729,2023-04-05 00:00:00,ルネ,23500,0,0,0,1,0,0
728,2023-04-05 00:00:00,レステラ,7500,0,0,1,0,0,0
727,2023-04-06 00:00:00,ポールスチュアート,23430,0,0,0,1,0,0
722,2023-04-10 00:00:00,スペッチオ,12799,0,0,1,0,0,0
723,2023-04-10 00:00:00,ラコステ,8500,0,0,1,0,0,0
725,2023-04-10 00:00:00,キヨコタカセ,6551,0,0,1,0,0,0
726,2023-04-10 00:00:00,バンベール,7390,0,1,0,0,0,0
724,2023-04-10 00:00:00,プリマティーボ,7399,0,1,0,0,0,0
721,2023-04-12 00:00:00,ヒトシタムラ,23500,0,0,0,0,1,0
720,2023-04-12 00:00:00,エリアーヌジジ,11000,0,0,1,0,0,0
719,2023-04-13 00:00:00,インゲボルグ,19600,0,0,0,1,0,0
718,2023-04-15 00:00:00,ニューヨーカー,12300,0,0,1,0,0,0
717,2023-04-15 00:00:00,バーバリーゴルフ,5899,0,0,1,0,0,0
716,2023-04-15 00:00:00,セオリー,14300,0,0,0,0,1,0
715,2023-04-15 00:00:00,ニューヨーカー,6100,0,0,1,0,0,0
714,2023-04-16 00:00:00,ハロッズ,23900,0,0,0,0,0,1
713,2023-04-16 00:00:00,コーチ,28800,0,0,0,0,0,1
712,2023-04-16 00:00:00,コムーン,6500,0,1,0,0,0,0
710,2023-04-21 00:00:00,コムサマチュア,8400,0,1,0,0,0,0
711,2023-04-21 00:00:00,フェンディ,38401,0,0,0,0,0,1
709,2023-04-23 00:00:00,スコッチハウス,12000,0,1,0,0,0,0
708,2023-04-24 00:00:00,スペッチオ,12430,0,0,1,0,0,0
707,2023-04-25 00:00:00,三越,25700,0,0,0,0,1,0
706,2023-04-25 00:00:00,自由区,25700,0,0,1,0,0,0
705,2023-04-26 00:00:00,ピサーノ,12500,0,0,1,0,0,0
704,2023-04-27 00:00:00,詩仙堂,15800,0,0,0,1,0,0
703,2023-04-29 00:00:00,ビューティー&ユース,4710,1,0,0,0,0,0
701,2023-04-30 00:00:00,レリアン,24000,0,0,0,0,0,1
702,2023-04-30 00:00:00,マックスマーラ,12799,0,0,0,1,0,0
700,2023-05-01 00:00:00,リュージョー,18200,0,0,0,1,0,0
699,2023-05-01 00:00:00,オッズオネスト,5590,0,0,1,0,0,0
698,2023-05-03 00:00:00,レリアン,16500,0,0,0,0,0,1
697,2023-05-03 00:00:00,レリアン,12800,0,0,0,0,0,1
696,2023-05-04 00:00:00,ピンクハウス,24300,0,0,0,1,0,0
695,2023-05-06 00:00:00,リュージョー,18200,0,0,0,1,0,0
694,2023-05-07 00:00:00,バレンザポースポーツ,7600,0,0,1,0,0,0
693,2023-05-07 00:00:00,グレード,12800,0,0,0,1,0,0
692,2023-05-07 00:00:00,エル,7585,0,1,0,0,0,0
689,2023-05-08 00:00:00,ナラカミーチェ,13200,0,1,0,0,0,0
690,2023-05-08 00:00:00,レリアン,17820,0,0,0,0,0,1
691,2023-05-08 00:00:00,クレージュ,4100,0,0,1,0,0,0
688,2023-05-09 00:00:00,ニューヨーカー,6100,0,0,1,0,0,0
687,2023-05-12 00:00:00,クードシャンス,8300,0,0,1,0,0,0
686,2023-05-13 00:00:00,リュージョー,18200,0,0,0,1,0,0
685,2023-05-14 00:00:00,マギー,5950,0,0,1,0,0,0
684,2023-05-14 00:00:00,ハロッズ,21000,0,0,0,0,0,1
683,2023-05-14 00:00:00,ドゥクラッセ,7200,0,1,0,0,0,0
673,2023-05-15 00:00:00,レリアン,14520,0,0,0,0,0,1
674,2023-05-15 00:00:00,ポールスチュアート,22520,0,0,0,1,0,0
675,2023-05-15 00:00:00,エヴェックスバイクリツィア,24300,0,0,0,1,0,0
676,2023-05-15 00:00:00,バーバリー,24300,0,0,0,0,0,1
677,2023-05-15 00:00:00,アルマーニエクスチェンジ,11880,0,0,1,0,0,0
679,2023-05-15 00:00:00,バレンザスポーツ,26200,0,0,0,0,0,1
680,2023-05-15 00:00:00,バンベール,11700,0,1,0,0,0,0
681,2023-05-15 00:00:00,リリアンビューティ,22520,0,0,1,0,0,0
682,2023-05-15 00:00:00,レイビームス,9400,0,1,0,0,0,0
678,2023-05-15 00:00:00,イネド,26200,0,0,1,0,0,0
672,2023-05-17 00:00:00,レリアン,7585,0,0,0,0,0,1
671,2023-05-19 00:00:00,アンタイトル,7200,0,0,1,0,0,0
670,2023-05-21 00:00:00,へっぽこ先生,25300,0,0,0,0,0,1
669,2023-05-21 00:00:00,へっぽこ先生,25300,0,0,0,0,0,1
668,2023-05-22 00:00:00,組曲,4700,0,0,1,0,0,0
667,2023-05-22 00:00:00,スペッチオ,11330,0,0,1,0,0,0
666,2023-05-22 00:00:00,バジーレ28,6551,0,1,0,0,0,0
663,2023-05-25 00:00:00,アクアスキュータム,20680,0,0,0,0,1,0
665,2023-05-25 00:00:00,斉藤都世子,17600,0,0,0,0,0,1
664,2023-05-25 00:00:00,インディヴィ,12980,0,0,0,1,0,0
662,2023-05-27 00:00:00,詩仙堂,15200,0,0,0,1,0,0
661,2023-05-27 00:00:00,ラピーヌ,8300,0,0,0,0,1,0
660,2023-05-29 00:00:00,ビースリー,6551,0,1,0,0,0,0
659,2023-05-29 00:00:00,レキップ,9400,0,1,0,0,0,0
658,2023-05-30 00:00:00,イネド,15000,0,0,1,0,0,0
657,2023-05-31 00:00:00,トランスワーク,18000,0,0,1,0,0,0
656,2023-06-01 00:00:00,ベイジ,13530,0,0,1,0,0,0
655,2023-06-04 00:00:00,フランコフェラーロ,17800,0,1,0,0,0,0
654,2023-06-04 00:00:00,グレード,23400,0,0,0,1,0,0
653,2023-06-04 00:00:00,タルボット,14740,0,0,1,0,0,0
652,2023-06-04 00:00:00,スナオクワハラ,5590,0,1,0,0,0,0
647,2023-06-05 00:00:00,コムサイズム,6080,0,1,0,0,0,0
648,2023-06-05 00:00:00,ビーシービージーマックスアズリア,52300,0,0,0,0,1,0
649,2023-06-05 00:00:00,ロートレアモン,52300,0,0,0,0,0,1
651,2023-06-05 00:00:00,スタイルラヴィー,13800,0,0,1,0,0,0
650,2023-06-05 00:00:00,ハーディエイミス,52300,0,0,0,0,0,1
645,2023-06-06 00:00:00,ザ デイズ トウキョウ,15200,0,0,0,1,0,0
643,2023-06-06 00:00:00,ダックス,10000,0,0,0,1,0,0
646,2023-06-06 00:00:00,レリアン,12810,0,0,0,0,0,1
644,2023-06-06 00:00:00,レリアン,14800,0,0,0,0,0,1
642,2023-06-07 00:00:00,ヒロココシノ,10401,0,0,0,1,0,0
641,2023-06-09 00:00:00,コムデギャルソン,42800,0,0,0,0,1,0
640,2023-06-09 00:00:00,スペッチオ,16500,0,0,1,0,0,0
639,2023-06-10 00:00:00,アツロウタヤマ,10460,0,0,1,0,0,0
638,2023-06-10 00:00:00,ジャンニロジュディチェ,10460,0,1,0,0,0,0
637,2023-06-10 00:00:00,ドゥクラッセ,7000,0,1,0,0,0,0
636,2023-06-10 00:00:00,ルネ,20000,0,0,0,1,0,0
635,2023-06-10 00:00:00,ケンゾー,13500,0,0,1,0,0,0
634,2023-06-11 00:00:00,ザラ,6800,0,1,0,0,0,0
633,2023-06-13 00:00:00,セキネ,9400,0,0,1,0,0,0
632,2023-06-15 00:00:00,ビースリー,4200,0,1,0,0,0,0
631,2023-06-15 00:00:00,アリスバーリー,11200,0,0,0,1,0,0
630,2023-06-16 15:56:00,タケゾー,11000,0,0,1,0,0,0
629,2023-06-17 08:45:00,チャコット,13750,0,0,1,0,0,0
628,2023-06-19 14:23:00,ラピーヌブランシュ,12800,0,0,1,0,0,0
627,2023-06-20 09:37:00,ユキコハナイ,24900,0,0,1,0,0,0
626,2023-06-20 23:52:00,アナイ,6785,0,0,0,0,1,0
625,2023-06-21 14:57:00,レスピーギ,5500,0,1,0,0,0,0
624,2023-06-21 20:08:00,オールドイングランド,14080,0,0,0,1,0,0
623,2023-06-23 09:29:00,リフレクト,10000,0,0,1,0,0,0
622,2023-06-23 15:19:00,三年坂,11000,0,0,0,1,0,0
621,2023-06-24 02:25:00,ノーべスパジオ,15899,0,0,0,1,0,0
620,2023-06-24 17:59:00,三年坂,19000,0,0,0,1,0,0
619,2023-06-24 20:57:00,ギビー,12800,0,0,0,1,0,0
618,2023-06-25 20:17:00,ノーブランド,4210,0,1,0,0,0,0
617,2023-06-26 10:05:00,詩仙堂,14700,0,0,0,1,0,0
616,2023-06-27 01:26:00,ジュエリー,19300,0,0,0,1,0,0
615,2023-06-27 19:17:00,ロペ,6800,0,1,0,0,0,0
614,2023-06-28 09:14:00,メルローズ,5200,0,1,0,0,0,0
613,2023-06-28 18:16:00,マッキントッシュ,7700,0,1,0,0,0,0
612,2023-06-28 19:41:00,トゥモローランド,7920,0,1,0,0,0,0
611,2023-06-30 21:27:00,スペッチオ,11900,0,0,1,0,0,0
610,2023-07-01 01:48:00,ホワイトイタリヤード,5300,0,1,0,0,0,0
609,2023-07-01 09:57:00,ヒルゼ,6000,0,1,0,0,0,0
608,2023-07-01 11:09:00,斉藤都世子,10700,0,0,0,0,0,1
607,2023-07-01 13:16:00,レマロン,6299,0,1,0,0,0,0
606,2023-07-01 22:39:00,ラルフローレン,11000,0,0,1,0,0,0
605,2023-07-01 23:55:00,コムデギャルソン,12250,0,0,0,0,1,0
604,2023-07-02 01:20:00,ソワールドルチェ,30000,0,0,0,0,1,0
603,2023-07-02 01:47:00,東京ソワール,16500,0,0,0,0,1,0
602,2023-07-02 09:54:00,ビスケー,11000,0,0,0,0,1,0
601,2023-07-02 18:30:00,ビースリー,8360,0,1,0,0,0,0
600,2023-07-02 20:45:00,バーバリーブルーレーベル,9150,0,0,0,1,0,0
599,2023-07-02 22:42:00,バーバリーブルーレーベル,11900,0,0,0,1,0,0
598,2023-07-02 23:50:00,東京ソワール,10500,0,0,0,0,1,0
597,2023-07-03 08:03:00,セオリーリュクス,13750,0,0,1,0,0,0
596,2023-07-04 20:19:00,イッセイミヤケ,9250,0,0,0,0,1,0
595,2023-07-04 20:23:00,コムデギャルソン,11500,0,0,0,0,1,0
594,2023-07-04 21:05:00,ロペ,8000,0,1,0,0,0,0
593,2023-07-05 08:32:00,オールドイングランド,5000,0,0,0,1,0,0
592,2023-07-05 12:57:00,アニエスベー,7700,0,0,1,0,0,0
591,2023-07-05 20:01:00,バーバリーブルーレーベル,22900,0,0,0,1,0,0
588,2023-07-05 22:16:00,三年坂,25150,0,0,0,1,0,0
590,2023-07-05 22:16:00,三年坂,25150,0,0,0,1,0,0
589,2023-07-05 22:16:00,三年坂,25150,0,0,0,1,0,0
587,2023-07-05 22:38:00,レリアン,11750,0,0,0,0,0,1
585,2023-07-05 23:52:00,三年坂,21900,0,0,0,1,0,0
586,2023-07-05 23:52:00,三年坂,21900,0,0,0,1,0,0
584,2023-07-07 00:21:00,東京スタイル,14700,0,0,0,1,0,0
583,2023-07-08 19:00:00,三年坂,20000,0,0,0,1,0,0
582,2023-07-08 19:00:00,三年坂,20000,0,0,0,1,0,0
581,2023-07-08 19:02:00,三年坂,10000,0,0,0,1,0,0
580,2023-07-08 19:03:00,三年坂,10650,0,0,0,1,0,0
579,2023-07-08 19:04:00,三年坂,10000,0,0,0,1,0,0
578,2023-07-09 15:38:00,東京ソワール,11600,0,0,0,0,1,0
577,2023-07-10 19:32:00,バーバリー,59300,0,0,0,0,0,1
576,2023-07-10 19:32:00,セオリー,59300,0,0,0,0,1,0
575,2023-07-10 19:32:00,ケイトスペード,59300,0,0,0,0,0,1
574,2023-07-10 19:32:00,レリアン,59300,0,0,0,0,0,1
573,2023-07-10 20:21:00,トピーズ,10000,0,0,1,0,0,0
571,2023-07-10 21:27:00,スペッチオ,16800,0,0,1,0,0,0
572,2023-07-10 21:27:00,カルバンクライン,16800,0,0,0,1,0,0
570,2023-07-10 23:25:00,バーバリー,26150,0,0,0,0,0,1
569,2023-07-10 23:25:00,バーバリー,26150,0,0,0,0,0,1
568,2023-07-10 23:59:00,レリアン,11400,0,0,0,0,0,1
567,2023-07-11 00:22:00,バレンザポー,5299,0,1,0,0,0,0
566,2023-07-11 00:29:00,エンフォルド,35500,0,0,0,0,0,1
565,2023-07-11 01:18:00,ブレッケンリッジ,10300,0,1,0,0,0,0
564,2023-07-11 01:18:00,ルーニィ,10300,0,0,1,0,0,0
563,2023-07-11 01:57:00,ヨシキヒシヌマ,11000,0,0,1,0,0,0
562,2023-07-11 19:49:00,バーバリー,4400,0,0,0,0,0,1
560,2023-07-12 10:43:00,ヴァンドゥーオクトーブル,11400,0,0,1,0,0,0
561,2023-07-12 10:43:00,東京ソワール,11400,0,0,0,0,1,0
559,2023-07-12 22:56:00,ドゥクラッセ,5500,0,1,0,0,0,0
558,2023-07-13 10:48:00,イッセイミヤケ,15950,0,0,0,0,1,0
557,2023-07-13 17:20:00,ノーブランド,12800,0,1,0,0,0,0
556,2023-07-13 22:05:00,ヒトシタムラ,30300,0,0,0,0,1,0
555,2023-07-16 19:51:00,エムズグレイシー,19000,0,0,0,0,1,0
554,2023-07-16 19:56:00,ヒロコビス,17200,0,0,1,0,0,0
553,2023-07-17 12:55:00,トレンドクリップス,6000,0,1,0,0,0,0
552,2023-07-17 22:21:00,ザラ,8000,0,1,0,0,0,0
551,2023-07-19 21:08:00,ヒトシタムラ,27300,0,0,0,0,1,0
550,2023-07-19 23:19:00,コジャーナ,24900,0,0,0,0,1,0
549,2023-07-20 23:02:00,ヒロコビス,16300,0,0,1,0,0,0
548,2023-07-20 23:35:00,スペッチオ,17800,0,0,1,0,0,0
547,2023-07-22 21:53:00,コムサ,6050,0,1,0,0,0,0
546,2023-07-23 09:36:00,レリアン,22000,0,0,0,0,0,1
545,2023-07-23 14:57:00,ヒロコビス,10600,0,0,1,0,0,0
544,2023-07-24 20:04:00,レオナール,16500,0,0,0,0,0,1
543,2023-07-25 03:29:00,ビースリー,6380,0,1,0,0,0,0
542,2023-07-25 13:28:00,グラン山貴,9700,0,1,0,0,0,0
541,2023-07-26 06:14:00,ナラカミーチェ,4990,0,1,0,0,0,0
540,2023-07-27 09:58:00,ヴィヴィアンタム,17500,0,0,1,0,0,0
539,2023-07-29 01:21:00,ダブルスタンダードクローシング,5720,0,1,0,0,0,0
538,2023-07-29 17:19:00,レキップ,6600,0,1,0,0,0,0
537,2023-07-29 21:08:00,t.b センソユニコ,5300,0,1,0,0,0,0
536,2023-07-30 21:22:00,ヤッコマリカルド,17930,0,0,0,1,0,0
535,2023-08-04 20:21:00,スペッチオ,13800,0,0,1,0,0,0
534,2023-08-04 23:00:00,ドゥクラッセ,4180,0,1,0,0,0,0
533,2023-08-05 00:14:00,レリアン,19200,0,0,0,0,0,1
532,2023-08-05 02:14:00,マックスマーラ,17900,0,0,0,1,0,0
531,2023-08-06 13:03:00,ヤッコマリカルド,17600,0,0,0,1,0,0
530,2023-08-06 20:24:00,東京ソワール,17160,0,0,0,0,1,0
529,2023-08-08 07:15:00,インデックス,999,0,0,0,0,0,0
528,2023-08-08 11:46:00,バンベール,6785,0,1,0,0,0,0
527,2023-08-08 19:46:00,伊太利屋,15730,0,0,0,1,0,0
526,2023-08-08 23:09:00,レリアン,28800,0,0,0,0,0,1
525,2023-08-09 19:18:00,イッセイミヤケ,12800,0,0,0,0,1,0
524,2023-08-10 01:12:00,エムズグレイシー,28800,0,0,0,0,1,0
523,2023-08-10 11:44:00,ヴィアファブリカ,7000,0,1,0,0,0,0
522,2023-08-10 14:24:00,インテレクション,6800,0,1,0,0,0,0
521,2023-08-10 19:55:00,リベサ,7150,0,1,0,0,0,0
520,2023-08-11 06:55:00,モガ,4210,0,1,0,0,0,0
519,2023-08-12 14:38:00,プラネテ,5480,0,1,0,0,0,0
518,2023-08-12 20:51:00,トクコプルミエヴォル,9799,0,0,1,0,0,0
517,2023-08-14 17:28:00,東京ソワール,18600,0,0,0,0,1,0
516,2023-08-14 22:07:00,ジュンコアラタ,23000,0,0,0,0,1,0
515,2023-08-15 20:25:00,プリマージ,12800,0,0,1,0,0,0
514,2023-08-15 23:05:00,ザラ,12800,0,1,0,0,0,0
513,2023-08-16 02:15:00,Jプレス,5480,0,1,0,0,0,0
512,2023-08-16 06:34:00,モガ,12010,0,1,0,0,0,0
511,2023-08-18 22:30:00,ジュンアシダ,35000,0,0,0,0,1,0
510,2023-08-19 10:32:00,ニューヨーカー,12650,0,0,1,0,0,0
509,2023-08-20 22:44:00,ティザン,18500,0,0,0,1,0,0
508,2023-08-21 20:10:00,スポーツマックス,12810,0,0,0,0,0,1
507,2023-08-23 23:11:00,アニエスベー,13200,0,0,1,0,0,0
506,2023-08-28 09:43:00,ダックス,11000,0,0,0,1,0,0
505,2023-08-29 20:45:00,ビースリー,7700,0,1,0,0,0,0
504,2023-08-30 22:30:00,オットー,12800,0,0,1,0,0,0
503,2023-08-31 11:04:00,ネイブル,8250,0,1,0,0,0,0
502,2023-09-01 11:53:00,アシール,21800,0,0,0,0,1,0
501,2023-09-01 18:52:00,トランク,12000,0,0,1,0,0,0
500,2023-09-03 21:39:00,トピーズ,14000,0,0,1,0,0,0
499,2023-09-04 11:07:00,アクリス,34810,0,0,0,0,0,1
498,2023-09-04 20:03:00,レリアン,15000,0,0,0,0,0,1
497,2023-09-04 20:49:00,スペッチオ,7100,0,0,1,0,0,0
496,2023-09-04 21:41:00,トクコプルミエヴォル,13100,0,0,1,0,0,0
495,2023-09-04 23:16:00,ジバンシイ,11000,0,0,0,1,0,0
494,2023-09-04 23:58:00,東京ソワール,14000,0,0,0,0,1,0
493,2023-09-05 01:37:00,イエナ,8400,0,1,0,0,0,0
492,2023-09-05 01:37:00,ビラーヴェ,8400,0,1,0,0,0,0
491,2023-09-05 04:19:00,ホコモモラ,7350,0,0,0,1,0,0
490,2023-09-05 04:20:00,コウジワタナベ,14950,0,0,1,0,0,0
489,2023-09-05 04:20:00,グレード,14950,0,0,0,1,0,0
488,2023-09-05 09:06:00,ドゥクラッセ,6930,0,1,0,0,0,0
486,2023-09-05 12:00:00,ちぐさボーベル,27750,0,0,0,0,1,0
487,2023-09-05 12:00:00,東京ソワール,27750,0,0,0,0,1,0
485,2023-09-05 17:28:00,プラステ,11500,0,0,1,0,0,0
484,2023-09-05 17:48:00,23区,5400,0,0,1,0,0,0
483,2023-09-05 19:33:00,エフデ,8750,0,0,0,0,0,1
482,2023-09-05 21:09:00,J.プレス,13800,0,1,0,0,0,0
481,2023-09-07 00:31:00,ローラアシュレイ,9000,0,0,0,1,0,0
480,2023-09-07 18:00:00,ビースリー,7150,0,1,0,0,0,0
479,2023-09-07 22:24:00,ビースリー,3250,0,1,0,0,0,0
478,2023-09-07 22:43:00,斉藤都世子,7100,0,0,0,0,0,1
477,2023-09-08 12:56:00,伊太利屋,22000,0,0,0,1,0,0
476,2023-09-08 16:52:00,レリアン,7000,0,0,0,0,0,1
475,2023-09-09 02:16:00,アルマーニ,15850,0,0,0,0,1,0
474,2023-09-09 16:06:00,マックスマーラ,14000,0,0,0,1,0,0
473,2023-09-09 18:09:00,バラ色の暮し,8910,0,1,0,0,0,0
472,2023-09-10 09:34:00,セオリーリュクス,7400,0,0,1,0,0,0
471,2023-09-10 11:12:00,バーバリー,32000,0,0,0,0,0,1
470,2023-09-10 11:52:00,ポールスミス,6250,0,0,1,0,0,0
469,2023-09-10 13:49:00,ビースリー,2600,0,1,0,0,0,0
468,2023-09-10 14:40:00,自由区,6800,0,0,1,0,0,0
467,2023-09-10 14:42:00,ローラアシュレイ,5000,0,0,0,1,0,0
466,2023-09-10 15:56:00,ユキサブロウワタナべミッチ,6930,0,1,0,0,0,0
465,2023-09-10 18:01:00,東京ソワール,18400,0,0,0,0,1,0
464,2023-09-10 21:12:00,マックスアズリア,11500,0,0,1,0,0,0
463,2023-09-10 23:17:00,ジュンアシダ,15000,0,0,0,0,1,0
462,2023-09-10 23:23:00,カヤック,4400,1,0,0,0,0,0
461,2023-09-10 23:45:00,伊太利屋,29150,0,0,0,1,0,0
460,2023-09-10 23:45:00,伊太利屋,29150,0,0,0,1,0,0
459,2023-09-10 23:45:00,レリアン,29150,0,0,0,0,0,1
458,2023-09-10 23:57:00,組曲,4100,0,0,1,0,0,0
454,2023-09-11 01:28:00,サンジョア,18380,0,0,1,0,0,0
457,2023-09-11 01:28:00,ボッシュ,18380,0,0,1,0,0,0
456,2023-09-11 01:28:00,リフレクト,18380,0,0,1,0,0,0
455,2023-09-11 01:28:00,スキャパ,18380,0,0,0,1,0,0
453,2023-09-11 20:25:00,ピノーレ,4990,0,1,0,0,0,0
452,2023-09-12 21:18:00,アンタイトル,4100,0,0,1,0,0,0
451,2023-09-14 13:25:00,アイシービー,14600,0,0,0,0,1,0
450,2023-09-15 08:16:00,プリーツプリーズ,21450,0,0,0,0,0,1
449,2023-09-15 21:02:00,ピンクハウス,25850,0,0,0,1,0,0
448,2023-09-17 21:49:00,東京ソワール,18550,0,0,0,0,1,0
447,2023-09-18 02:42:00,東京イギン,28820,0,0,0,0,0,1
446,2023-09-19 20:59:00,ラルフローレン,4980,0,0,1,0,0,0
445,2023-09-20 02:07:00,東京ソワール,31000,0,0,0,0,1,0
444,2023-09-20 18:38:00,ドゥクラッセ,9680,0,1,0,0,0,0
443,2023-09-20 21:25:00,ノーブランド,3980,0,1,0,0,0,0
442,2023-09-20 22:12:00,カルヴェン,12001,0,0,0,1,0,0
441,2023-09-21 15:05:00,バーバリー,24000,0,0,0,0,0,1
440,2023-09-21 21:49:00,トゥモローランド,5480,0,1,0,0,0,0
439,2023-09-21 23:03:00,東京ソワール,15810,0,0,0,0,1,0
438,2023-09-23 04:51:00,マダムニコル,5500,0,1,0,0,0,0
437,2023-09-23 13:09:00,ビクタービクトリア,4110,1,0,0,0,0,0
436,2023-09-25 13:41:00,ジョルネア,17899,0,0,0,1,0,0
435,2023-09-26 22:59:00,T-PLEATS,6800,0,1,0,0,0,0
434,2023-09-27 16:09:00,東京ソワール,26180,0,0,0,0,1,0
433,2023-09-28 11:03:00,アンタイトル,40840,0,0,1,0,0,0
432,2023-09-28 11:03:00,クリッツィア,40840,0,0,0,1,0,0
431,2023-09-28 11:03:00,ビーシービージーマックスアズリア,40840,0,0,0,0,1,0
430,2023-09-28 19:10:00,セシオセラ,12650,0,1,0,0,0,0
429,2023-09-29 09:11:00,VPL,12800,0,0,1,0,0,0
428,2023-09-30 13:40:00,ドゥクラッセ,9020,0,1,0,0,0,0
427,2023-09-30 19:37:00,ローズティアラ,14630,0,0,1,0,0,0
426,2023-10-01 16:38:00,ローラアシュレイ,22400,0,0,0,1,0,0
425,2023-10-01 17:40:00,自由区,6299,0,0,1,0,0,0
424,2023-10-04 07:20:00,T-PLEATS,6200,0,1,0,0,0,0
423,2023-10-04 09:58:00,ラルフローレンゴルフ,5951,0,1,0,0,0,0
422,2023-10-04 21:20:00,ジュンアシダ,6790,0,0,0,0,1,0
421,2023-10-05 13:12:00,レリアン,20800,0,0,0,0,0,1
420,2023-10-05 19:55:00,ノーブランド,3980,0,1,0,0,0,0
419,2023-10-06 08:42:00,ソワールドルチェ,24970,0,0,0,0,1,0
418,2023-10-06 15:59:00,ジュンコシマダ,5480,0,0,0,1,0,0
417,2023-10-06 21:42:00,ビスケー,16000,0,0,0,0,1,0
416,2023-10-08 10:32:00,アナイ,9500,0,0,0,0,1,0
415,2023-10-08 13:23:00,スコッチハウス,8200,0,1,0,0,0,0
414,2023-10-08 16:38:00,東京ソワール,15200,0,0,0,0,1,0
413,2023-10-08 20:14:00,ノーブランド,3980,0,1,0,0,0,0
412,2023-10-10 00:28:00,ボールジー,16400,0,0,0,1,0,0
411,2023-10-10 21:51:00,ケンゾーワタナベ,9450,0,1,0,0,0,0
410,2023-10-12 16:20:00,シネカノン,17700,0,0,0,1,0,0
409,2023-10-14 07:39:00,ノーブランド,3980,0,1,0,0,0,0
408,2023-10-14 12:26:00,エムズグレイシー,29800,0,0,0,0,1,0
407,2023-10-14 20:44:00,ソウソウ,6799,0,1,0,0,0,0
406,2023-10-15 14:26:00,ノーブランド,3980,0,1,0,0,0,0
405,2023-10-16 08:36:00,バレンザ・ボー,5600,0,1,0,0,0,0
404,2023-10-16 11:54:00,組曲,5900,0,0,1,0,0,0
403,2023-10-16 13:40:00,組曲,8030,0,0,1,0,0,0
402,2023-10-16 18:57:00,レコパン,12810,0,0,1,0,0,0
401,2023-10-16 22:53:00,マックスマーラ,29200,0,0,0,1,0,0
400,2023-10-18 09:08:00,ノーブランド,3980,0,1,0,0,0,0
399,2023-10-18 22:25:00,トゥーシー,4200,0,1,0,0,0,0
398,2023-10-18 23:48:00,レリアン,10000,0,0,0,0,0,1
397,2023-10-19 00:12:00,ニコルファリ,13200,0,0,1,0,0,0
395,2023-10-19 00:15:00,アナイ,20680,0,0,0,0,1,0
394,2023-10-19 00:15:00,アマカ,8250,0,1,0,0,0,0
396,2023-10-19 00:15:00,自由区,9020,0,0,1,0,0,0
393,2023-10-20 15:17:00,組曲,8400,0,0,1,0,0,0
392,2023-10-21 14:56:00,ココラッシー,19800,0,0,0,0,1,0
391,2023-10-21 20:39:00,ノーブランド,3980,0,1,0,0,0,0
390,2023-10-22 21:10:00,ビースリー,4400,0,1,0,0,0,0
389,2023-10-23 14:14:00,ビーティングハート,12800,0,0,1,0,0,0
388,2023-10-23 16:39:00,メリージェニー,6600,0,1,0,0,0,0
387,2023-10-23 20:20:00,ザラ,20350,0,1,0,0,0,0
386,2023-10-23 20:35:00,住商オットー,16000,0,0,0,1,0,0
385,2023-10-23 21:44:00,イエナ,12800,0,1,0,0,0,0
384,2023-10-24 19:54:00,ホコモモラ,21230,0,0,0,1,0,0
383,2023-10-25 00:10:00,アリスバーリー,11770,0,0,0,1,0,0
382,2023-10-25 13:42:00,ノーブランド,3980,0,1,0,0,0,0
381,2023-10-26 01:28:00,ラルフローレン,7000,0,0,1,0,0,0
380,2023-10-26 14:50:00,イエナ,6800,0,1,0,0,0,0
379,2023-10-26 22:31:00,ローレル,13500,0,0,0,0,0,1
378,2023-10-27 09:48:00,フラジール,8700,0,0,1,0,0,0
377,2023-10-27 11:40:00,ノーブランド,3980,0,1,0,0,0,0
376,2023-10-27 20:28:00,カルバンクライン,12900,0,0,0,1,0,0
375,2023-10-30 18:30:00,ノーブランド,3980,0,1,0,0,0,0
374,2023-10-30 21:50:00,フォクシー,10000,0,0,0,0,0,1
373,2023-10-30 22:40:00,ソニアリキエル,3250,0,1,0,0,0,0
372,2023-10-31 08:27:00,ランチェッティ,17900,0,0,0,1,0,0
371,2023-10-31 10:23:00,ノーブランド,3980,0,1,0,0,0,0
370,2023-10-31 22:09:00,ダックス,26700,0,0,0,1,0,0
368,2023-10-31 23:41:00,ヴィニーニ,3800,1,0,0,0,0,0
369,2023-10-31 23:41:00,ランズエンド,6200,0,0,0,0,0,1
367,2023-11-01 08:21:00,プリーツプリーズ,23100,0,0,0,0,0,1
366,2023-11-01 09:25:00,トクコプルミエヴォル,15500,0,0,1,0,0,0
365,2023-11-01 10:45:00,東京ソワール,7000,0,0,0,0,1,0
364,2023-11-01 12:02:00,ノーブランド,3980,0,1,0,0,0,0
363,2023-11-01 13:23:00,ノーブランド,3980,0,1,0,0,0,0
362,2023-11-02 07:21:00,ノーブランド,3980,0,1,0,0,0,0
361,2023-11-03 09:11:00,ディーエクステリア,23000,0,0,0,0,1,0
360,2023-11-03 17:41:00,ピエールカルダン,31900,0,0,0,1,0,0
359,2023-11-04 07:54:00,エス,7000,0,1,0,0,0,0
358,2023-11-04 22:33:00,コティ,28810,0,0,0,0,0,1
357,2023-11-04 22:37:00,マダムジョコンダ,26500,0,0,0,1,0,0
356,2023-11-05 00:24:00,セオリー,14850,0,0,0,0,1,0
355,2023-11-06 08:02:00,マックスマーラ,21500,0,0,0,1,0,0
354,2023-11-08 22:32:00,マックスマーラ,12900,0,0,0,1,0,0
353,2023-11-09 22:12:00,ノーブランド,7960,0,1,0,0,0,0
352,2023-11-10 04:04:00,ノーブランド,3980,0,1,0,0,0,0
351,2023-11-10 14:11:00,ノーブランド,3980,0,1,0,0,0,0
350,2023-11-10 17:28:00,マギー,11000,0,0,1,0,0,0
349,2023-11-10 20:45:00,ノーブランド,3980,0,1,0,0,0,0
348,2023-11-10 20:56:00,ノーブランド,3980,0,1,0,0,0,0
347,2023-11-11 13:26:00,23区,8030,0,0,1,0,0,0
346,2023-11-11 21:00:00,バナナリパブリック,15400,0,0,1,0,0,0
345,2023-11-11 21:00:00,カマンタ,19800,0,0,0,1,0,0
344,2023-11-12 01:11:00,プリングル,7480,0,1,0,0,0,0
343,2023-11-12 10:20:00,詩仙堂,22500,0,0,0,1,0,0
342,2023-11-12 23:52:00,パサデココ,33000,0,0,0,0,0,1
341,2023-11-14 21:01:00,アンタイトル,6800,0,0,1,0,0,0
340,2023-11-15 09:32:00,ノーブランド,3980,0,1,0,0,0,0
339,2023-11-15 17:39:00,ノーブランド,3980,0,1,0,0,0,0
338,2023-11-16 00:15:00,レリアン,35640,0,0,0,0,0,1
337,2023-11-16 10:08:00,ルイ,4100,1,0,0,0,0,0
336,2023-11-16 10:32:00,ハーモニカ,18700,0,0,1,0,0,0
335,2023-11-16 15:30:00,ジェイアンドアール,9801,0,0,0,1,0,0
334,2023-11-16 16:20:00,ミッソーニ,15900,0,0,0,1,0,0
333,2023-11-16 21:47:00,ノーブランド,3980,0,1,0,0,0,0
332,2023-11-16 23:52:00,ホコモモラ,20000,0,0,0,1,0,0
331,2023-11-18 11:33:00,ちぐさボーベル,28380,0,0,0,0,1,0
330,2023-11-20 00:36:00,ノーブランド,3980,0,1,0,0,0,0
329,2023-11-20 10:31:00,ラビット&フォックス,22000,0,0,0,0,1,0
328,2023-11-21 21:46:00,マックスマーラ,16830,0,0,0,1,0,0
327,2023-11-22 18:06:00,伊太利屋,6930,0,0,0,1,0,0
326,2023-11-22 23:06:00,TRICOSA,15400,0,0,0,1,0,0
325,2023-11-23 20:41:00,マギー,10360,0,0,1,0,0,0
324,2023-11-23 21:15:00,ノーブランド,3980,0,1,0,0,0,0
323,2023-11-24 12:45:00,ミゼール,12810,0,0,0,1,0,0
322,2023-11-24 15:14:00,ビルブラス,12799,0,0,1,0,0,0
321,2023-11-24 21:49:00,コルディア,14630,0,1,0,0,0,0
320,2023-11-26 16:39:00,ユキトリイ,15620,0,0,0,0,1,0
319,2023-11-28 07:51:00,ボッシュ,5500,0,0,1,0,0,0
318,2023-11-29 12:53:00,ビースリー,5000,0,1,0,0,0,0
317,2023-11-29 16:52:00,アトリエフランセ,10500,0,0,1,0,0,0
316,2023-11-30 03:54:00,コルディア,5480,0,1,0,0,0,0
315,2023-12-01 21:14:00,ジュンアシダ,17300,0,0,0,0,1,0
314,2023-12-03 06:06:00,コムサ,6985,0,1,0,0,0,0
313,2023-12-03 10:21:00,ダブルビー,21900,0,0,0,0,1,0
312,2023-12-04 13:12:00,ラルフローレン,4980,0,0,1,0,0,0
311,2023-12-04 20:02:00,プラステ,10500,0,0,1,0,0,0
310,2023-12-04 20:03:00,斉藤都世子,12500,0,0,0,0,0,1
309,2023-12-04 20:04:00,ルネ,13500,0,0,0,1,0,0
308,2023-12-04 20:05:00,レリアン,17800,0,0,0,0,0,1
307,2023-12-04 20:07:00,レリアン,17000,0,0,0,0,0,1
306,2023-12-04 20:08:00,ノーブランド,7500,0,1,0,0,0,0
305,2023-12-04 20:09:00,プラステ,10500,0,0,1,0,0,0
304,2023-12-04 20:16:00,シンクロクロッシング,13400,0,0,1,0,0,0
303,2023-12-04 20:17:00,三陽商会,10500,0,0,1,0,0,0
302,2023-12-04 20:19:00,ヨークランド,21000,0,0,0,0,1,0
301,2023-12-04 20:23:00,レキップ,2750,0,1,0,0,0,0
300,2023-12-04 20:25:00,リリアンビューティ,14200,0,0,1,0,0,0
299,2023-12-04 21:18:00,セオリーリュクス,5900,0,0,1,0,0,0
298,2023-12-04 21:26:00,23区,7150,0,0,1,0,0,0
297,2023-12-04 22:06:00,ビースリー,5900,0,1,0,0,0,0
296,2023-12-04 22:47:00,ホコモモラ,13750,0,0,0,1,0,0
294,2023-12-04 23:56:00,マックスコー,37150,0,0,0,0,0,1
292,2023-12-04 23:56:00,スポーツマックス,37150,0,0,0,0,0,1
295,2023-12-04 23:56:00,noa-ge,37150,0,0,0,0,0,1
293,2023-12-04 23:56:00,ジュンアシダ,37150,0,0,0,0,1,0
291,2023-12-05 05:56:00,ジバンシイ,14150,0,0,0,1,0,0
290,2023-12-05 06:46:00,レリアン,34200,0,0,0,0,0,1
289,2023-12-05 10:20:00,22オクトーブル,10000,0,1,0,0,0,0
288,2023-12-05 11:05:00,セント・クリス,9099,0,1,0,0,0,0
287,2023-12-05 11:05:00,ミタージュ,9099,0,1,0,0,0,0
286,2023-12-05 12:02:00,東京イギン,10400,0,0,0,0,0,1
285,2023-12-05 17:49:00,ボールジー,37048,0,0,0,1,0,0
284,2023-12-05 17:49:00,バーバリー,37048,0,0,0,0,0,1
283,2023-12-05 17:49:00,イギン,37048,0,0,0,0,0,1
282,2023-12-05 17:49:00,インディヴィ,37048,0,0,0,1,0,0
281,2023-12-05 21:43:00,エムプルミエ,15200,0,0,1,0,0,0
279,2023-12-05 22:26:00,バーバリー,18900,0,0,0,0,0,1
280,2023-12-05 22:26:00,バーバリー,18900,0,0,0,0,0,1
278,2023-12-06 00:07:00,レオナール,3080,0,0,0,0,0,1
277,2023-12-06 00:33:00,シャミー,8000,0,1,0,0,0,0
276,2023-12-06 13:07:00,スペッチオ,5500,0,0,1,0,0,0
275,2023-12-06 13:13:00,オーエル イタリー,18750,0,0,0,1,0,0
274,2023-12-07 03:42:00,オッジクラブ,11750,0,0,1,0,0,0
273,2023-12-07 08:39:00,4298シズカコムロ,14250,0,0,1,0,0,0
272,2023-12-07 14:41:00,ブルーノピアッテリ,28849,0,0,0,0,0,1
271,2023-12-07 14:41:00,アクアスキュータム,28849,0,0,0,0,1,0
270,2023-12-07 14:41:00,コムサデモード,28849,0,0,0,1,0,0
269,2023-12-07 14:41:00,エンスイート,28849,0,0,0,0,0,1
268,2023-12-07 14:41:00,スキャパ,28849,0,0,0,1,0,0
267,2023-12-07 14:41:00,コムサ28,28849,0,0,0,0,0,1
266,2023-12-08 00:20:00,東京ソワール,10950,0,0,0,0,1,0
265,2023-12-08 16:25:00,ジュンアシダ,12650,0,0,0,0,1,0
264,2023-12-08 23:28:00,ポールスチュアート,14500,0,0,0,1,0,0
263,2023-12-08 23:28:00,ポールスチュアート,14500,0,0,0,1,0,0
262,2023-12-09 12:34:00,伊太利屋,25500,0,0,0,1,0,0
261,2023-12-09 15:39:00,ロイスクレヨン,7400,0,1,0,0,0,0
260,2023-12-09 19:36:00,マチコジントロンドン,8350,0,1,0,0,0,0
259,2023-12-09 20:53:00,東京ソワール,16200,0,0,0,0,1,0
258,2023-12-09 23:53:00,スペッチオ,11000,0,0,1,0,0,0
257,2023-12-10 00:08:00,ケティ,9450,0,1,0,0,0,0
256,2023-12-10 01:27:00,ノコオーノ,13400,0,0,0,0,0,1
255,2023-12-10 06:22:00,ハーモニカ,7599,0,0,1,0,0,0
254,2023-12-10 17:36:00,スペッチオ,5399,0,0,1,0,0,0
253,2023-12-10 20:27:00,斉藤都世子,22500,0,0,0,0,0,1
251,2023-12-10 20:33:00,ユキトリイ,34000,0,0,0,0,1,0
252,2023-12-10 20:33:00,ジュンアシダ,34000,0,0,0,0,1,0
250,2023-12-10 21:48:00,ビスケー,22149,0,0,0,0,1,0
249,2023-12-10 21:48:00,ビスケー,22149,0,0,0,0,1,0
248,2023-12-10 23:57:00,ルゥデ,7400,0,1,0,0,0,0
247,2023-12-11 18:39:00,伊太利屋,14080,0,0,0,1,0,0
246,2023-12-11 22:31:00,アツロウタヤマ,5480,0,0,1,0,0,0
245,2023-12-12 00:19:00,ソニアリキエル,16300,0,1,0,0,0,0
244,2023-12-13 00:11:00,23区,13200,0,0,1,0,0,0
243,2023-12-14 10:53:00,チャコット,10000,0,0,1,0,0,0
242,2023-12-16 21:10:00,エンチャリオット,15900,0,0,0,1,0,0
241,2023-12-17 13:02:00,スキャパ,10000,0,0,0,1,0,0
240,2023-12-18 01:25:00,アナイ,12900,0,0,0,0,1,0
237,2023-12-18 15:41:00,ヴィクターヴィクトリア,13090,0,0,1,0,0,0
236,2023-12-18 15:41:00,イエナ,7700,0,1,0,0,0,0
239,2023-12-18 15:41:00,モガ,7920,0,1,0,0,0,0
238,2023-12-18 15:41:00,セオリーリュクス,12100,0,0,1,0,0,0
235,2023-12-18 23:09:00,ザ・スーツカンパニー,12800,0,0,1,0,0,0
234,2023-12-18 23:53:00,レリアン,12800,0,0,0,0,0,1
233,2023-12-19 21:38:00,ヒロココシノ,4990,0,0,0,1,0,0
232,2023-12-20 10:47:00,キョウコ ヒガ,3800,1,0,0,0,0,0
231,2023-12-21 08:37:00,ノーブランド,6199,0,1,0,0,0,0
230,2023-12-21 12:30:00,ギビー,10500,0,0,0,1,0,0
229,2023-12-21 20:30:00,セリーヌ,62000,0,0,0,0,0,1
228,2023-12-23 10:50:00,クリッツィア,6799,0,0,0,1,0,0
227,2023-12-24 12:31:00,インディヴィ,8250,0,0,0,1,0,0
226,2023-12-24 17:14:00,トランク,7150,0,0,1,0,0,0
225,2023-12-25 14:39:00,ロシャス,3800,0,0,0,0,1,0
224,2023-12-26 08:25:00,エレントレーシー,35000,0,0,0,0,0,1
223,2023-12-27 07:20:00,イリヤロンタン,7700,0,1,0,0,0,0
222,2023-12-29 13:04:00,ベルタボーノ,28500,0,0,0,0,0,1
215,2024-01-01 00:03:00,東京ソワール,78050,0,0,0,0,1,0
216,2024-01-01 00:03:00,グレープ横浜元町,78050,0,0,0,0,0,1
217,2024-01-01 00:03:00,エフデ,78050,0,0,0,0,0,1
218,2024-01-01 00:03:00,サルヴァトーレフェラガモ,78050,0,0,0,0,0,1
220,2024-01-01 00:03:00,ランズエンド,78050,0,0,0,0,0,1
221,2024-01-01 00:03:00,東京イギン,78050,0,0,0,0,0,1
219,2024-01-01 00:03:00,ラブリークイーン,78050,0,0,0,0,0,1
214,2024-01-01 00:06:00,23区,8400,0,0,1,0,0,0
213,2024-01-01 00:17:00,ヤッコマリカルド,10500,0,0,0,1,0,0
212,2024-01-01 00:29:00,アナイ,10000,0,0,0,0,1,0
211,2024-01-01 00:33:00,クロチェーラ,11650,0,0,1,0,0,0
210,2024-01-01 01:07:00,バーバリーゴルフ,4200,0,0,1,0,0,0
209,2024-01-01 04:30:00,シャレブラン,10899,0,1,0,0,0,0
208,2024-01-01 05:49:00,バーバリー,19250,0,0,0,0,0,1
207,2024-01-01 06:42:00,バーバリー,14500,0,0,0,0,0,1
206,2024-01-01 07:36:00,ザラウーマン,2950,1,0,0,0,0,0
205,2024-01-01 08:50:00,ジャンニロジュディチェ,7500,0,1,0,0,0,0
204,2024-01-01 10:26:00,伊太利屋,10500,0,0,0,1,0,0
203,2024-01-01 15:24:00,群言堂,10899,0,0,1,0,0,0
202,2024-01-01 17:13:00,ダーマコレクション,7500,0,0,1,0,0,0
201,2024-01-01 21:04:00,プラステ,6499,0,0,1,0,0,0
200,2024-01-01 22:44:00,ニコル,10000,0,1,0,0,0,0
199,2024-01-01 23:59:00,アンタイトル,5900,0,0,1,0,0,0
198,2024-01-02 10:55:00,ハナエモリ,6250,0,0,1,0,0,0
197,2024-01-02 19:31:00,スペッチオ,4550,0,0,1,0,0,0
196,2024-01-03 18:12:00,23区,10000,0,0,1,0,0,0
195,2024-01-03 18:21:00,ビーシービージーマックスアズリア,9400,0,0,0,0,1,0
194,2024-01-05 12:48:00,チャコット,14630,0,0,1,0,0,0
193,2024-01-05 15:23:00,プラステ,20000,0,0,1,0,0,0
192,2024-01-05 21:58:00,エスピエ,6900,0,1,0,0,0,0
191,2024-01-06 08:44:00,イヴサンローラン,23500,0,0,0,0,0,1
190,2024-01-06 09:51:00,レリアン,11400,0,0,0,0,0,1
189,2024-01-07 18:36:00,インディヴィ,15400,0,0,0,1,0,0
188,2024-01-08 17:38:00,ユーエスピーピー,6750,0,1,0,0,0,0
187,2024-01-09 22:02:00,デリススポーツ,11000,0,0,1,0,0,0
186,2024-01-10 00:54:00,コラージュ ガリャルダガランテ,7750,0,1,0,0,0,0
185,2024-01-10 08:31:00,バーバリー,12000,0,0,0,0,0,1
184,2024-01-10 21:23:00,ノーマカマリ,8650,0,0,1,0,0,0
183,2024-01-10 21:32:00,東京スタイル,9500,0,0,0,1,0,0
182,2024-01-10 23:17:00,セオリー,13500,0,0,0,0,1,0
181,2024-01-11 05:27:00,ドゥクラッセ,7480,0,1,0,0,0,0
180,2024-01-11 14:08:00,ポールスチュアート,11000,0,0,0,1,0,0
179,2024-01-12 13:13:00,レリアン,28810,0,0,0,0,0,1
178,2024-01-12 13:56:00,東京スタイル,17499,0,0,0,1,0,0
177,2024-01-12 22:37:00,トクコプルミエヴォル,11700,0,0,1,0,0,0
176,2024-01-13 08:49:00,斉藤都世子,12100,0,0,0,0,0,1
175,2024-01-13 09:35:00,ダックス,23000,0,0,0,1,0,0
174,2024-01-13 09:35:00,イヴサンローラン,23000,0,0,0,0,0,1
173,2024-01-13 18:14:00,ビースリー,6250,0,1,0,0,0,0
172,2024-01-13 20:31:00,グレープ横浜元町,6985,0,0,0,0,0,1
171,2024-01-15 08:10:00,23区,16280,0,0,1,0,0,0
170,2024-01-15 21:15:00,フラジール,13000,0,0,1,0,0,0
169,2024-01-16 02:36:00,アントネッラ,6200,0,1,0,0,0,0
168,2024-01-17 23:23:00,ノーブランド,33000,0,1,0,0,0,0
167,2024-01-18 22:06:00,ノーブランド,3980,0,1,0,0,0,0
166,2024-01-19 10:15:00,トランク,13500,0,0,1,0,0,0
165,2024-01-20 08:32:00,リフレクト,11000,0,0,1,0,0,0
164,2024-01-20 12:17:00,オッズオネスト,5500,0,0,1,0,0,0
163,2024-01-20 16:04:00,レオナール,60000,0,0,0,0,0,1
162,2024-01-20 20:16:00,プリーツプリーズ,17930,0,0,0,0,0,1
161,2024-01-20 22:23:00,ドゥクラッセ,6600,0,1,0,0,0,0
160,2024-01-21 16:54:00,マックスマーラ,12320,0,0,0,1,0,0
159,2024-01-22 13:54:00,マックスマーラ,29000,0,0,0,1,0,0
158,2024-01-22 22:24:00,クスト,29200,0,0,0,0,0,1
157,2024-01-26 08:09:00,ジン,29000,0,0,0,0,0,1
156,2024-01-26 08:09:00,ジン,29000,0,0,0,0,0,1
155,2024-01-27 07:18:00,ブルドール,20680,0,0,0,0,1,0
154,2024-01-29 17:53:00,ローラアシュレイ,6000,0,0,0,1,0,0
153,2024-02-01 22:47:00,セオリー,5600,0,0,0,0,1,0
152,2024-02-05 10:22:00,ドゥクラッセ,16000,0,1,0,0,0,0
151,2024-02-05 14:19:00,sah maha sthama,4990,1,0,0,0,0,0
150,2024-02-05 18:20:00,ギャバジンK.T,31000,0,0,1,0,0,0
149,2024-02-06 12:10:00,ソワレドヒロミ,14520,0,0,1,0,0,0
148,2024-02-07 17:59:00,バーバリー,22000,0,0,0,0,0,1
147,2024-02-08 02:15:00,22オクトーブル,5200,0,1,0,0,0,0
145,2024-02-09 23:18:00,ビースリー,7700,0,1,0,0,0,0
146,2024-02-09 23:18:00,ミラショーン,12650,0,0,1,0,0,0
144,2024-02-11 11:18:00,ヘルノ,40000,0,0,0,0,0,1
143,2024-02-11 16:22:00,バーバリー,37000,0,0,0,0,0,1
142,2024-02-11 22:10:00,高島屋,5500,0,1,0,0,0,0
141,2024-02-13 12:39:00,エムズグレイシー,24810,0,0,0,0,1,0
140,2024-02-14 19:12:00,レリアン,41030,0,0,0,0,0,1
139,2024-02-15 00:35:00,シャレブラン,9799,0,1,0,0,0,0
138,2024-02-15 22:44:00,ネミカ,18700,0,0,0,1,0,0
137,2024-02-17 01:35:00,レジャンス,12001,0,0,0,0,1,0
136,2024-02-18 00:10:00,東京ソワール,31130,0,0,0,0,1,0
135,2024-02-18 09:21:00,詩仙堂,12800,0,0,0,1,0,0
134,2024-02-19 21:35:00,ビースリー,8140,0,1,0,0,0,0
133,2024-02-20 19:39:00,レリアン,26300,0,0,0,0,0,1
132,2024-02-20 19:40:00,レリアン,32000,0,0,0,0,0,1
131,2024-02-22 16:44:00,ヴィヴィアンタム,12800,0,0,1,0,0,0
130,2024-02-24 09:42:00,レキップヨシエイナバ,4980,0,1,0,0,0,0
129,2024-02-24 10:16:00,クレージュ,29200,0,0,1,0,0,0
128,2024-02-24 11:06:00,コルディア,8800,0,1,0,0,0,0
127,2024-02-24 12:34:00,バレンザポースポーツ,7370,0,0,1,0,0,0
126,2024-02-25 17:37:00,ルイフェロー,5500,0,0,0,0,0,1
125,2024-02-26 00:30:00,スコッチハウス,16830,0,1,0,0,0,0
124,2024-02-26 20:11:00,センソユニコ,15400,0,0,1,0,0,0
123,2024-02-28 22:17:00,ピアノフォルテマックスマーラ,17820,0,0,0,1,0,0
122,2024-03-01 16:50:00,ヨシエイナバ,16280,0,0,1,0,0,0
121,2024-03-02 03:09:00,東京スタイル,19800,0,0,0,1,0,0
120,2024-03-02 20:47:00,ダーマコレクション,11000,0,0,1,0,0,0
119,2024-03-03 08:12:00,ギャラリービスコンティ,10000,0,1,0,0,0,0
118,2024-03-04 09:19:00,アクアスキュータム,15400,0,0,0,0,1,0
117,2024-03-04 09:19:00,ダックス,16500,0,0,0,1,0,0
116,2024-03-04 20:01:00,マギー,13099,0,0,1,0,0,0
115,2024-03-04 20:01:00,ビースリー,5399,0,1,0,0,0,0
114,2024-03-04 20:02:00,東京イギン,9799,0,0,0,0,0,1
113,2024-03-04 20:06:00,マギー,9500,0,0,1,0,0,0
112,2024-03-04 20:08:00,スペッチオ,30200,0,0,1,0,0,0
111,2024-03-04 20:08:00,インディヴィ,30200,0,0,0,1,0,0
110,2024-03-04 20:08:00,スキャパ,30200,0,0,0,1,0,0
109,2024-03-04 20:08:00,スペッチオ,30200,0,0,1,0,0,0
108,2024-03-04 20:09:00,プリーツプリーズ,15600,0,0,0,0,0,1
107,2024-03-04 20:14:00,リフレクト,7450,0,0,1,0,0,0
106,2024-03-04 20:17:00,フォクシーラビッツ,19900,0,0,0,1,0,0
105,2024-03-04 20:30:00,ピンクハウス,17000,0,0,0,1,0,0
104,2024-03-04 20:32:00,マックスマーラ,16000,0,0,0,1,0,0
103,2024-03-04 20:50:00,エブール,25000,0,0,0,0,1,0
102,2024-03-04 21:01:00,ハナエモリ,9150,0,0,1,0,0,0
101,2024-03-04 21:06:00,センソユニコ,13750,0,0,1,0,0,0
100,2024-03-04 21:09:00,ユナイテッドアローズ,8650,0,0,1,0,0,0
99,2024-03-05 09:15:00,斉藤都世子,8450,0,0,0,0,0,1
98,2024-03-05 15:48:00,グレード,21450,0,0,0,1,0,0
97,2024-03-05 16:15:00,シャミー,9020,0,1,0,0,0,0
96,2024-03-05 17:59:00,グレースコンチネンタル,12100,0,1,0,0,0,0
95,2024-03-05 21:24:00,ロイスクレヨン,8400,0,1,0,0,0,0
94,2024-03-05 22:03:00,ダックス,11880,0,0,0,1,0,0
93,2024-03-05 22:34:00,クレージュ,6810,0,0,1,0,0,0
92,2024-03-05 23:48:00,アンタイトル,12800,0,0,1,0,0,0
91,2024-03-06 08:53:00,絵麻亥由,15000,0,0,1,0,0,0
90,2024-03-06 09:04:00,カルレ,9600,0,1,0,0,0,0
89,2024-03-07 01:01:00,ビースリー,6000,0,1,0,0,0,0
88,2024-03-07 10:08:00,enuan yang,12810,0,0,1,0,0,0
87,2024-03-07 10:14:00,ドレステリア,2800,1,0,0,0,0,0
86,2024-03-07 11:07:00,グレード,12900,0,0,0,1,0,0
85,2024-03-07 16:39:00,アーノルドパーマー,9900,0,1,0,0,0,0
84,2024-03-07 17:19:00,伊太利屋,5949,0,0,0,1,0,0
83,2024-03-07 23:16:00,タルボット,8650,0,0,1,0,0,0
82,2024-03-08 00:13:00,ネミカ,16600,0,0,0,1,0,0
81,2024-03-08 04:59:00,ハーモニカ,9000,0,0,1,0,0,0
80,2024-03-08 15:07:00,慈雨,19600,0,0,1,0,0,0
79,2024-03-08 20:01:00,十仁プラザ,13000,0,0,0,1,0,0
78,2024-03-08 20:36:00,カルヴェン,17400,0,0,0,1,0,0
77,2024-03-08 21:26:00,ミスアシダ,6475,0,0,1,0,0,0
76,2024-03-08 23:46:00,ダイアンフォンファステンバーグ,10375,0,0,1,0,0,0
75,2024-03-08 23:46:00,パリエンヌ,10375,0,0,1,0,0,0
74,2024-03-09 10:27:00,ローラアシュレイ,8000,0,0,0,1,0,0
73,2024-03-09 17:06:00,レリアン,12600,0,0,0,0,0,1
70,2024-03-09 19:07:00,ランバンコレクション,29350,0,0,0,0,0,1
71,2024-03-09 19:07:00,ジョセフ,29350,0,0,0,0,0,1
72,2024-03-09 19:07:00,ブルックスブラザーズ,29350,0,0,0,1,0,0
69,2024-03-09 19:16:00,トゥービーシック,7750,0,0,0,0,1,0
68,2024-03-10 00:56:00,センソユニコ,10000,0,0,1,0,0,0
67,2024-03-10 04:37:00,マックレガー,8000,0,1,0,0,0,0
66,2024-03-10 04:37:00,サンジョア,8000,0,0,1,0,0,0
65,2024-03-10 09:38:00,自由区,5399,0,0,1,0,0,0
64,2024-03-10 11:02:00,レコパン,13900,0,0,1,0,0,0
63,2024-03-10 13:23:00,ポンチョコート,11250,0,0,1,0,0,0
62,2024-03-10 14:55:00,チャコット,7500,0,0,1,0,0,0
61,2024-03-10 15:05:00,ヒロココシノ,3925,0,0,0,1,0,0
60,2024-03-10 15:45:00,ユキトリイ,17499,0,0,0,0,1,0
59,2024-03-10 15:54:00,イヴサンローラン,36960,0,0,0,0,0,1
58,2024-03-10 16:14:00,ushiboura21,20000,0,0,0,1,0,0
57,2024-03-10 21:32:00,レリアン,13600,0,0,0,0,0,1
56,2024-03-10 23:46:00,ナラカミーチェ,5949,0,1,0,0,0,0
55,2024-03-10 23:51:00,セオリーリュクス,8000,0,0,1,0,0,0
54,2024-03-11 15:49:00,銀座マギー,21300,0,0,0,1,0,0
53,2024-03-11 22:31:00,伊太利屋,7000,0,0,0,1,0,0
52,2024-03-12 07:57:00,エプリス,15800,0,0,0,1,0,0
51,2024-03-12 21:59:00,バレンザポースポーツ,20900,0,0,1,0,0,0
50,2024-03-13 19:31:00,シビラ,12800,0,0,1,0,0,0
49,2024-03-14 00:04:00,ルネ,26400,0,0,0,1,0,0
48,2024-03-17 13:42:00,東京ソワール,11000,0,0,0,0,1,0
47,2024-03-17 19:46:00,ビースリー,10700,0,1,0,0,0,0
46,2024-03-18 20:52:00,東京ソワール,56700,0,0,0,0,1,0
45,2024-03-18 20:52:00,東京ソワール,56700,0,0,0,0,1,0
44,2024-03-18 23:39:00,スローブイエナ,7800,0,1,0,0,0,0
43,2024-03-19 11:09:00,インディヴィ,12870,0,0,0,1,0,0
41,2024-03-19 22:55:00,コルディア,5951,0,1,0,0,0,0
42,2024-03-19 22:55:00,クードシャンス,5480,0,0,1,0,0,0
40,2024-03-20 03:18:00,ラウラビアジョッティ,6000,0,1,0,0,0,0
39,2024-03-20 13:59:00,リフレクト,12430,0,0,1,0,0,0
38,2024-03-20 15:37:00,ラトゥア,4200,1,0,0,0,0,0
37,2024-03-22 00:21:00,ビースリー,7000,0,1,0,0,0,0
36,2024-03-22 11:24:00,クリスチャンオジャール,6820,0,1,0,0,0,0
35,2024-03-23 08:36:00,三越,17900,0,0,0,0,1,0
34,2024-03-24 15:42:00,リヨン,12810,0,0,1,0,0,0
33,2024-03-25 14:49:00,ノーマカマリ,8250,0,0,1,0,0,0
32,2024-03-25 16:25:00,アクアスキュータム,13000,0,0,0,0,1,0
31,2024-03-26 14:54:00,パティオウェア,22000,0,0,0,1,0,0
30,2024-03-26 21:32:00,ビースリー,6000,0,1,0,0,0,0
29,2024-03-27 01:55:00,レキップヨシエイナバ,12000,0,1,0,0,0,0
28,2024-03-27 09:18:00,ダナキャラン,6300,0,1,0,0,0,0
27,2024-03-28 18:11:00,ラガーフェルド,13500,0,0,1,0,0,0
26,2024-04-01 06:25:00,コムサ,6380,0,1,0,0,0,0
25,2024-04-01 13:53:00,レキップヨシエイナバ,16170,0,1,0,0,0,0
24,2024-04-01 20:34:00,22オクトーブル,5500,0,1,0,0,0,0
23,2024-04-01 21:24:00,アナイ,12430,0,0,0,0,1,0
22,2024-04-02 22:21:00,詩仙堂,18480,0,0,0,1,0,0
21,2024-04-03 12:46:00,ビースリー,8250,0,1,0,0,0,0
20,2024-04-03 12:52:00,ビースリー,5500,0,1,0,0,0,0
19,2024-04-04 18:34:00,ビルダジュール,9020,0,1,0,0,0,0
18,2024-04-05 21:49:00,アドーア,5480,0,1,0,0,0,0
17,2024-04-07 08:40:00,ナラカミーチェ,9000,0,1,0,0,0,0
16,2024-04-07 09:54:00,メルローズ,8200,0,1,0,0,0,0
15,2024-04-09 15:18:00,フォクシー,10500,0,0,0,0,0,1
13,2024-04-09 22:25:00,マギー,5951,0,0,1,0,0,0
14,2024-04-09 22:25:00,セシオセラ,3250,0,1,0,0,0,0
12,2024-04-09 22:59:00,ジャンポールゴルチエ,16500,0,0,0,0,0,1
11,2024-04-14 09:50:00,エンポリオアルマーニ,14899,0,0,0,0,0,1
10,2024-04-14 11:01:00,クリスチャンディオール,17900,0,0,0,1,0,0
9,2024-04-14 11:05:00,エポカ,11290,0,0,0,0,0,1
8,2024-04-14 21:47:00,Jotaffy Unique Thoughts,11300,0,0,1,0,0,0
7,2024-04-15 06:10:00,ヴィヴィアンタム,19580,0,0,1,0,0,0
6,2024-04-15 08:21:00,マックスマーラ,3799,0,0,0,1,0,0
5,2024-04-16 12:47:00,ジュンアシダ,26840,0,0,0,0,1,0
4,2024-04-17 22:16:00,コムサ,5500,0,1,0,0,0,0
3,2024-04-17 23:02:00,レリアン,18300,0,0,0,0,0,1
2,2024-04-21 03:04:00,ローザナラカミーチェ,6800,0,1,0,0,0,0
1,2024-04-21 20:50:00,東京イギン,31900,0,0,0,0,0,1
0,2024-04-21 23:25:00,トラサルディ－,8800,0,1,0,0,0,0
