年月日,平均気温(℃),最高気温(℃),最低気温(℃),降水量の合計(mm),日照時間(時間),天気概況(昼：06時～18時),天気概況(夜：18時～翌日06時)
2021/6/16,22.2,24.9,20.6,30.5,0.0,雨時々曇、雷を伴う,曇一時雨
2021/6/17,21.8,26.7,18.9,3.5,4.8,曇時々晴一時雨,曇時々晴
2021/6/18,22.8,27.4,18.5,0.0,7.9,薄曇一時晴,雨時々曇
2021/6/19,20.3,23.1,19.2,12.0,0.0,雨一時曇,雨
2021/6/20,22.8,28.6,19.5,14.5,1.0,曇一時雨,曇
2021/6/21,22.9,27.9,19.6,0,5.3,曇後晴,晴一時曇
2021/6/22,23.1,28.6,19.1,0,3.2,曇,曇
2021/6/23,22.0,25.6,20.6,1.5,0.1,曇時々雨,曇一時晴
2021/6/24,22.8,27.2,19.1,0.0,3.3,曇後一時晴,曇
2021/6/25,23.3,27.5,20.7,19.0,3.9,曇時々雨一時晴,曇
2021/6/26,24.2,28.4,20.5,0.0,4.0,薄曇,曇
2021/6/27,23.7,26.7,21.6,0.0,0.8,曇,曇後晴
2021/6/28,24.4,29.6,20.1,0.0,7.8,晴後薄曇,雨一時曇
2021/6/29,21.9,28.4,18.8,53.0,1.5,曇時々雨,大雨後時々曇
2021/6/30,20.6,23.1,18.4,3.0,0.0,曇時々雨,雨時々曇
2021/7/1,20.9,22.9,20.1,64.5,0.0,大雨時々曇,雨
2021/7/2,21.2,22.2,20.3,68.0,0.0,大雨,大雨
2021/7/3,22.2,25.8,20.5,53.5,0.3,雨後曇,曇後雨
2021/7/4,20.1,21.1,19.3,17.5,0.0,雨,雨後時々曇一時霧雨、霧を伴う
2021/7/5,22.1,25.1,19.9,2.5,0.6,曇時々雨,曇
2021/7/6,24.7,29.6,22.0,0.5,0.2,曇時々雨,雨時々曇
2021/7/7,25.8,30.0,22.9,0.5,1.9,曇一時雨,曇
2021/7/8,23.7,24.8,22.3,7.5,0.0,雨,雨
2021/7/9,23.5,24.9,22.2,9.0,0.0,雨時々曇,曇時々雨
2021/7/10,27.0,33.4,22.7,4.5,9.0,晴時々曇,曇一時雨、雷を伴う
2021/7/11,24.7,31.8,21.2,17.5,3.1,曇後晴一時雨、雷・ひょうを伴う,晴時々曇一時雨
2021/7/12,25.8,31.6,21.0,0.0,7.9,薄曇,曇時々雨
2021/7/13,25.5,29.0,23.4,0.0,1.6,曇、雷を伴う,曇
2021/7/14,25.3,28.8,22.8,0.0,0.9,曇,曇、雷を伴う
2021/7/15,26.4,31.1,23.0,0.0,5.0,曇後晴,曇一時晴
2021/7/16,27.7,33.2,24.1,0,8.0,曇後晴,晴一時曇
2021/7/17,27.4,32.6,23.5,0,9.6,晴,晴
2021/7/18,28.1,33.2,23.7,0,12.9,晴,晴
2021/7/19,29.2,34.7,25.1,0,11.0,晴,晴後曇
2021/7/20,28.8,34.0,25.6,0,9.8,晴後薄曇,薄曇後晴
2021/7/21,28.4,33.6,24.3,0,10.6,晴,晴
2021/7/22,28.4,34.2,24.1,0,11.3,晴,晴
2021/7/23,28.4,34.0,24.6,0.0,8.7,晴,晴一時曇
2021/7/24,28.5,34.4,25.3,0.0,7.3,晴,晴
2021/7/25,28.5,34.4,24.7,0,10.4,晴,晴後曇
2021/7/26,27.5,32.1,24.6,0.0,5.4,曇,曇後雨
2021/7/27,24.9,29.8,21.3,34.5,2.7,雨後晴時々曇,曇時々晴
2021/7/28,27.7,32.0,23.9,0.0,6.8,曇後晴,晴
2021/7/29,27.8,32.1,24.3,0,4.5,曇時々晴,曇一時晴
2021/7/30,25.8,30.5,23.9,30.0,2.1,曇時々大雨、雷を伴う,曇時々晴
2021/7/31,27.5,32.5,23.3,0,8.6,晴一時曇,晴
2021/8/1,28.7,33.7,24.2,0,12.0,晴,晴
2021/8/2,28.6,33.1,25.6,0.5,7.6,晴後曇時々雨,晴時々曇
2021/8/3,29.0,32.9,25.7,3.0,7.6,曇一時雨後晴,晴
2021/8/4,29.5,34.5,25.7,0,11.5,晴,晴
2021/8/5,29.1,34.7,24.0,0,11.7,晴後時々薄曇,薄曇後晴
2021/8/6,29.1,34.8,24.6,0,9.9,晴,晴
2021/8/7,27.9,31.4,26.3,2.0,1.5,曇時々雨,曇後大雨
2021/8/8,25.9,28.8,24.7,90.5,0.1,大雨後一時曇,薄曇時々晴
2021/8/9,28.1,31.3,25.6,2.0,3.9,曇時々雨後一時晴,晴時々曇
2021/8/10,31.0,36.8,27.2,0.0,9.2,晴,晴一時曇
2021/8/11,29.2,33.5,25.9,0,8.8,晴後薄曇,曇
2021/8/12,26.0,29.2,23.9,0.5,0.7,曇時々雨,雨時々曇
2021/8/13,22.5,25.4,20.5,20.5,0.0,雨,大雨
2021/8/14,22.3,25.6,20.1,77.0,0.0,雨,大雨
2021/8/15,19.3,20.2,18.4,138.5,0.0,大雨,雨時々曇
2021/8/16,20.7,22.5,19.0,2.0,0.0,雨時々曇,曇
2021/8/17,23.7,27.4,20.7,23.5,1.2,雨時々曇,曇時々雨一時晴
2021/8/18,27.0,31.3,24.5,3.0,5.8,晴時々曇一時雨,晴後一時曇
2021/8/19,28.5,33.8,25.1,0.0,11.3,晴,晴一時薄曇
2021/8/20,28.7,33.7,25.2,0,10.9,晴,晴後一時薄曇
2021/8/21,27.9,32.1,24.8,0.0,4.6,曇一時晴,曇
2021/8/22,28.5,33.6,25.5,0.0,4.6,曇,曇
2021/8/23,26.9,30.3,22.2,2.5,4.2,曇一時雨後一時晴、雷を伴う,晴時々薄曇
2021/8/24,27.5,31.0,23.9,0.0,4.2,曇,曇時々雨
2021/8/25,29.4,34.4,26.3,0.0,5.4,曇,晴
2021/8/26,30.5,35.7,26.6,0.0,8.1,薄曇時々晴,晴
2021/8/27,30.0,34.3,26.9,0,9.0,晴時々曇,晴一時曇
2021/8/28,29.8,34.8,26.7,0.0,8.9,晴一時曇,晴後一時曇
2021/8/29,28.5,32.8,26.5,0.0,1.1,曇,曇
2021/8/30,29.2,33.8,26.1,0.0,8.9,晴一時曇,晴後曇
2021/8/31,26.9,32.4,21.2,17.0,2.9,曇,雨時々曇、雷を伴う
2021/9/1,20.7,23.5,18.3,3.0,0.0,曇時々雨,雨一時曇
2021/9/2,19.4,20.6,18.4,18.5,0.0,雨,雨
2021/9/3,19.7,21.4,18.7,17.0,0.0,雨一時曇,雨時々曇
2021/9/4,20.6,22.9,19.2,14.0,0.0,雨時々曇,雨
2021/9/5,21.0,24.7,18.6,10.0,0.3,曇一時雨,曇一時晴
2021/9/6,19.9,21.8,18.1,8.5,0.0,曇時々雨,曇後晴
2021/9/7,20.4,24.4,16.8,0,4.0,曇一時晴,薄曇
2021/9/8,20.3,25.0,16.9,0.5,1.9,曇後雨,曇時々雨
2021/9/9,20.5,22.5,18.3,14.0,0.0,雨後時々曇,曇一時晴
2021/9/10,24.8,30.0,20.6,0.0,7.4,晴一時曇,晴時々曇一時雨
2021/9/11,25.0,29.1,22.7,0.0,1.2,曇時々雨,曇時々雨
2021/9/12,24.4,26.9,22.8,0.0,0.0,曇一時雨,曇
2021/9/13,25.2,30.7,21.5,0,8.8,薄曇,曇
2021/9/14,22.8,25.7,19.8,5.5,0.0,曇後時々雨,雨後一時曇
2021/9/15,22.9,28.5,19.4,1.5,5.8,晴時々薄曇,晴一時曇
2021/9/16,22.3,27.4,19.4,0.0,3.7,晴時々曇,晴後曇一時雨
2021/9/17,22.3,25.2,17.6,0.0,0.3,曇,雨時々曇
2021/9/18,23.7,26.0,22.0,124.5,0.2,大雨時々曇,雨時々曇
2021/9/19,23.9,29.2,19.0,0.0,9.8,快晴,快晴
2021/9/20,22.4,28.3,17.8,0,11.8,快晴,晴一時曇
2021/9/21,22.7,27.9,18.6,0,5.8,晴,晴一時雨
2021/9/22,24.9,29.5,20.6,1.0,4.4,曇一時雨後晴,曇時々晴
2021/9/23,26.6,31.7,22.9,0.0,9.3,晴,晴時々曇
2021/9/24,25.4,30.6,21.2,0,9.8,晴,曇
2021/9/25,22.1,24.5,20.3,0.0,0.3,曇,曇時々晴
2021/9/26,19.9,21.3,18.2,0.0,0.0,曇時々雨,晴一時曇
2021/9/27,20.1,24.8,17.0,0.0,2.9,曇時々晴,晴一時薄曇
2021/9/28,21.1,26.6,16.9,0,3.5,曇後晴,晴後時々曇
2021/9/29,21.9,26.3,17.5,0.0,4.7,晴時々曇,曇時々晴
2021/9/30,23.2,29.2,19.3,4.5,4.8,曇後時々雨,雨時々曇
2021/10/1,19.0,21.3,17.2,113.0,0.0,大雨,曇後晴
2021/10/2,21.9,30.1,15.2,2.0,10.2,晴,晴一時雨後一時曇、雷を伴う
2021/10/3,22.1,27.7,18.0,0,10.0,晴,晴一時曇
2021/10/4,23.5,29.7,18.6,0,6.6,晴一時曇,晴
2021/10/5,23.9,29.1,19.3,0,9.9,晴後薄曇,薄曇後晴
2021/10/6,22.8,28.5,19.5,0.0,6.6,晴時々曇,曇一時雨
2021/10/7,21.3,24.1,18.2,0.0,0.1,曇,曇
2021/10/8,24.2,29.2,20.2,0.0,9.2,晴,晴
2021/10/9,22.7,28.1,20.3,0.0,3.0,曇時々晴,曇後一時晴
2021/10/10,22.2,26.7,19.7,0.0,4.5,曇一時雨後晴,晴
2021/10/11,24.0,29.3,19.5,0,9.1,晴一時曇,晴後曇
2021/10/12,20.5,23.8,17.9,2.5,0.0,曇後雨,雨
2021/10/13,17.4,18.5,16.4,10.5,0.0,雨,雨後曇
2021/10/14,19.1,24.5,15.9,0.0,6.3,曇後晴,晴後曇
2021/10/15,20.7,25.4,16.6,0,7.0,晴,晴後曇
2021/10/16,21.0,23.2,18.9,0.5,0.3,曇一時雨,曇一時雨
2021/10/17,15.7,21.2,11.1,13.5,0.0,雨後曇,晴時々曇
2021/10/18,13.6,18.8,9.2,0,9.4,晴,曇一時晴
2021/10/19,13.5,15.4,11.5,9.0,0.0,曇一時雨,雨後晴一時曇
2021/10/20,16.1,22.3,11.6,0.0,10.2,快晴,晴
2021/10/21,15.4,19.3,12.3,0,4.6,曇時々晴,曇後雨
2021/10/22,11.2,15.3,10.2,9.5,0.0,雨,雨後晴一時曇
2021/10/23,13.6,19.2,8.6,0.0,10.0,快晴,快晴
2021/10/24,13.4,19.5,7.9,0,9.3,晴一時薄曇,曇時々晴
2021/10/25,14.0,17.3,10.9,5.5,1.7,曇,大雨一時曇
2021/10/26,15.0,20.4,11.2,30.0,6.0,晴一時雨,晴
2021/10/27,14.5,16.6,12.8,1.0,0.1,曇時々雨,曇後一時雨
2021/10/28,17.6,23.0,13.7,0.5,9.7,快晴,晴
2021/10/29,15.3,20.0,10.9,0,9.6,快晴,快晴
2021/10/30,14.5,20.4,9.5,0,9.6,晴,晴後曇
2021/10/31,13.6,16.4,12.3,2.0,0.0,曇後雨,曇一時雨後一時晴
2021/11/1,16.8,21.4,12.4,0.0,3.7,曇一時晴,曇
2021/11/2,17.7,21.9,15.3,0,5.3,曇後晴,晴後曇
2021/11/3,17.1,22.1,13.5,0,8.0,晴時々曇,晴
2021/11/4,15.5,20.3,11.6,0,8.2,晴後薄曇,晴
2021/11/5,15.3,20.3,11.5,0,9.3,快晴,快晴
2021/11/6,14.9,19.6,10.6,0,8.8,晴一時薄曇,曇
2021/11/7,15.7,19.2,12.2,1.0,4.6,薄曇,曇時々雨
2021/11/8,16.4,21.5,12.7,1.5,6.7,晴時々曇,曇時々雨
2021/11/9,16.1,19.8,14.2,47.5,0.0,大雨時々曇、雷を伴う,曇時々晴
2021/11/10,16.0,20.9,13.6,0.0,7.3,晴一時曇,快晴
2021/11/11,15.4,20.7,10.8,0,9.4,快晴,快晴
2021/11/12,14.5,21.5,9.7,0,9.0,晴後薄曇,晴一時薄曇
2021/11/13,13.1,18.4,8.6,0,9.4,快晴,晴後薄曇
2021/11/14,14.0,19.6,8.9,0,8.8,晴,快晴
2021/11/15,14.3,20.4,9.5,0,9.3,快晴,晴後曇
2021/11/16,14.2,18.8,11.2,0.0,5.6,曇時々晴,曇後一時晴
2021/11/17,13.5,17.6,9.8,0,8.4,晴,晴後薄曇
2021/11/18,12.6,17.4,9.6,0,4.0,曇,晴一時曇
2021/11/19,12.5,17.6,8.4,0,7.5,晴時々薄曇,晴一時薄曇
2021/11/20,13.2,18.7,8.3,0,9.0,快晴,快晴
2021/11/21,12.5,15.8,9.4,12.5,0.2,曇後一時雨,雨
2021/11/22,13.5,16.6,11.9,24.5,0.0,曇時々雨,雨後曇
2021/11/23,12.5,17.0,7.9,0.0,4.7,晴時々曇,快晴
2021/11/24,11.4,16.9,7.2,0,9.0,快晴,快晴
2021/11/25,12.3,18.5,6.0,0,9.2,快晴,快晴
2021/11/26,12.0,17.3,8.3,0,9.0,快晴,快晴
2021/11/27,9.6,13.8,6.2,0,7.2,晴,快晴
2021/11/28,8.9,14.4,3.8,0,9.1,快晴,快晴
2021/11/29,8.1,13.6,4.0,0,8.4,薄曇時々晴,快晴
2021/11/30,11.0,16.1,3.8,6.0,7.6,晴後一時曇,大雨
2021/12/1,15.5,20.3,9.7,54.5,5.6,晴一時雨,晴
2021/12/2,10.1,13.8,6.1,0.0,8.9,快晴,晴時々曇一時雨
2021/12/3,9.7,16.1,4.6,0,8.9,快晴,快晴
2021/12/4,9.9,14.9,5.1,0,8.8,快晴,快晴
2021/12/5,8.6,11.9,5.4,0,7.1,晴後曇,曇
2021/12/6,8.9,10.8,6.6,0.0,0.0,曇,曇
2021/12/7,11.8,14.9,9.5,9.5,0.0,曇,雨
2021/12/8,9.5,10.6,8.3,36.5,0.0,雨,雨一時曇
2021/12/9,10.2,14.2,8.2,0.0,7.0,晴時々曇,曇一時晴
2021/12/10,8.6,12.5,6.3,0,4.8,薄曇,晴一時薄曇
2021/12/11,9.4,15.4,4.1,0,8.9,快晴,晴後曇
2021/12/12,11.3,16.7,7.9,0,6.5,曇後晴,晴
2021/12/13,9.7,13.0,5.8,0,8.9,快晴,快晴
2021/12/14,5.1,6.4,3.6,5.5,0.8,曇時々雨,曇後晴
2021/12/15,7.6,14.3,2.6,0,8.9,快晴,快晴
2021/12/16,9.5,14.7,4.2,0,8.0,薄曇時々晴,曇一時晴後時々雨
2021/12/17,8.7,11.9,4.9,6.0,0.4,曇時々雨,晴
2021/12/18,4.5,8.5,1.7,0,8.9,快晴,快晴
2021/12/19,4.3,10.0,-0.7,0,8.9,快晴,快晴
2021/12/20,6.4,11.9,0.8,0,9.0,晴,晴一時曇
2021/12/21,8.2,15.2,2.0,0,9.0,快晴,快晴
2021/12/22,8.8,13.5,5.0,0,7.4,晴後曇,晴
2021/12/23,8.3,13.2,5.0,0,8.4,快晴,晴
2021/12/24,8.0,13.2,3.6,0.5,8.8,晴時々薄曇,雨時々曇一時晴
2021/12/25,8.3,14.1,4.7,3.5,4.5,晴一時雨後時々曇,曇後一時雪
2021/12/26,3.5,7.6,-0.2,0.0,7.8,晴,快晴
2021/12/27,2.7,8.1,-2.2,0,8.5,快晴,快晴
2021/12/28,3.8,9.5,-1.6,0,8.8,快晴,晴後曇
2021/12/29,4.2,8.9,0.9,0,7.8,晴時々薄曇,晴一時曇
2021/12/30,6.5,14.5,0.6,0.0,7.5,晴一時曇,晴
2021/12/31,3.2,6.0,0.1,0,3.7,晴時々曇,快晴
2022/1/1,3.4,7.8,-1.0,0,8.8,快晴,晴後一時曇
2022/1/2,3.5,7.9,0.4,0,6.2,曇後晴,快晴
2022/1/3,5.5,10.5,0.5,0,8.1,晴,快晴
2022/1/4,5.2,12.4,0.6,0,8.9,快晴,快晴
2022/1/5,4.1,8.7,0.6,0,8.9,快晴,曇時々晴
2022/1/6,0.7,2.6,-1.7,6.5,0.0,曇後大雪,晴一時雪
2022/1/7,2.6,8.4,-3.5,0,8.9,快晴,晴
2022/1/8,4.5,9.5,-0.2,0,8.9,快晴,晴
2022/1/9,6.3,13.4,-0.5,0,7.4,晴後薄曇,曇
2022/1/10,7.7,9.6,6.1,0.0,0.3,曇一時晴,曇
2022/1/11,5.7,7.2,4.3,16.0,0.0,雨一時曇,曇一時雨後晴
2022/1/12,5.0,8.6,2.4,0,9.1,快晴,晴後時々曇
2022/1/13,5.7,11.5,2.3,0,6.9,晴時々曇,晴時々曇
2022/1/14,4.4,8.6,0.7,0,9.2,快晴,快晴
2022/1/15,5.5,10.5,-0.2,0,7.7,薄曇,晴一時薄曇
2022/1/16,5.4,11.1,0.3,0,9.1,快晴,晴後一時薄曇
2022/1/17,6.0,11.8,1.4,0.0,6.9,薄曇時々晴,晴、みぞれを伴う
2022/1/18,4.4,8.7,1.6,0,9.2,快晴,快晴
2022/1/19,3.7,8.1,0.6,0,5.4,晴時々曇,晴
2022/1/20,3.4,8.4,-1.0,0,8.7,快晴,快晴
2022/1/21,3.0,7.8,-0.9,0,9.0,晴,快晴
2022/1/22,4.5,9.9,-0.1,0,9.2,快晴,曇時々晴
2022/1/23,5.1,7.7,1.6,0.0,1.5,曇,曇時々雨
2022/1/24,6.4,11.0,1.4,0.0,8.3,曇一時晴,快晴
2022/1/25,5.2,9.6,0.3,0.0,6.8,晴後曇,雨時々曇
2022/1/26,5.5,9.5,3.7,0.0,3.5,曇後晴,快晴
2022/1/27,6.8,11.9,2.0,0,8.1,薄曇後時々晴,曇
2022/1/28,6.6,11.8,4.1,0,3.6,曇時々晴,晴後曇
2022/1/29,5.9,10.0,3.7,0,4.8,曇後時々晴,薄曇後晴
2022/1/30,5.2,8.2,2.2,0,4.2,曇,曇後晴
2022/1/31,4.9,10.0,1.5,0,9.2,快晴,快晴
2022/2/1,5.6,11.2,1.1,0,9.2,晴,快晴
2022/2/2,5.5,11.1,0.9,0,9.3,晴,晴
2022/2/3,5.8,11.8,0.6,0,7.8,晴時々薄曇,薄曇
2022/2/4,4.9,8.5,2.4,0,1.0,曇,快晴
2022/2/5,3.5,9.2,0.3,0,6.1,晴一時曇,快晴
2022/2/6,2.3,8.2,-1.9,0,5.2,晴時々曇,快晴
2022/2/7,4.5,9.7,-0.5,0,8.1,晴,晴後曇
2022/2/8,5.3,9.1,2.2,0,3.6,曇後晴,曇後晴
2022/2/9,6.2,10.8,1.8,0,9.0,晴時々薄曇,曇後時々雨
2022/2/10,2.3,6.1,0.6,27.0,0.0,みぞれ一時雨後一時雪,みぞれ時々雪
2022/2/11,4.1,9.2,0.7,2.5,8.7,晴一時曇,晴
2022/2/12,4.7,9.9,0.2,0,9.4,薄曇後時々晴,晴
2022/2/13,3.1,5.0,0.8,22.5,0.0,曇後雨,みぞれ一時雨
2022/2/14,3.9,8.0,0.8,3.5,3.5,曇後一時晴,晴
2022/2/15,5.5,11.6,1.1,0,5.3,晴時々曇,快晴
2022/2/16,6.0,11.8,1.3,0.0,5.8,晴,晴
2022/2/17,4.6,9.7,0.5,0,8.8,晴,快晴
2022/2/18,5.7,11.4,-0.2,0,10.0,快晴,晴
2022/2/19,5.0,8.9,1.5,6.5,1.0,曇後一時雨,雨後一時曇
2022/2/20,5.9,10.0,2.4,9.0,0.2,曇時々雨,快晴
2022/2/21,4.1,8.7,1.2,0,9.5,快晴,快晴
2022/2/22,4.4,10.0,-0.5,0,10.0,晴,晴
2022/2/23,4.4,10.3,0.1,0,8.9,晴,晴後曇
2022/2/24,4.8,10.1,1.7,0,9.2,晴一時曇,快晴
2022/2/25,6.5,13.4,-0.1,0,10.7,快晴,快晴
2022/2/26,8.6,14.7,3.0,0,10.7,晴,晴一時薄曇
2022/2/27,9.5,18.5,3.2,0,10.5,快晴,快晴
2022/2/28,9.8,15.9,4.5,0,9.4,晴後時々曇,薄曇後晴
2022/3/1,11.0,18.3,4.9,0.0,7.9,薄曇後一時晴,曇後晴
2022/3/2,11.2,16.3,7.2,4.0,6.1,曇時々晴,曇一時雨後晴
2022/3/3,9.5,15.0,4.7,0.0,8.3,晴一時曇,晴後一時曇
2022/3/4,8.1,12.2,4.7,0,6.3,薄曇時々晴,曇後晴
2022/3/5,11.2,17.9,4.3,0,10.2,快晴,晴
2022/3/6,8.1,13.9,4.6,0,8.3,晴後一時曇,快晴
2022/3/7,8.3,14.2,3.9,0,10.0,晴後薄曇,曇後一時雨
2022/3/8,6.3,8.0,4.1,0.5,0.0,雨後曇,曇時々晴
2022/3/9,7.9,13.6,2.6,0,9.2,晴後薄曇,晴
2022/3/10,9.0,14.3,3.7,0,9.8,晴時々薄曇,晴
2022/3/11,12.0,18.7,5.2,0,10.3,晴後一時薄曇,薄曇後晴
2022/3/12,14.6,21.8,7.8,0,10.5,晴,晴時々薄曇
2022/3/13,14.7,19.5,8.7,0,5.3,薄曇,曇後一時雨
2022/3/14,16.4,24.1,7.8,1.0,9.8,晴一時雨,曇時々雨
2022/3/15,12.7,20.3,7.2,0.0,7.4,曇後晴,晴後曇
2022/3/16,14.1,20.3,9.5,0,5.8,曇後晴,晴後一時曇
2022/3/17,14.1,21.0,8.3,0.0,7.7,曇一時晴,雨時々曇
2022/3/18,5.2,10.3,3.8,48.0,0.0,雨時々曇,大雨一時曇
2022/3/19,10.1,18.6,4.4,22.0,7.0,晴後曇一時雨,雨後晴、雷を伴う
2022/3/20,9.9,15.5,4.1,0.0,6.9,晴後曇,曇時々雨
2022/3/21,9.6,14.1,6.2,0.0,4.0,曇後一時晴,曇後雨
2022/3/22,3.7,9.9,1.2,18.0,0.0,雨一時みぞれ,曇時々晴
2022/3/23,5.2,10.5,0.5,1.0,6.3,薄曇,みぞれ時々曇一時晴
2022/3/24,8.2,14.3,2.4,1.0,9.5,晴,晴
2022/3/25,12.2,17.6,5.2,0,10.9,快晴,曇
2022/3/26,16.1,19.0,13.3,7.5,0.0,曇後時々雨,雨後曇
2022/3/27,16.2,21.4,11.5,0.5,2.1,曇一時晴,曇時々雨
2022/3/28,13.5,19.0,10.7,0.0,6.1,晴時々曇,曇
2022/3/29,10.2,11.0,9.1,0,0.0,曇,曇
2022/3/30,14.5,20.3,9.3,0.0,3.9,曇一時晴,曇後晴
2022/3/31,15.1,22.8,8.9,7.0,6.0,曇,雨
2022/4/1,7.6,12.4,3.9,16.5,5.2,曇一時雨,晴一時薄曇
2022/4/2,8.5,12.9,3.6,0,11.6,薄曇時々晴,薄曇後雨
2022/4/3,8.2,10.1,6.6,13.5,0.0,雨一時曇,雨
2022/4/4,8.5,9.8,6.7,53.5,0.0,大雨,雨後一時曇
2022/4/5,12.6,17.9,8.2,1.5,3.1,曇一時雨後晴,曇
2022/4/6,15.5,21.8,10.6,0,7.9,曇後晴,薄曇時々晴
2022/4/7,14.3,19.2,10.9,0,6.2,曇,晴
2022/4/8,15.4,21.7,9.7,0,11.8,快晴,快晴
2022/4/9,17.2,23.8,10.1,0,11.5,快晴,快晴
2022/4/10,19.6,26.8,13.0,0,11.8,快晴,晴後薄曇
2022/4/11,18.9,24.7,13.8,0,9.5,薄曇,薄曇後時々晴
2022/4/12,20.0,25.6,15.4,0,11.8,快晴,晴後一時薄曇
2022/4/13,20.8,26.4,15.2,0,11.3,薄曇,曇後一時雨
2022/4/14,12.3,20.2,10.0,4.0,0.0,雨,霧雨後雨時々曇
2022/4/15,10.1,12.1,8.3,19.5,0.0,雨,雨時々曇
2022/4/16,12.5,20.2,8.0,1.0,5.5,曇時々晴一時雨,曇時々晴
2022/4/17,13.7,17.8,9.9,0.0,4.6,曇,曇後晴
2022/4/18,14.3,18.2,11.7,28.5,0.9,曇時々雨,雨後曇
2022/4/19,15.3,20.9,10.6,1.0,7.6,曇時々晴,雨時々曇
2022/4/20,12.2,14.0,9.5,1.5,0.0,曇時々雨,曇一時雨
2022/4/21,16.4,21.5,12.2,8.5,3.6,薄曇,大雨一時曇
2022/4/22,19.2,26.2,13.5,29.0,8.1,晴時々曇,晴後時々曇
2022/4/23,20.8,26.7,16.5,0,6.1,曇時々晴,曇
2022/4/24,17.3,20.3,14.1,3.5,0.0,曇後雨,晴一時雨
2022/4/25,19.9,26.6,13.0,0,11.8,晴,薄曇
2022/4/26,21.3,23.6,17.9,2.5,0.0,曇一時雨,曇一時雨
2022/4/27,23.0,27.7,18.9,0.5,1.6,曇一時雨,曇
2022/4/28,16.9,21.1,14.2,0.0,5.5,曇後晴,晴後一時曇
2022/4/29,12.9,16.4,9.0,40.0,0.2,雨一時曇,雨一時曇後晴
2022/4/30,12.6,18.4,7.4,0,12.4,晴,曇一時晴
2022/5/1,12.7,16.8,10.8,12.0,0.0,曇後雨,曇時々雨
2022/5/2,13.3,19.4,9.5,1.0,4.1,曇一時晴,晴時々曇一時雨、雷を伴う
2022/5/3,15.2,20.4,9.3,0,12.3,快晴,快晴
2022/5/4,17.9,25.0,10.8,0,12.4,快晴,薄曇後晴
2022/5/5,19.8,26.3,13.6,0,11.8,薄曇時々晴,薄曇一時晴
2022/5/6,19.5,24.5,15.2,0,7.9,薄曇,薄曇後時々雨
2022/5/7,18.5,22.8,15.4,7.5,0.8,曇時々雨後一時晴,晴後一時曇
2022/5/8,18.3,22.5,16.2,0.0,5.1,曇時々晴,曇時々雨
2022/5/9,14.1,17.3,11.2,8.0,0.0,曇時々雨,雨後時々曇
2022/5/10,16.5,23.0,11.2,0.5,11.4,薄曇一時晴,薄曇
2022/5/11,18.7,24.6,13.0,0,9.9,薄曇後一時晴,曇時々晴
2022/5/12,19.4,25.0,16.3,2.0,1.3,曇後雨,雨
2022/5/13,18.8,20.6,17.3,28.5,0.0,雨,雨時々曇
2022/5/14,21.8,25.6,19.6,9.5,1.8,雨後薄曇,曇
2022/5/15,17.5,19.9,14.7,1.0,0.0,曇,曇時々雨
2022/5/16,14.5,15.6,13.2,7.5,0.0,雨時々曇,曇
2022/5/17,15.7,18.2,13.7,0.5,0.0,曇時々雨,曇後晴
2022/5/18,18.8,24.9,13.4,0,11.8,薄曇,晴時々薄曇
2022/5/19,20.5,26.6,14.2,0,9.2,晴後薄曇,薄曇
2022/5/20,21.2,25.9,16.3,0,5.1,薄曇,曇
2022/5/21,18.2,20.7,15.0,39.5,0.0,曇時々大雨,雨時々曇
2022/5/22,19.0,25.9,14.0,1.5,5.4,曇時々晴,曇時々雨、雷を伴う
2022/5/23,19.6,26.1,16.0,0.5,6.7,晴一時曇,曇
2022/5/24,20.9,26.2,16.5,0,10.8,晴一時曇,晴
2022/5/25,21.8,27.0,18.0,0,8.8,薄曇一時晴,晴
2022/5/26,21.6,26.2,17.2,0.0,8.3,薄曇,曇一時雨
2022/5/27,21.0,24.6,19.2,59.5,1.2,大雨後曇,曇後晴
2022/5/28,22.4,27.7,16.8,0,10.1,晴,薄曇時々晴
2022/5/29,24.1,31.2,16.6,0,13.3,快晴,晴
2022/5/30,22.3,27.8,18.8,0,11.4,晴後一時曇,曇後雨
2022/5/31,18.7,20.4,16.6,19.0,0.2,曇時々雨,曇
2022/6/1,21.8,27.1,17.3,0.0,8.2,薄曇,晴時々曇
2022/6/2,22.5,28.1,17.6,0,10.2,晴,晴一時薄曇
2022/6/3,20.6,27.2,17.3,5.0,5.1,薄曇後時々雨、雷を伴う,晴時々曇
2022/6/4,20.3,25.6,15.8,0,10.5,晴一時薄曇,曇一時晴
2022/6/5,21.5,26.2,18.2,0.0,4.2,曇,雨時々曇
2022/6/6,16.6,18.4,15.7,43.5,0.0,大雨,雨後時々曇
2022/6/7,16.8,19.8,15.3,3.5,0.2,曇時々雨,曇時々雨
2022/6/8,17.2,20.5,14.7,0.0,0.8,曇,曇時々雨一時霧雨
2022/6/9,19.1,24.7,15.9,0.0,4.8,曇時々雨後晴,曇
2022/6/10,21.2,25.2,18.0,0.0,1.7,曇一時晴,曇時々晴
2022/6/11,21.9,25.4,19.4,0.5,0.2,曇,雨後一時曇
2022/6/12,21.4,26.6,18.0,0.5,5.6,曇時々晴一時雨,晴後一時薄曇
2022/6/13,21.2,27.4,17.0,0,9.5,薄曇一時晴,曇
2022/6/14,17.3,18.6,15.4,0.5,0.0,曇後時々雨,雨後一時曇
2022/6/15,16.9,18.7,15.1,3.0,0.0,雨時々曇一時霧雨,曇
2022/6/16,20.3,24.1,17.3,0,0.1,曇,薄曇
2022/6/17,22.8,28.0,19.1,0,4.0,曇後一時晴,薄曇
2022/6/18,22.7,25.9,19.9,2.5,0.0,薄曇,雨後晴一時薄曇
2022/6/19,24.0,28.9,19.5,0,12.1,薄曇時々晴,薄曇
2022/6/20,25.1,30.3,21.4,0,5.1,薄曇,薄曇後一時晴
2022/6/21,25.2,30.1,22.2,0.5,2.6,薄曇後一時雨,雨
2022/6/22,23.8,28.6,21.4,4.5,0.6,曇一時雨,曇一時雨
2022/6/23,23.5,26.2,21.6,0.0,0.1,曇,曇
2022/6/24,27.5,32.6,22.9,0,7.7,薄曇後一時晴,晴一時薄曇
2022/6/25,30.0,35.4,25.9,0,12.4,快晴,晴
2022/6/26,29.6,36.2,25.7,0,11.4,晴,晴
2022/6/27,29.5,35.7,24.1,0,11.8,晴時々薄曇,晴時々薄曇
2022/6/28,29.2,35.1,24.8,0,13.0,晴,薄曇一時晴
2022/6/29,29.4,35.4,25.3,0,12.5,薄曇,晴時々薄曇
2022/6/30,30.8,36.4,25.3,0,13.2,薄曇後晴,晴
2022/7/1,30.4,37.0,25.4,0,11.5,晴,晴
2022/7/2,29.5,35.2,25.4,0,10.6,晴一時薄曇,晴時々薄曇
2022/7/3,28.9,35.3,25.2,0.0,2.7,曇時々雨,曇
2022/7/4,26.5,29.3,24.4,3.5,0.1,雨時々曇,曇時々晴
2022/7/5,26.2,32.1,23.9,2.0,3.5,曇後時々雨,雨時々曇
2022/7/6,26.0,31.1,23.6,0.0,1.0,曇,曇
2022/7/7,25.5,31.4,23.1,0.0,3.3,曇後時々晴,晴後一時曇
2022/7/8,26.0,31.0,22.4,0,5.1,曇後晴,曇時々晴
2022/7/9,26.6,32.0,21.8,0,10.8,薄曇後一時晴,曇後一時雨
2022/7/10,27.4,31.8,24.3,0.0,7.3,曇時々雨後晴,曇時々晴
2022/7/11,28.1,34.4,24.9,0,7.3,薄曇時々晴,曇
2022/7/12,25.9,28.5,22.7,32.0,0.0,曇一時雨,大雨
2022/7/13,23.7,25.2,22.6,53.0,0.0,雨時々曇,曇時々雨
2022/7/14,23.8,26.9,22.8,22.5,0.1,雨時々曇,雨時々曇
2022/7/15,23.8,25.3,23.0,61.5,0.0,大雨時々曇,雨時々曇
2022/7/16,23.5,24.7,22.6,9.0,0.0,雨時々霧雨一時曇,雨時々曇
2022/7/17,25.4,29.8,22.1,1.5,5.5,曇一時晴,晴時々曇
2022/7/18,27.5,32.2,23.1,0.0,7.3,薄曇一時晴,曇
2022/7/19,27.4,31.6,25.6,0.0,0.4,雨時々曇,曇一時晴
2022/7/20,29.7,34.5,24.8,0.0,8.1,薄曇,曇時々晴
2022/7/21,28.1,32.8,25.0,0.0,6.3,薄曇後一時雨,曇一時雨
2022/7/22,28.3,32.8,26.1,1.5,7.2,曇時々晴一時雨,晴後一時曇
2022/7/23,28.7,33.6,25.1,0,8.1,晴,晴時々曇
2022/7/24,28.3,32.8,24.9,0,9.3,晴時々曇,晴時々薄曇
2022/7/25,29.2,33.5,25.5,0.0,11.2,晴時々薄曇,曇時々雨
2022/7/26,26.6,29.1,24.9,45.5,0.6,大雨時々曇,曇
2022/7/27,29.4,33.6,26.2,0,10.7,曇時々晴,晴
2022/7/28,28.8,32.9,25.5,1.0,8.3,晴時々薄曇,曇一時雨
2022/7/29,29.1,33.9,24.6,0,11.7,晴一時曇,晴後一時曇
2022/7/30,29.9,34.5,26.5,0,8.9,晴,晴
2022/7/31,30.8,35.0,27.2,0,9.5,晴,晴時々薄曇
2022/8/1,30.6,35.9,27.1,0.0,10.6,薄曇時々晴,曇
2022/8/2,31.6,35.9,27.6,0.0,10.7,薄曇一時晴,薄曇後晴
2022/8/3,31.5,36.1,28.2,0.0,8.3,曇時々晴一時雨、雷を伴う,曇後一時雨、雷を伴う
2022/8/4,24.6,29.7,22.2,18.0,0.0,曇時々雨、雷を伴う,曇時々雨、雷を伴う
2022/8/5,23.8,27.7,21.6,0.0,0.2,曇,曇
2022/8/6,25.2,28.8,22.3,0,2.3,曇,曇
2022/8/7,27.6,33.0,24.4,0.0,2.5,曇,晴
2022/8/8,29.8,33.9,26.2,0,9.2,晴,薄曇一時晴
2022/8/9,30.9,35.7,27.7,0,11.9,薄曇後晴,晴
2022/8/10,30.5,35.3,27.5,0,12.1,晴,薄曇後晴
2022/8/11,29.5,34.3,26.8,0,10.1,晴時々薄曇,晴後時々曇
2022/8/12,28.3,32.0,25.3,2.0,3.8,曇時々雨一時晴,雨時々曇
2022/8/13,25.5,28.6,23.8,47.5,0.2,雨一時曇、雷を伴う,晴時々雨一時曇
2022/8/14,28.2,33.3,23.7,0.0,4.4,曇,晴時々薄曇
2022/8/15,29.4,34.0,25.9,0,7.0,薄曇,晴時々薄曇
2022/8/16,31.0,36.4,27.9,0.0,7.7,薄曇,曇一時雨
2022/8/17,27.3,32.3,23.4,5.0,1.0,雨時々曇一時晴,曇時々雨
2022/8/18,26.8,31.1,23.7,13.0,3.8,雨後晴一時曇,晴
2022/8/19,27.5,32.5,22.7,0,10.6,晴,晴後時々薄曇
2022/8/20,26.4,31.2,23.8,1.5,3.3,曇後時々雨,雨時々曇
2022/8/21,26.0,29.0,23.8,1.0,1.1,曇一時雨,曇後一時雨
2022/8/22,26.2,29.5,23.6,0.0,0.4,曇,曇
2022/8/23,28.7,33.5,24.7,0,6.1,曇後一時晴,晴時々曇
2022/8/24,27.8,32.7,22.6,2.0,3.8,曇時々雨一時晴,曇時々雨
2022/8/25,25.7,29.3,23.0,0.0,0.4,曇,曇
2022/8/26,27.0,31.3,24.2,3.5,0.4,曇後一時雨,曇後一時雨
2022/8/27,29.0,33.9,26.5,0.0,8.1,晴一時曇,晴後曇
2022/8/28,23.7,28.1,21.4,5.0,0.2,雨時々曇一時晴,曇後一時晴
2022/8/29,23.3,28.0,18.6,0.5,4.4,曇時々晴一時雨,曇一時雨
2022/8/30,22.8,26.2,20.2,5.0,0.0,曇時々雨,霧雨時々曇一時雨
2022/8/31,27.1,32.5,22.3,1.0,5.8,曇後一時晴,晴後曇時々雨
2022/9/1,27.1,32.7,23.6,23.0,2.3,曇時々雨一時晴、雷を伴う,曇一時雨、雷を伴う
2022/9/2,23.2,25.1,21.4,15.0,0.0,雨一時曇,曇一時雨
2022/9/3,24.6,29.1,21.5,0.0,2.1,曇後一時晴,晴後曇
2022/9/4,26.1,31.8,23.1,0.0,4.6,晴時々曇,曇一時晴
2022/9/5,26.6,31.3,23.9,0,5.9,曇後晴,曇時々晴後一時雨
2022/9/6,27.8,32.0,23.9,0.0,6.6,晴後一時曇,曇時々晴
2022/9/7,26.8,30.0,24.4,6.0,0.5,曇時々雨,雨時々曇、雷を伴う
2022/9/8,23.5,26.0,21.4,1.0,0.0,曇時々雨,曇時々雨
2022/9/9,24.5,28.8,21.6,0.5,2.8,曇一時雨,曇一時晴
2022/9/10,25.3,30.6,22.0,0,10.1,晴一時曇,晴後曇
2022/9/11,24.4,28.3,21.3,0.0,1.1,曇,曇後一時晴
2022/9/12,25.8,30.9,22.3,1.5,9.7,薄曇時々晴,曇時々雨
2022/9/13,26.1,31.2,22.0,0.0,4.5,曇,晴時々薄曇
2022/9/14,26.7,32.3,22.9,0,8.7,薄曇時々晴,曇時々晴
2022/9/15,23.6,27.1,20.9,0,0.3,曇,晴時々曇
2022/9/16,25.1,31.1,19.5,0,10.2,晴,曇時々晴
2022/9/17,26.9,31.1,22.8,0.0,7.3,薄曇,曇一時雨
2022/9/18,25.2,26.7,23.7,72.5,0.0,大雨時々曇、雷を伴う,曇一時雨
2022/9/19,27.1,30.8,24.7,18.5,2.4,曇時々雨,曇時々雨
2022/9/20,22.3,27.8,17.0,50.0,0.0,大雨,雨時々曇
2022/9/21,19.5,24.2,16.5,0.0,3.4,曇一時晴,曇
2022/9/22,20.3,24.9,17.2,0.0,3.8,曇後一時雨,雨時々曇
2022/9/23,21.7,25.1,19.0,9.5,0.0,曇時々雨,大雨時々曇
2022/9/24,23.1,25.8,20.5,112.5,0.2,大雨時々曇、雷を伴う,曇時々雨一時晴
2022/9/25,22.9,27.6,20.1,0,9.4,晴一時曇,晴一時曇
2022/9/26,23.3,29.1,18.5,0,11.4,快晴,快晴
2022/9/27,23.2,29.0,19.4,0,7.4,晴後曇,薄曇後一時晴
2022/9/28,22.8,27.5,18.7,0.0,9.5,晴,曇一時雨
2022/9/29,22.4,26.7,20.3,0.0,1.9,曇,曇時々雨
2022/9/30,23.2,28.3,19.2,0.0,8.4,晴,晴
2022/10/1,23.6,29.2,19.8,0.0,9.1,晴,晴後一時薄曇
2022/10/2,23.5,29.6,18.9,0,10.4,快晴,曇時々晴
2022/10/3,23.0,27.6,20.1,0,1.7,曇,晴
2022/10/4,25.2,29.5,20.5,0.0,8.8,晴時々薄曇,晴時々薄曇
2022/10/5,19.8,25.2,14.3,14.0,0.0,雨一時曇,雨時々曇
2022/10/6,13.1,15.0,11.4,9.0,0.0,雨後一時曇,曇
2022/10/7,12.4,13.3,11.3,53.0,0.0,大雨,曇時々雨
2022/10/8,16.1,20.9,12.1,0.0,1.4,曇,曇時々晴
2022/10/9,17.0,21.1,14.3,7.5,1.4,曇後一時雨,雨
2022/10/10,18.1,22.8,14.7,9.0,0.4,曇後一時晴,薄曇
2022/10/11,21.6,25.8,17.6,0,6.4,薄曇,曇
2022/10/12,18.5,20.0,17.4,0.0,0.0,曇時々雨,雨時々曇
2022/10/13,15.8,17.9,14.9,9.5,0.0,雨時々曇,雨一時曇
2022/10/14,17.9,20.5,14.9,5.0,0.0,曇時々雨,曇後一時霧雨
2022/10/15,20.2,24.7,17.5,0.0,1.8,曇一時雨,晴一時曇
2022/10/16,20.0,25.5,16.1,0.0,1.0,曇後一時晴,曇
2022/10/17,20.1,21.9,18.7,1.5,0.0,曇時々雨,雨一時曇
2022/10/18,16.2,18.8,13.0,4.0,0.4,曇,雨時々曇
2022/10/19,14.6,18.8,11.4,1.5,1.9,曇時々晴,晴
2022/10/20,14.7,20.7,9.7,0,10.2,快晴,快晴
2022/10/21,16.7,23.2,10.9,0,9.9,晴,曇
2022/10/22,16.6,20.8,14.1,0,0.3,曇,曇時々晴
2022/10/23,18.2,23.8,13.1,0,9.0,晴後時々薄曇,曇時々晴一時雨
2022/10/24,13.3,17.2,11.9,0.0,0.1,曇時々雨,曇時々雨
2022/10/25,12.8,14.4,10.2,1.0,0.1,曇,曇時々雨
2022/10/26,13.8,18.9,9.5,3.0,9.6,快晴,快晴
2022/10/27,12.8,17.7,8.5,0,6.1,曇時々晴,薄曇時々晴
2022/10/28,13.5,19.2,9.9,0,3.7,曇後晴,快晴
2022/10/29,15.8,22.0,10.8,0,8.3,晴,晴一時曇
2022/10/30,13.8,19.2,10.2,0,7.7,晴時々薄曇,快晴
2022/10/31,14.7,20.1,10.3,0,9.7,快晴,晴後薄曇
2022/11/1,14.8,17.6,12.1,0.0,0.1,曇,曇時々雨後晴
2022/11/2,16.7,22.8,11.6,0.0,9.5,快晴,晴
2022/11/3,17.8,24.3,12.8,0,8.6,晴,晴一時曇
2022/11/4,15.5,21.0,11.9,0.0,5.7,晴後時々曇,曇一時雨
2022/11/5,14.0,17.3,11.7,0.0,2.2,曇時々晴,晴一時曇
2022/11/6,13.5,18.4,10.0,0,8.8,晴,晴一時薄曇
2022/11/7,13.7,18.2,9.6,0,4.6,曇時々晴,晴時々曇
2022/11/8,15.9,22.2,11.0,0,9.3,快晴,快晴
2022/11/9,14.6,19.2,10.4,0,6.5,晴一時曇,晴
2022/11/10,15.2,21.8,9.9,0,7.7,晴後曇,快晴
2022/11/11,16.1,21.6,10.4,0,9.1,快晴,晴一時曇
2022/11/12,16.6,21.8,13.1,0,8.1,晴一時曇,快晴
2022/11/13,18.0,24.1,13.0,0.5,4.0,薄曇時々雨一時晴,晴時々曇一時雨
2022/11/14,16.1,18.8,14.2,0.0,5.4,晴時々曇一時雨,雨時々曇
2022/11/15,11.1,14.4,9.4,6.0,0.0,雨後一時晴,晴
2022/11/16,12.4,17.3,8.3,0,9.1,快晴,晴一時曇
2022/11/17,12.8,17.7,7.7,0,6.5,曇一時晴,薄曇後晴
2022/11/18,13.2,17.9,9.2,0,8.8,晴,晴一時曇
2022/11/19,13.7,18.5,8.9,0,8.7,晴後時々薄曇,曇一時晴
2022/11/20,11.6,13.7,10.3,6.0,0.0,曇後雨,雨後曇
2022/11/21,13.4,17.8,10.8,3.0,4.3,雨時々曇後晴,晴一時薄曇
2022/11/22,15.4,20.4,10.1,0.0,7.2,晴後薄曇,曇後時々雨
2022/11/23,11.7,15.3,10.3,42.0,0.0,雨,雨時々曇後晴
2022/11/24,15.3,20.9,9.5,0.5,7.4,晴後薄曇,曇後晴一時雨
2022/11/25,13.5,17.8,10.5,0.5,9.1,快晴,晴後曇一時雨
2022/11/26,12.7,16.6,10.5,1.0,0.8,曇一時雨,晴一時曇
2022/11/27,14.4,19.2,10.8,0,9.0,快晴,曇時々晴
2022/11/28,11.7,14.3,8.4,0.0,0.1,曇,曇一時晴
2022/11/29,16.7,21.3,11.6,10.5,0.0,曇時々雨,大雨時々曇
2022/11/30,16.6,20.6,13.4,32.5,0.3,曇,曇
2022/12/1,10.1,13.6,8.4,0.5,0.0,雨時々曇,曇
2022/12/2,9.4,13.3,6.1,0,2.0,曇時々晴,晴時々曇
2022/12/3,7.8,11.7,5.4,0,2.3,曇後一時晴,晴
2022/12/4,10.2,15.9,4.9,0,4.4,晴後曇,曇一時雨
2022/12/5,7.6,10.3,5.2,19.5,0.0,雨時々曇,雨
2022/12/6,6.1,8.6,4.1,9.5,0.1,雨後曇,晴
2022/12/7,8.5,14.2,3.6,0,8.0,晴一時薄曇,晴一時薄曇
2022/12/8,9.3,14.9,4.3,0,8.8,快晴,晴時々薄曇
2022/12/9,9.3,13.8,5.0,0,5.7,晴一時曇,晴時々薄曇
2022/12/10,10.4,15.8,5.0,0,8.8,晴,晴時々薄曇
2022/12/11,9.5,15.2,6.4,0.0,4.3,薄曇時々雨一時晴,曇時々雨一時晴
2022/12/12,8.2,11.8,5.8,0,8.5,晴,晴後雨時々曇
2022/12/13,7.2,10.1,5.3,3.5,1.8,雨時々曇後晴,快晴
2022/12/14,9.2,15.4,4.9,0,8.5,晴,晴
2022/12/15,7.0,12.4,3.0,0,7.6,晴一時曇,快晴
2022/12/16,8.2,14.1,2.3,0,8.9,快晴,晴後曇
2022/12/17,6.7,10.1,4.5,3.5,0.7,曇,雨時々曇
2022/12/18,6.5,11.3,2.8,2.5,6.4,晴一時雨,快晴
2022/12/19,4.9,10.1,0.0,0,9.0,快晴,快晴
2022/12/20,5.4,10.9,0.8,0,9.0,快晴,晴後曇
2022/12/21,6.5,9.9,2.8,0.0,3.2,曇後一時晴,曇時々雨
2022/12/22,7.2,10.7,4.1,17.5,1.0,雨後晴時々曇,晴
2022/12/23,5.4,8.4,2.2,0,9.0,快晴,快晴
2022/12/24,6.2,11.5,-0.1,0,8.9,快晴,快晴
2022/12/25,6.9,13.1,1.8,0,8.8,晴,晴
2022/12/26,6.3,11.4,1.8,0,8.9,晴時々薄曇,快晴
2022/12/27,6.8,12.3,2.0,0,8.9,快晴,晴後一時曇
2022/12/28,6.5,11.9,2.8,0,6.5,晴時々曇,快晴
2022/12/29,8.1,13.7,2.9,0,8.7,快晴,晴
2022/12/30,6.6,11.8,2.8,0,4.2,曇後晴,晴後一時曇
2022/12/31,5.7,10.5,3.1,0,2.8,曇後晴,快晴
2023/1/1,6.6,13.0,0.9,0,8.8,快晴,快晴
2023/1/2,6.2,12.1,2.0,0,6.3,晴,晴一時曇
2023/1/3,5.8,11.0,0.5,0,8.9,快晴,快晴
2023/1/4,5.6,11.0,1.3,0,8.4,晴,快晴
2023/1/5,5.9,10.6,2.6,0,8.8,快晴,晴
2023/1/6,5.3,9.9,0.0,0,7.8,薄曇時々晴,曇
2023/1/7,6.0,10.4,3.0,0,8.8,晴,晴
2023/1/8,7.0,12.5,1.6,0,8.8,快晴,晴時々曇
2023/1/9,8.0,13.9,2.4,0,8.8,快晴,晴
2023/1/10,6.3,9.9,2.8,0,8.9,快晴,快晴
2023/1/11,5.4,10.7,1.5,0,6.9,晴一時曇,快晴
2023/1/12,6.1,12.6,1.3,0,8.7,晴時々薄曇,快晴
2023/1/13,8.7,14.0,3.1,0.0,6.0,晴後薄曇,曇時々雨後晴
2023/1/14,9.5,14.2,7.1,1.5,0.0,曇時々雨,曇
2023/1/15,10.3,12.0,7.6,3.0,0.0,曇後雨,雨後一時曇
2023/1/16,6.3,7.7,3.6,8.0,0.0,雨一時曇,曇後晴
2023/1/17,4.7,7.6,2.1,1.5,2.0,曇一時晴,曇時々雨
2023/1/18,7.3,12.4,3.8,0.0,5.3,曇時々晴,晴時々曇
2023/1/19,6.3,9.1,2.7,0.0,2.9,晴後曇,曇時々雨
2023/1/20,7.6,12.3,3.9,0.5,8.8,晴,快晴
2023/1/21,5.6,9.0,3.2,0,9.0,晴一時薄曇,曇一時晴
2023/1/22,4.9,8.9,1.7,0,5.2,薄曇一時晴,薄曇後一時雨
2023/1/23,4.5,6.1,2.8,0.5,0.1,雨後曇,曇
2023/1/24,4.7,11.8,-0.8,0.5,5.1,薄曇時々雨後一時晴,曇後晴
2023/1/25,-0.3,3.7,-2.9,0,9.2,晴,快晴
2023/1/26,3.0,8.5,-3.4,0,8.8,晴後一時薄曇,曇一時晴
2023/1/27,3.8,6.6,1.5,0.0,1.0,曇後一時雨,曇時々雨後晴
2023/1/28,3.7,8.3,0.4,0,7.8,晴後一時曇,晴
2023/1/29,3.4,8.8,-1.6,0,9.2,快晴,快晴
2023/1/30,4.2,10.0,-0.7,0,7.3,晴後一時曇,晴
2023/1/31,4.6,9.0,1.3,0,7.4,晴後時々曇,晴時々曇
2023/2/1,6.8,13.1,-0.7,0,8.7,晴一時薄曇,晴後一時薄曇
2023/2/2,6.4,9.2,4.7,0,3.6,薄曇一時晴,曇
2023/2/3,4.8,6.2,3.2,0,0.1,曇,曇時々晴
2023/2/4,6.5,11.2,2.2,0,6.2,晴時々曇,快晴
2023/2/5,6.8,12.0,1.4,0,9.3,晴,快晴
2023/2/6,7.8,13.6,3.2,0,8.1,晴後薄曇,薄曇一時晴
2023/2/7,10.5,15.4,6.7,0.0,4.0,曇,曇
2023/2/8,8.7,11.7,5.6,0.0,1.8,曇,晴一時雨
2023/2/9,6.2,10.6,2.3,0,9.6,晴後一時薄曇,晴後曇
2023/2/10,1.9,3.5,0.0,27.5,0.0,雪一時みぞれ後雨,雨一時曇後晴
2023/2/11,8.7,14.1,2.6,0,9.5,晴,曇
2023/2/12,11.0,16.9,4.9,0,6.6,薄曇時々晴,曇後時々雨
2023/2/13,7.7,10.3,4.9,10.5,0.0,雨一時曇,曇時々晴一時雨
2023/2/14,5.6,10.7,3.3,0,3.0,曇時々晴,曇一時晴
2023/2/15,3.5,7.8,0.8,0,6.2,晴一時曇,晴
2023/2/16,4.1,9.6,-0.7,0.0,9.9,快晴,晴時々曇
2023/2/17,5.7,10.8,0.8,0,9.7,晴,快晴
2023/2/18,8.9,15.0,1.8,0,9.4,晴,曇一時晴
2023/2/19,11.8,18.5,6.9,0,1.1,曇,薄曇
2023/2/20,9.7,14.7,4.7,0.0,8.8,晴後一時雨,曇時々晴
2023/2/21,4.7,9.2,2.2,0,10.1,快晴,快晴
2023/2/22,5.5,10.4,0.2,0.0,10.2,快晴,曇時々晴後一時雨
2023/2/23,8.5,14.4,4.6,0.0,5.9,曇後晴,晴後薄曇
2023/2/24,8.9,12.1,6.0,2.5,0.0,曇後一時雨,雨一時曇後晴
2023/2/25,7.5,12.7,4.0,0.0,4.6,曇時々晴,曇後晴
2023/2/26,6.0,10.7,1.9,0,10.7,快晴,快晴
2023/2/27,8.7,15.0,3.0,0,10.7,快晴,快晴
2023/2/28,11.6,19.4,3.1,0,10.8,快晴,晴時々薄曇
2023/3/1,13.8,19.4,7.3,0,6.5,曇,曇時々晴
2023/3/2,12.8,20.0,6.1,0.0,4.1,晴時々曇一時雨,晴時々曇
2023/3/3,7.8,13.4,3.6,0,6.4,曇後晴,晴一時曇
2023/3/4,10.5,17.4,5.0,0,9.8,晴後薄曇,曇
2023/3/5,9.5,13.1,6.9,0.0,1.7,曇,雨
2023/3/6,9.9,15.0,6.8,1.0,3.7,曇時々晴一時雨,快晴
2023/3/7,12.1,18.8,6.5,0,10.4,快晴,快晴
2023/3/8,14.0,21.3,7.2,0,10.5,快晴,晴時々薄曇
2023/3/9,15.9,22.2,9.4,0,9.6,晴後薄曇,薄曇後一時雨
2023/3/10,17.3,22.9,12.5,1.0,7.2,晴一時雨,快晴
2023/3/11,14.7,20.8,9.0,0,10.4,快晴,快晴
2023/3/12,14.5,18.8,9.7,0,5.5,曇,曇後一時晴
2023/3/13,13.9,16.7,9.7,9.0,0.6,曇時々雨,曇
2023/3/14,10.0,14.6,7.1,0.0,6.4,晴時々曇一時雨,晴後時々曇
2023/3/15,12.3,17.9,6.8,0,9.9,晴,晴一時曇
2023/3/16,14.5,20.9,8.5,0,10.7,薄曇時々晴,薄曇後晴
2023/3/17,12.5,15.1,9.5,0.0,0.0,曇,雨
2023/3/18,8.1,9.5,6.9,32.0,0.0,雨,曇時々晴一時雨
2023/3/19,10.0,15.5,4.4,0.0,11.1,快晴,快晴
2023/3/20,13.1,19.2,6.1,0,11.1,晴後一時薄曇,曇後晴
2023/3/21,14.7,18.5,10.8,0,0.9,曇,薄曇後一時晴
2023/3/22,17.2,23.8,12.4,0,7.9,晴,晴後曇
2023/3/23,16.5,19.7,13.9,14.5,0.0,雨時々曇,雨後曇一時晴
2023/3/24,18.1,25.0,13.8,15.5,1.6,曇時々雨,雨一時曇
2023/3/25,11.0,14.1,9.4,26.0,0.0,雨後時々曇,雨一時曇
2023/3/26,11.4,12.5,10.4,27.0,0.0,雨,曇一時雨
2023/3/27,13.4,16.9,11.2,0.0,2.3,曇,曇後雨
2023/3/28,10.2,13.4,7.5,3.0,1.7,雨後曇時々晴,曇一時晴
2023/3/29,12.6,18.6,8.3,15.5,3.7,晴時々曇,曇時々雨、雷を伴う
2023/3/30,14.1,19.7,10.1,0.5,5.8,晴時々薄曇,晴時々薄曇
2023/3/31,15.0,20.1,10.4,0,4.6,薄曇後一時晴,快晴
2023/4/1,16.0,23.3,10.3,0,10.6,快晴,曇一時雨
2023/4/2,14.1,19.0,11.1,0.0,2.0,曇,曇後一時晴
2023/4/3,12.8,18.4,9.5,0,8.4,晴一時曇,快晴
2023/4/4,14.0,21.0,7.7,0,10.5,晴一時薄曇,晴一時薄曇
2023/4/5,16.1,21.8,9.8,0,6.3,薄曇,曇
2023/4/6,18.8,23.4,16.3,0.0,3.5,曇時々雨後晴,晴後曇一時雨
2023/4/7,18.5,21.3,17.0,11.5,0.2,雨時々曇,雨後曇一時晴
2023/4/8,14.6,21.1,9.1,3.5,2.6,晴後雨時々曇,晴一時曇
2023/4/9,11.8,17.7,6.6,0,12.0,快晴,快晴
2023/4/10,14.6,21.6,7.4,0,11.9,快晴,快晴
2023/4/11,18.2,25.0,10.9,0,11.4,快晴,曇一時晴
2023/4/12,19.2,24.5,14.3,0.0,5.5,薄曇時々晴,晴時々曇
2023/4/13,16.1,21.3,10.6,0,11.8,晴,快晴
2023/4/14,18.2,22.5,13.2,0,6.1,曇,曇後一時雨
2023/4/15,14.3,18.0,12.8,33.0,0.0,大雨,雨後時々曇
2023/4/16,16.2,24.5,13.0,13.5,4.6,曇時々晴一時雨、雷・ひょうを伴う,晴時々曇一時雨、雷を伴う
2023/4/17,15.1,20.3,10.1,1.0,8.4,晴一時曇,晴後一時曇
2023/4/18,13.6,21.0,9.5,0.0,3.4,曇,曇後晴
2023/4/19,18.0,24.9,10.1,0,9.9,晴後曇,曇
2023/4/20,20.4,26.0,16.5,0,10.6,晴一時曇,晴後時々薄曇
2023/4/21,21.6,26.8,17.9,0.0,9.2,薄曇,曇一時雨
2023/4/22,14.9,18.4,12.4,0,1.0,曇後一時晴,晴一時曇
2023/4/23,14.2,20.5,10.0,0,7.8,曇後晴,曇一時晴
2023/4/24,13.2,16.0,11.0,0,0.0,曇,曇後晴
2023/4/25,14.1,19.1,8.5,0.0,5.6,曇時々晴,曇時々雨
2023/4/26,15.6,19.7,13.4,23.5,0.0,雨,曇一時雨後晴
2023/4/27,17.2,23.8,11.6,0.0,12.5,快晴,快晴
2023/4/28,18.7,24.1,13.7,0,11.7,晴後薄曇,晴一時薄曇
2023/4/29,19.4,23.8,15.3,1.0,9.7,薄曇,雨時々曇
2023/4/30,19.7,22.0,17.0,3.0,0.0,曇時々雨,曇
2023/5/1,17.8,22.5,13.4,1.0,4.3,曇後晴,晴時々曇一時雨
2023/5/2,17.4,23.0,12.7,0.0,12.6,快晴,晴後一時薄曇
2023/5/3,17.8,23.4,11.8,0,10.6,晴時々薄曇,晴
2023/5/4,19.7,25.7,13.8,0,12.4,快晴,晴一時薄曇
2023/5/5,21.1,26.6,15.9,0,11.4,晴時々薄曇,薄曇
2023/5/6,23.0,27.9,19.6,0,8.9,薄曇,薄曇時々雨
2023/5/7,17.6,22.3,12.5,43.5,0.0,大雨,雨
2023/5/8,12.9,16.6,10.3,30.5,0.5,曇時々雨,薄曇
2023/5/9,15.1,20.6,10.1,0,11.7,薄曇時々晴,快晴
2023/5/10,17.7,25.0,11.4,0,11.2,晴後薄曇,薄曇後晴
2023/5/11,15.8,23.4,10.7,9.0,5.9,晴後雨時々曇、雷を伴う,晴時々曇
2023/5/12,17.1,21.9,11.3,0.0,7.9,曇時々晴,曇
2023/5/13,16.7,18.1,15.4,5.0,0.3,雨一時曇,曇後時々雨
2023/5/14,16.9,21.2,14.3,3.0,0.4,曇後一時雨,雨一時曇
2023/5/15,16.1,18.1,14.6,15.5,0.0,雨,薄曇時々雨後晴
2023/5/16,19.9,27.5,13.1,0,13.1,晴後時々薄曇,快晴
2023/5/17,22.8,31.6,15.1,0,12.6,快晴,快晴
2023/5/18,25.4,32.2,18.7,0,11.9,薄曇一時晴,薄曇
2023/5/19,20.6,24.5,17.1,12.0,0.0,曇後雨,雨時々霧雨一時曇
2023/5/20,18.8,22.8,16.4,4.0,0.7,雨後曇時々晴,晴一時曇
2023/5/21,21.1,26.3,16.1,0,6.7,薄曇時々晴,曇後時々晴
2023/5/22,22.5,29.4,16.5,0.0,4.6,曇一時晴,雨時々曇
2023/5/23,13.9,17.2,12.3,14.0,0.0,雨,雨時々曇後晴
2023/5/24,18.2,23.9,11.8,0,13.3,快晴,晴後一時曇
2023/5/25,18.6,23.8,13.6,0,6.8,曇,晴時々薄曇
2023/5/26,20.1,24.9,16.0,0,5.1,薄曇,薄曇後一時晴
2023/5/27,21.2,26.7,16.5,0,12.5,薄曇,薄曇時々晴
2023/5/28,21.6,25.8,17.8,0.0,6.1,曇,雨一時曇
2023/5/29,19.8,21.3,18.8,18.5,0.0,雨一時曇,雨時々曇
2023/5/30,21.4,26.3,18.6,0.0,3.1,曇一時雨後時々晴,曇後時々雨
2023/5/31,19.3,22.2,16.0,3.0,1.3,曇一時雨後一時晴,晴一時曇
2023/6/1,20.8,26.2,15.3,0.0,8.1,曇,曇後大雨
2023/6/2,21.3,23.8,19.7,168.5,0.0,大雨,大雨
2023/6/3,20.0,24.0,17.5,92.5,4.5,雨時々曇後晴,晴一時曇
2023/6/4,21.6,27.5,15.3,0,8.1,晴後曇,薄曇
2023/6/5,23.1,29.8,18.4,0,8.6,薄曇,晴時々薄曇
2023/6/6,20.7,25.1,17.0,3.0,0.8,曇後一時雨,雨
2023/6/7,22.5,29.6,17.0,5.5,9.0,薄曇時々晴一時雨,薄曇後一時晴
2023/6/8,23.1,28.7,18.5,1.0,6.6,薄曇一時晴,雨
2023/6/9,20.2,22.2,18.2,24.0,0.0,雨後曇,曇後時々雨
2023/6/10,22.4,26.0,19.7,0.0,0.6,曇,曇後一時雨
2023/6/11,21.2,22.8,20.1,16.5,0.0,雨一時曇,雨一時霧雨
2023/6/12,21.3,22.5,20.5,12.5,0.0,雨後一時曇,雨時々曇
2023/6/13,23.7,29.4,19.9,1.0,3.6,晴時々曇,曇一時晴後一時雨
2023/6/14,23.6,25.8,21.4,3.5,0.0,曇一時雨,曇時々雨
2023/6/15,21.7,24.1,20.3,6.0,0.0,曇後雨,雨後晴一時曇
2023/6/16,24.6,30.7,19.7,1.5,12.0,晴,晴
2023/6/17,25.4,30.9,18.8,0,13.3,晴,快晴
2023/6/18,25.7,31.1,21.2,0,10.3,薄曇一時晴,晴後時々曇
2023/6/19,23.7,27.7,18.8,0.0,3.9,曇時々晴,曇一時晴
2023/6/20,22.5,27.0,18.9,0.0,5.5,薄曇時々晴,薄曇時々晴
2023/6/21,22.6,27.2,18.7,0.0,5.0,薄曇一時晴,曇
2023/6/22,19.9,22.6,16.7,5.0,0.0,曇時々雨,雨時々曇
2023/6/23,21.1,24.9,16.9,0.5,0.2,曇,曇
2023/6/24,24.7,29.5,21.7,0,5.3,曇一時晴,曇一時晴
2023/6/25,25.8,30.9,22.0,0,11.0,曇後晴,晴時々曇
2023/6/26,25.9,30.4,22.5,0,6.3,薄曇,曇
2023/6/27,25.9,29.6,23.6,0.0,0.6,曇一時雨,曇
2023/6/28,27.1,32.3,23.5,0.0,5.9,曇時々晴,曇時々雨一時晴
2023/6/29,27.3,33.8,23.4,3.0,7.5,晴時々曇,曇時々雨
2023/6/30,26.3,30.5,23.8,3.0,0.8,雨時々曇,雨時々曇
2023/7/1,25.3,27.8,21.5,13.5,0.4,雨時々曇,雨後時々曇
2023/7/2,26.0,31.7,20.7,2.5,11.0,晴時々薄曇,曇
2023/7/3,27.3,32.2,23.6,0,7.9,薄曇一時晴,曇一時雨、雷を伴う
2023/7/4,25.9,30.6,21.3,1.0,6.6,晴一時曇,曇時々晴
2023/7/5,25.2,28.7,22.5,0.0,0.5,曇後一時雨,雨一時曇
2023/7/6,26.4,33.4,22.0,13.0,5.6,曇時々晴一時雨,晴時々薄曇
2023/7/7,28.4,34.2,23.8,0,10.6,薄曇時々晴,曇後一時雨
2023/7/8,27.8,30.9,25.2,0.0,0.2,曇時々雨,曇時々晴
2023/7/9,28.6,33.0,25.1,0.0,2.7,曇一時晴後一時雨,晴一時薄曇
2023/7/10,30.2,36.5,25.7,0,11.4,晴,晴
2023/7/11,29.4,34.3,25.3,0,12.4,晴,快晴
2023/7/12,30.8,37.5,25.1,0.0,11.1,晴一時曇,曇一時雨
2023/7/13,28.0,30.3,24.2,0.0,0.1,曇時々雨,曇時々雨
2023/7/14,27.4,30.5,24.8,0.0,0.5,曇一時雨,曇
2023/7/15,28.8,32.9,26.5,0.0,1.2,曇,曇一時晴
2023/7/16,30.2,35.3,26.7,0,12.1,晴時々薄曇,晴
2023/7/17,31.3,36.2,26.9,0,13.1,快晴,快晴
2023/7/18,31.8,37.5,27.3,0,11.2,晴時々薄曇,晴時々薄曇
2023/7/19,29.7,33.9,26.4,0.0,5.0,曇時々晴,曇時々晴
2023/7/20,28.1,32.6,25.1,0,3.7,曇時々晴,曇時々晴
2023/7/21,27.2,31.6,24.0,0.0,5.0,曇時々晴,曇時々晴
2023/7/22,27.2,33.4,24.1,0,5.8,晴時々曇,晴一時曇
2023/7/23,27.7,33.4,22.5,0,12.6,晴,晴後薄曇
2023/7/24,28.5,35.7,23.5,0,13.1,薄曇後晴,快晴
2023/7/25,29.8,36.6,24.2,0,13.2,晴一時薄曇,晴
2023/7/26,31.0,37.7,25.6,0,13.0,晴,晴後一時曇
2023/7/27,30.6,36.9,26.4,0,11.0,晴一時曇,晴時々曇
2023/7/28,30.4,36.2,26.7,0,12.4,晴,快晴
2023/7/29,30.0,35.7,25.8,0,13.3,晴,快晴
2023/7/30,30.3,36.6,25.7,0,13.1,快晴,快晴
2023/7/31,30.7,36.1,27.5,0,10.6,晴後一時曇,曇後時々雨、雷を伴う
2023/8/1,26.0,33.2,22.2,12.5,1.4,曇後時々雨、雷を伴う,曇後時々晴
2023/8/2,28.9,34.7,24.0,0,11.1,晴一時曇,晴
2023/8/3,30.2,35.0,26.3,0,11.4,晴,快晴
2023/8/4,31.3,36.7,26.8,0,12.5,晴後一時曇,晴一時曇
2023/8/5,30.4,35.9,27.7,0,11.0,晴,晴
2023/8/6,28.6,34.8,26.3,4.0,7.0,晴後時々曇一時雨,曇後一時晴
2023/8/7,29.4,34.9,25.9,0.0,7.5,晴時々曇,晴時々曇
2023/8/8,30.1,35.9,26.7,1.0,6.4,晴時々薄曇,曇一時雨
2023/8/9,28.2,31.8,26.5,8.0,1.8,曇時々雨、雷を伴う,晴時々薄曇一時雨
2023/8/10,29.5,34.4,26.3,0.0,9.4,晴,晴時々曇
2023/8/11,29.5,35.0,26.2,0.0,8.1,晴時々曇,晴時々曇
2023/8/12,29.7,35.5,26.2,0,8.2,晴一時曇,晴後曇時々雨
2023/8/13,27.4,32.9,25.8,48.5,1.5,大雨時々曇,曇時々雨一時晴
2023/8/14,28.6,32.9,26.1,22.5,5.5,曇時々晴一時雨,曇時々雨一時晴
2023/8/15,28.6,32.8,25.7,14.5,5.1,曇一時晴,曇時々雨一時晴
2023/8/16,28.1,32.2,25.5,4.5,3.9,曇時々雨一時晴,曇後時々晴
2023/8/17,29.9,34.5,26.8,0,8.0,晴一時曇,晴
2023/8/18,30.0,34.6,26.7,0,11.0,晴,晴
2023/8/19,30.3,35.7,26.2,0.0,9.3,晴,曇後時々晴
2023/8/20,30.3,35.3,27.2,0,9.0,晴一時曇,晴後一時曇
2023/8/21,29.8,34.8,26.3,0.0,7.0,晴時々薄曇,晴時々曇
2023/8/22,28.6,32.1,26.6,10.5,2.2,晴時々雨一時曇、雷を伴う,曇一時晴後一時雨
2023/8/23,29.4,34.1,26.1,2.0,7.8,晴時々曇,曇時々晴
2023/8/24,29.5,34.1,27.2,0.0,6.4,晴一時曇,晴
2023/8/25,29.6,34.4,26.5,0,9.4,晴,晴
2023/8/26,28.1,33.4,25.5,3.5,3.7,晴後一時雨,晴後一時曇
2023/8/27,28.0,32.4,25.5,1.0,4.5,曇時々晴一時雨,曇一時晴
2023/8/28,29.2,34.6,25.3,0,3.9,薄曇,晴時々薄曇
2023/8/29,29.4,35.0,26.1,0,9.5,晴時々曇,晴
2023/8/30,29.6,34.6,25.7,0,10.3,薄曇一時晴,薄曇後一時晴
2023/8/31,29.0,34.1,26.0,0,8.5,薄曇,薄曇後晴
2023/9/1,29.2,33.4,25.8,0,11.6,晴,晴
2023/9/2,29.6,34.9,26.1,0,10.1,薄曇時々晴,薄曇後晴
2023/9/3,29.1,34.6,26.0,3.5,8.5,薄曇,雨時々曇
2023/9/4,26.1,30.3,24.5,34.0,0.3,雨時々曇,曇時々晴一時雨
2023/9/5,29.3,34.8,25.2,0,10.9,晴,曇時々晴
2023/9/6,27.5,33.4,23.9,0.5,2.7,曇一時雨,曇一時雨
2023/9/7,27.0,30.0,24.3,0.5,1.0,曇,雨一時曇
2023/9/8,21.9,25.2,19.7,107.5,0.0,大雨,雨後一時曇
2023/9/9,24.8,29.6,21.7,1.0,,曇一時雨,快晴
2023/9/10,27.8,33.0,23.6,0,,晴後一時曇,曇一時晴
2023/9/11,28.1,32.9,25.0,0,1.2,曇一時晴,晴後一時曇
2023/9/12,27.7,32.0,23.8,0,8.8,晴,晴一時曇
2023/9/13,28.0,33.4,23.3,0.0,11.7,晴,晴一時曇
2023/9/14,28.2,32.7,25.1,0,6.0,晴,晴一時薄曇
2023/9/15,27.4,32.8,25.3,10.5,3.7,曇一時晴後雨、雷を伴う,曇時々雨、雷を伴う
2023/9/16,27.9,31.7,25.2,0.0,2.0,曇,薄曇時々晴
2023/9/17,28.7,32.9,25.9,0,6.0,曇後晴,快晴
2023/9/18,28.9,33.3,26.0,0,10.4,晴,快晴
2023/9/19,29.0,33.5,25.1,0,10.8,晴,晴後時々曇
2023/9/20,27.2,32.3,23.5,6.0,2.9,曇後一時雨、雷を伴う,曇一時雨
2023/9/21,26.7,29.5,23.9,2.0,0.2,曇時々雨,雨時々曇
2023/9/22,24.8,29.4,21.4,59.5,0.1,曇時々雨,大雨後時々曇
2023/9/23,22.1,24.3,20.7,4.0,0.0,霧雨後曇一時雨,曇
2023/9/24,22.2,26.8,19.4,0,7.8,曇後時々晴,晴後一時曇
2023/9/25,22.4,27.7,18.5,0.0,6.6,晴時々曇,晴後一時曇
2023/9/26,24.6,29.7,20.2,0,6.6,晴後曇,曇後一時雨
2023/9/27,25.3,30.2,22.8,0.0,3.0,曇一時雨後時々晴,曇後一時晴
2023/9/28,27.4,33.2,22.9,0,6.1,曇後晴,晴後時々曇
2023/9/29,26.3,28.9,24.6,0.0,3.1,晴時々曇,曇時々晴
2023/9/30,25.6,28.5,23.4,0.0,1.6,曇時々晴,曇時々晴
2023/10/1,25.6,29.9,23.3,0.0,1.7,曇,曇後時々晴
2023/10/2,23.3,27.1,19.6,0,5.2,曇時々晴,晴
2023/10/3,22.8,27.3,17.9,0,9.2,晴後曇,曇後時々雨
2023/10/4,18.7,23.1,17.3,15.0,0.0,雨時々曇,曇時々雨一時霧雨
2023/10/5,20.0,26.4,16.9,0,2.8,曇後晴,晴
2023/10/6,20.8,25.8,15.9,0,10.8,晴,薄曇時々晴
2023/10/7,20.4,25.0,16.8,0,7.7,晴後一時曇,晴後時々曇
2023/10/8,18.1,21.8,14.7,0.0,1.6,曇後時々雨,雨一時曇
2023/10/9,15.4,16.9,13.8,40.0,0.0,雨,雨一時曇、雷を伴う
2023/10/10,20.2,26.6,16.6,13.0,4.6,晴時々曇一時雨,晴時々薄曇一時雨
2023/10/11,19.8,24.3,15.7,0,6.4,晴一時曇,曇時々晴
2023/10/12,19.4,24.1,15.7,0.0,9.1,晴,晴後一時曇
2023/10/13,18.5,23.4,14.6,0,10.6,晴,晴
2023/10/14,18.2,23.4,12.7,0.0,6.4,曇時々晴,雨時々曇
2023/10/15,14.9,16.9,14.0,43.5,0.2,大雨後時々曇一時晴,快晴
2023/10/16,19.0,25.8,12.1,0,10.2,快晴,快晴
2023/10/17,19.5,25.2,15.2,0,10.3,快晴,快晴
2023/10/18,18.9,24.4,13.7,0,6.9,晴一時曇,晴一時薄曇
2023/10/19,20.3,25.4,14.8,0,9.3,薄曇一時晴,晴時々薄曇
2023/10/20,21.8,27.1,16.2,0,8.4,晴後時々曇,曇
2023/10/21,19.0,22.5,14.3,0.0,6.8,晴時々曇,晴時々曇一時雨
2023/10/22,15.9,20.2,11.5,0,9.9,晴,晴時々薄曇
2023/10/23,16.7,23.0,11.4,0,9.2,晴時々薄曇,快晴
2023/10/24,17.7,24.0,12.9,0,8.7,晴後一時薄曇,薄曇時々晴
2023/10/25,17.7,22.2,11.4,30.5,4.4,薄曇一時晴,晴時々曇一時大雨、雷を伴う
2023/10/26,16.9,23.4,11.5,0,9.8,快晴,晴
2023/10/27,17.8,23.4,13.4,0,8.4,晴,晴後曇
2023/10/28,17.5,21.4,14.3,0,7.2,薄曇後晴,晴時々曇後一時雨
2023/10/29,16.3,20.8,12.5,5.0,4.1,雨時々曇後晴,快晴
2023/10/30,16.9,22.3,11.6,0,9.6,快晴,晴一時薄曇
2023/10/31,17.2,20.9,13.5,0.0,1.1,曇,晴一時曇
2023/11/1,18.0,23.1,13.1,0,9.7,快晴,晴
2023/11/2,18.2,24.9,13.0,0,9.5,晴一時薄曇,晴後一時曇
2023/11/3,18.8,24.3,14.3,0,9.5,快晴,快晴
2023/11/4,19.7,26.3,14.4,0,8.1,薄曇時々晴,曇
2023/11/5,20.0,23.7,17.6,0.0,2.4,曇後時々晴一時雨,曇時々晴一時雨
2023/11/6,21.4,25.1,18.0,0.5,2.0,曇一時雨,曇時々雨
2023/11/7,22.3,27.5,17.0,4.0,2.5,晴時々雨一時曇,晴一時曇
2023/11/8,17.7,21.6,14.6,0,9.4,快晴,晴後曇
2023/11/9,17.1,21.0,13.4,0,6.4,薄曇時々晴,曇時々晴
2023/11/10,15.5,17.7,13.5,3.0,0.4,雨時々曇一時晴,晴時々曇一時雨
2023/11/11,13.7,15.9,11.3,0.0,0.0,曇,曇
2023/11/12,10.0,11.7,8.0,0.5,0.0,雨後曇,曇一時晴
2023/11/13,11.1,15.6,7.9,0.0,6.9,晴時々曇,快晴
2023/11/14,12.1,18.3,5.9,0.0,9.3,晴,曇時々雨一時晴
2023/11/15,11.8,14.3,9.8,0.0,0.0,曇後一時晴,晴
2023/11/16,12.9,17.6,7.8,0.0,7.6,晴時々曇,雨時々曇
2023/11/17,11.5,13.6,9.8,33.5,0.0,雨後曇一時晴,晴後一時曇
2023/11/18,12.3,17.6,7.4,0,5.3,晴後時々曇,快晴
2023/11/19,12.1,19.4,5.9,0,9.3,快晴,晴一時薄曇
2023/11/20,12.4,18.0,7.5,0,9.3,快晴,快晴
2023/11/21,11.9,17.6,6.7,0,8.0,晴一時曇,晴
2023/11/22,13.4,19.5,7.4,0,9.1,快晴,曇一時晴
2023/11/23,14.7,21.2,9.8,0.0,5.3,曇後晴,快晴
2023/11/24,16.7,24.2,10.6,0,9.1,快晴,晴
2023/11/25,10.5,13.5,8.4,0,2.5,曇時々晴,曇一時晴
2023/11/26,7.7,9.5,5.3,0.0,0.0,雨時々曇,曇
2023/11/27,11.0,15.7,7.4,0,8.0,晴,晴後一時曇
2023/11/28,13.9,22.5,8.6,0,8.4,晴時々曇,快晴
2023/11/29,11.5,17.6,6.6,0,8.9,晴,晴後薄曇
2023/11/30,11.3,16.8,7.9,0,7.9,晴,曇一時晴
2023/12/1,8.7,12.6,6.4,0,5.4,晴時々曇,快晴
2023/12/2,8.3,13.1,4.1,0,8.7,晴後一時曇,晴
2023/12/3,9.1,15.2,4.1,0,8.3,晴,快晴
2023/12/4,8.7,14.3,4.7,0,8.8,快晴,晴後曇
2023/12/5,8.1,10.3,5.7,0.0,0.0,曇,雨時々曇
2023/12/6,11.4,16.4,7.1,1.0,7.0,晴時々薄曇一時雨,薄曇後一時晴
2023/12/7,12.9,19.9,7.1,0,8.8,快晴,快晴
2023/12/8,12.3,17.8,6.0,0,8.0,快晴,晴一時曇
2023/12/9,11.9,17.2,6.4,0,8.3,晴後時々薄曇,薄曇一時晴
2023/12/10,13.0,19.7,7.2,0,8.8,快晴,晴後曇
2023/12/11,13.4,16.0,11.3,0.5,0.0,曇,曇後雨
2023/12/12,11.9,15.4,9.7,15.5,1.4,曇時々雨一時晴,雨時々曇後晴
2023/12/13,10.8,15.1,7.3,0,8.9,快晴,晴後時々曇
2023/12/14,10.2,14.1,6.5,0,7.9,晴一時薄曇,曇後時々雨
2023/12/15,11.0,20.2,7.1,1.0,0.0,曇一時雨,晴
2023/12/16,17.0,21.1,10.8,0.0,5.7,曇後一時晴,曇後晴
2023/12/17,11.2,17.2,5.9,0,8.3,晴,快晴
2023/12/18,7.0,11.5,3.8,0,6.7,晴時々薄曇,曇一時晴
2023/12/19,7.0,10.6,3.4,0,3.3,曇一時晴,曇
2023/12/20,8.5,13.5,4.6,0,6.8,晴時々薄曇,晴時々薄曇
2023/12/21,7.7,13.1,3.3,0,9.0,快晴,快晴
2023/12/22,5.3,10.1,1.5,0,9.0,晴,快晴
2023/12/23,5.0,10.6,0.1,0,9.0,快晴,薄曇時々晴
2023/12/24,4.9,8.8,2.0,0,3.0,曇時々晴,快晴
2023/12/25,6.3,12.1,1.0,0,8.8,快晴,快晴
2023/12/26,7.6,13.2,2.6,0,8.9,快晴,晴
2023/12/27,8.4,12.6,4.3,0,4.4,曇一時晴,曇一時晴
2023/12/28,7.0,10.8,4.4,0,6.2,晴時々曇,快晴
2023/12/29,7.8,13.8,2.2,0,8.9,快晴,晴
2023/12/30,9.0,14.4,4.4,0,7.1,晴時々薄曇,曇時々晴一時雨
2023/12/31,9.2,12.7,5.8,1.5,3.7,雨時々曇一時晴,晴一時曇
2024/1/1,9.2,12.5,4.4,0,8.9,快晴,晴後時々曇
2024/1/2,6.1,9.2,2.8,0.0,1.7,曇時々雨一時晴,晴時々曇
2024/1/3,7.4,11.0,2.8,0.0,0.5,曇,雨時々曇
2024/1/4,9.7,15.3,6.3,0.0,6.6,晴一時曇,快晴
2024/1/5,7.4,13.6,2.9,0,8.6,快晴,快晴
2024/1/6,9.1,15.6,3.0,0,8.9,快晴,快晴
2024/1/7,8.3,12.7,5.7,0.0,3.2,晴後時々曇,晴一時曇
2024/1/8,5.4,10.2,2.7,0,8.8,快晴,晴
2024/1/9,5.4,11.0,1.5,0,8.8,快晴,快晴
2024/1/10,7.2,12.3,1.7,0,6.5,晴後薄曇,曇
2024/1/11,4.8,7.2,1.8,0,0.6,曇,快晴
2024/1/12,7.1,13.7,0.1,0,9.0,快晴,晴後一時曇
2024/1/13,5.9,11.7,1.2,2.0,5.2,晴時々曇一時雪、雷を伴う,晴一時雪
2024/1/14,6.4,10.5,0.2,0,9.1,快晴,晴
2024/1/15,6.3,11.4,2.4,0,8.1,晴,快晴
2024/1/16,3.7,7.0,0.0,0,7.7,晴,快晴
2024/1/17,6.2,12.2,0.8,0,9.1,快晴,晴一時曇
2024/1/18,8.5,13.4,2.5,0,4.0,晴後曇,曇
2024/1/19,10.2,15.1,7.6,0,7.4,薄曇時々晴,曇
2024/1/20,6.3,7.6,4.6,2.5,0.0,曇後雨,雨
2024/1/21,8.1,12.1,4.6,31.5,0.6,雨後時々曇一時晴,快晴
2024/1/22,10.7,14.6,6.7,0.0,4.3,曇時々晴一時雨,晴時々曇一時雨
2024/1/23,9.0,13.9,5.5,0.0,7.9,晴時々薄曇,曇後晴
2024/1/24,4.5,8.4,1.1,0,5.8,晴一時薄曇,快晴
2024/1/25,4.2,9.6,-1.1,0,9.3,快晴,快晴
2024/1/26,6.2,12.0,1.8,0,9.4,快晴,快晴
2024/1/27,7.2,12.2,2.9,0,9.2,快晴,晴一時曇
2024/1/28,6.0,9.6,2.8,0,1.7,曇,晴一時曇
2024/1/29,6.8,11.9,2.4,0,9.3,快晴,晴時々曇
2024/1/30,7.7,13.3,4.0,0,9.0,晴,快晴
2024/1/31,9.3,14.1,2.7,0,9.3,快晴,晴後曇一時雨
2024/2/1,9.8,16.3,5.0,0.0,5.0,晴時々曇,曇一時晴
2024/2/2,5.0,7.6,3.3,0,0.4,曇,曇後晴
2024/2/3,6.9,11.7,3.4,0,8.7,晴,曇後雨
2024/2/4,4.9,6.9,2.6,5.0,0.0,雨後曇,晴後曇
2024/2/5,3.0,6.2,0.3,35.0,0.0,曇後雪時々雨一時みぞれ,雪後雨一時みぞれ、雷を伴う
2024/2/6,3.4,5.4,0.8,2.0,0.0,雨後時々曇,曇後晴
2024/2/7,4.7,9.6,-0.1,0,9.2,快晴,晴後一時曇
2024/2/8,5.7,11.3,1.2,0,6.9,晴時々曇,薄曇時々晴
2024/2/9,6.8,11.3,2.5,0,6.9,薄曇時々晴,晴時々曇
2024/2/10,7.1,12.4,1.8,0.0,9.5,晴一時薄曇,晴
2024/2/11,8.1,12.8,4.3,0.0,6.4,晴後一時曇,曇一時雨
2024/2/12,7.3,12.7,3.6,0,9.0,晴一時曇,快晴
2024/2/13,9.6,17.3,1.6,0,9.7,快晴,快晴
2024/2/14,10.9,18.5,4.2,0,8.1,晴後曇,曇後晴
2024/2/15,14.4,21.1,6.1,0.0,7.7,薄曇後時々晴,曇一時雨
2024/2/16,10.6,17.0,6.2,0.0,8.8,晴一時薄曇,曇一時晴
2024/2/17,9.0,13.6,4.6,0.0,2.1,曇,曇後一時雨
2024/2/18,13.4,18.8,9.2,0.0,6.9,晴一時曇,晴時々曇一時雨
2024/2/19,15.0,17.2,12.8,5.0,0.1,雨一時曇,雨時々曇
2024/2/20,18.1,23.7,12.8,0.0,5.2,曇一時晴,曇時々雨
2024/2/21,8.7,13.2,7.3,5.5,0.0,雨,雨
2024/2/22,5.5,8.0,3.6,6.5,0.0,雨一時曇,雨
2024/2/23,2.8,4.0,1.7,6.5,0.0,雨一時みぞれ,曇一時雨後晴
2024/2/24,5.3,10.3,1.2,0,9.5,薄曇時々晴,薄曇
2024/2/25,4.4,5.8,3.5,8.5,0.0,雨一時曇,雨後一時曇
2024/2/26,7.8,13.3,4.8,0.5,9.4,晴一時薄曇,快晴
2024/2/27,7.0,11.4,4.1,0,10.7,快晴,晴一時薄曇
2024/2/28,8.3,14.4,4.1,0,10.8,快晴,晴時々曇
2024/2/29,7.6,11.8,3.5,4.0,1.4,曇後一時雨,雨
2024/3/1,9.9,16.4,3.7,15.5,6.2,晴時々曇一時雨,曇後時々晴一時雨
2024/3/2,6.3,10.1,3.9,0.0,2.5,曇一時晴,晴一時曇
2024/3/3,7.5,13.4,1.2,0,10.3,快晴,快晴
2024/3/4,9.4,15.7,2.9,0,10.6,快晴,薄曇一時晴
2024/3/5,6.4,9.1,2.0,19.0,0.0,曇後雨,雨
2024/3/6,5.6,10.4,2.0,11.0,0.4,雨後曇,曇
2024/3/7,6.9,10.7,4.9,0.0,2.3,曇後一時晴,雨時々曇一時雪、みぞれを伴う
2024/3/8,4.5,9.4,0.4,19.0,1.6,曇時々雨一時雪,晴時々曇一時雨
2024/3/9,6.1,11.2,2.6,0,10.7,快晴,快晴
2024/3/10,6.7,13.6,0.5,0,11.0,快晴,快晴
2024/3/11,8.2,13.8,1.8,0,8.8,晴後時々薄曇,曇
2024/3/12,7.8,10.0,6.1,36.0,0.0,大雨一時曇,曇時々雨一時晴
2024/3/13,9.5,13.7,6.7,0.0,10.7,快晴,晴後時々曇
2024/3/14,9.5,15.6,2.8,0,11.3,快晴,快晴
2024/3/15,11.8,17.6,6.2,0,11.2,快晴,快晴
2024/3/16,14.8,22.7,10.8,0,10.8,快晴,晴時々曇一時雨
2024/3/17,16.0,21.7,9.8,0.0,8.6,晴一時曇,曇後時々晴
2024/3/18,9.5,14.6,4.1,0,11.2,快晴,晴後一時曇
2024/3/19,8.4,12.4,3.7,0,4.6,曇後一時晴,快晴
2024/3/20,8.5,15.7,4.7,1.0,7.8,晴後曇時々雨、雷を伴う,晴時々薄曇
2024/3/21,6.5,11.4,3.4,0,11.6,晴,快晴
2024/3/22,7.2,13.3,1.8,0,11.7,快晴,晴時々薄曇
2024/3/23,5.7,9.3,2.6,0.5,0.4,雨時々曇一時晴,晴時々薄曇
2024/3/24,10.2,15.5,4.2,1.0,0.6,曇後一時雨,雨一時霧雨
2024/3/25,11.3,12.5,10.8,9.0,0.0,雨時々曇,曇時々雨
2024/3/26,9.4,12.3,6.1,45.0,0.0,大雨,雨時々曇一時晴
2024/3/27,10.9,16.5,6.0,0.0,10.9,晴,晴時々曇
2024/3/28,10.9,14.6,7.2,2.5,0.4,曇一時雨,雨一時曇
2024/3/29,16.3,22.2,11.7,29.0,4.2,雨後晴,快晴
2024/3/30,17.8,24.6,12.3,0,10.5,晴時々薄曇,薄曇後晴
2024/3/31,19.5,28.1,12.2,0,10.7,晴時々薄曇,曇後時々雨
2024/4/1,14.6,19.7,11.8,3.0,3.8,曇時々雨一時晴,快晴
2024/4/2,14.2,20.6,8.4,0,10.6,晴後薄曇,曇
2024/4/3,13.9,16.6,12.3,11.5,0.0,雨時々曇,雨時々曇
2024/4/4,15.4,19.9,11.3,4.0,0.1,曇一時雨,曇後一時雨
2024/4/5,11.4,15.1,9.0,0.5,0.0,曇時々雨,曇時々雨
2024/4/6,12.7,15.8,9.0,0.0,0.0,曇,曇時々雨
2024/4/7,17.0,22.6,13.1,1.5,8.2,薄曇時々晴一時雨,曇
2024/4/8,18.8,23.2,15.4,0.0,2.3,曇後雨,曇時々雨
2024/4/9,15.6,19.8,9.7,55.5,0.0,大雨一時曇,曇一時晴
2024/4/10,11.7,17.8,7.4,0,11.9,晴,晴一時薄曇
2024/4/11,14.0,19.8,7.7,0,9.3,晴後薄曇,曇
2024/4/12,15.0,18.2,12.8,2.5,1.8,曇一時雨,晴
2024/4/13,16.4,22.7,11.1,0,10.5,薄曇時々晴,薄曇後晴
2024/4/14,18.0,24.8,12.7,0,11.5,快晴,晴一時薄曇
2024/4/15,19.4,26.8,14.0,0,11.4,晴後薄曇,薄曇時々晴
2024/4/16,19.2,23.4,15.9,0,6.5,晴一時曇,晴後曇一時雨
2024/4/17,20.1,25.5,16.5,0.0,5.5,晴時々曇,曇時々晴
2024/4/18,17.9,21.4,14.3,1.5,0.3,曇後一時雨,雨後曇
2024/4/19,18.3,23.6,14.1,0.0,11.6,晴一時薄曇,晴
2024/4/20,19.4,26.1,12.7,0,8.9,曇,曇
2024/4/21,18.4,23.3,14.9,5.0,2.2,曇後一時雨,雨
2024/4/22,15.6,18.6,13.2,7.0,0.1,曇時々雨,曇後一時晴
2024/4/23,16.9,19.4,14.8,0.0,0.5,曇,曇後一時雨
2024/4/24,15.0,16.5,13.9,20.5,0.0,雨,雨後曇
2024/4/25,19.5,25.8,13.8,0.5,9.8,晴一時曇,晴後一時薄曇
2024/4/26,20.3,25.1,15.1,0,2.5,曇,曇後一時雨
2024/4/27,19.5,23.2,16.6,0.0,0.0,雨後曇,曇後晴
2024/4/28,21.6,28.2,15.7,0,11.5,晴後一時薄曇,薄曇
2024/4/29,21.2,25.8,17.4,0.0,8.0,曇,曇後時々雨
2024/4/30,20.9,25.2,18.2,2.5,1.5,曇一時雨,曇
2024/5/1,16.5,21.2,11.8,26.5,0.0,雨一時曇,雨
2024/5/2,15.3,21.7,10.8,3.0,7.7,晴時々曇,晴
2024/5/3,17.7,24.2,11.4,0,12.4,快晴,快晴
2024/5/4,20.9,27.8,14.8,0,12.4,快晴,快晴
2024/5/5,21.5,27.7,15.4,0,12.6,晴,晴後一時薄曇
2024/5/6,20.9,23.6,19.1,0.0,0.9,曇後一時雨,曇後時々雨
2024/5/7,20.0,22.2,18.6,5.0,0.0,雨後時々曇,曇後一時晴
2024/5/8,17.8,23.8,11.4,8.0,1.3,曇後時々雨,雨
2024/5/9,13.7,18.9,10.2,1.5,5.8,雨時々曇後晴,晴
2024/5/10,17.5,24.4,8.7,0,12.8,晴,晴
2024/5/11,20.3,25.9,14.1,0,13.0,晴,晴後一時薄曇
2024/5/12,21.1,24.8,17.3,0,3.7,曇,曇後雨
2024/5/13,19.3,22.0,15.4,58.5,0.0,雨,雨後曇
2024/5/14,16.9,21.6,12.2,0.0,8.2,曇後晴,晴後薄曇
2024/5/15,19.4,25.7,13.8,1.5,8.6,薄曇,雨一時曇
2024/5/16,18.7,25.1,14.7,10.0,5.1,晴時々曇一時雨,快晴
2024/5/17,20.6,27.2,13.4,0,12.9,晴一時薄曇,快晴
2024/5/18,21.9,28.8,16.2,0,12.5,晴後一時薄曇,薄曇
2024/5/19,20.8,24.1,17.7,0.0,0.0,曇後時々雨,雨時々曇
2024/5/20,17.4,21.4,14.4,34.0,0.8,雨後曇,薄曇
2024/5/21,22.5,28.9,16.9,0.0,7.9,薄曇,曇時々雨
2024/5/22,20.6,25.3,18.0,0.0,6.5,薄曇一時晴,薄曇
2024/5/23,21.4,25.2,18.1,0,1.8,曇,薄曇
2024/5/24,23.3,29.0,18.1,0,9.3,薄曇後一時晴,曇一時晴
2024/5/25,21.4,25.8,18.3,0,6.7,晴時々曇,曇時々晴
2024/5/26,21.6,26.6,17.6,0,8.7,晴時々薄曇,晴時々薄曇
2024/5/27,22.3,25.1,20.3,0.0,0.4,曇時々雨,曇後一時晴
2024/5/28,24.0,25.9,22.4,19.0,0.1,雨時々曇,雨時々曇
2024/5/29,22.0,25.8,18.8,0.5,7.9,曇後晴,晴
2024/5/30,22.5,27.3,17.5,0.0,5.4,晴後曇,曇時々雨
2024/5/31,19.0,21.7,16.6,34.0,0.1,雨後曇,曇時々雨
2024/6/1,20.9,26.3,17.4,0.0,7.0,曇,薄曇一時晴後雨
2024/6/2,18.7,24.6,16.2,45.5,2.9,大雨時々曇、雷を伴う,雨時々曇
2024/6/3,18.3,24.3,15.0,25.5,2.4,曇時々雨後一時晴、雷を伴う,雨後晴、雷を伴う
2024/6/4,19.5,25.5,14.8,0,7.8,晴,曇時々晴
2024/6/5,21.4,27.4,16.4,0,11.9,快晴,晴後一時曇
2024/6/6,22.0,27.0,18.1,0,3.8,曇,薄曇後一時晴
2024/6/7,22.1,26.7,18.1,0,5.1,晴時々曇,晴後一時薄曇
2024/6/8,22.8,28.2,17.4,0,11.8,晴後薄曇,薄曇時々晴
2024/6/9,22.4,25.7,19.9,0.5,0.2,曇後一時雨,雨時々曇
2024/6/10,20.7,24.7,17.4,17.0,0.7,曇時々雨,曇後一時晴
2024/6/11,24.0,29.0,19.5,0,12.8,晴時々薄曇,晴時々薄曇
2024/6/12,24.6,30.1,20.0,0.0,10.4,薄曇後晴,晴後曇
2024/6/13,22.6,25.4,20.0,0,1.6,曇後一時晴,晴
2024/6/14,25.9,31.7,19.5,0,12.7,快晴,晴後一時薄曇
2024/6/15,24.8,29.9,20.9,0.5,8.0,薄曇,雨時々曇
2024/6/16,23.7,28.7,19.7,5.5,6.8,曇一時雨後晴,薄曇時々晴
2024/6/17,26.0,30.5,22.5,0.0,4.6,曇,雨時々曇
2024/6/18,19.2,22.5,18.0,98.0,0.0,大雨,曇時々晴一時雨
2024/6/19,23.5,29.5,17.2,0,13.3,晴,晴後一時薄曇
2024/6/20,24.4,28.4,20.8,0,6.2,薄曇,晴時々薄曇
2024/6/21,20.1,23.3,17.3,44.0,0.0,大雨,晴一時曇
2024/6/22,23.9,30.0,16.8,0.0,8.5,薄曇時々晴,雨時々曇
2024/6/23,21.6,24.2,20.0,29.5,0.1,雨時々曇,曇一時雨
2024/6/24,26.7,33.4,21.0,0,6.5,晴時々薄曇,曇後一時晴
2024/6/25,27.8,31.8,24.5,0.0,1.3,曇,曇
2024/6/26,26.9,31.4,24.6,0.0,2.4,曇,曇
2024/6/27,25.4,29.8,23.0,0.0,5.1,曇一時晴,曇時々雨一時晴
2024/6/28,22.0,23.8,20.0,82.5,0.0,大雨,雨時々曇
2024/6/29,23.7,29.0,20.7,0.0,3.8,曇後晴,晴後曇
2024/6/30,25.9,29.0,22.8,1.5,0.4,曇後雨,雨時々曇一時晴
2024/7/1,26.3,29.4,24.6,12.5,0.1,雨後一時曇,曇一時雨
2024/7/2,27.3,31.4,24.1,0.0,2.2,曇,曇後一時雨
2024/7/3,27.7,33.3,23.6,0.0,7.2,薄曇時々晴,晴時々薄曇
2024/7/4,29.3,35.0,25.0,0,9.1,晴後一時曇,快晴
2024/7/5,30.2,35.5,26.2,0,13.2,快晴,晴時々曇
2024/7/6,28.1,34.2,23.9,36.0,7.5,薄曇後一時大雨、雷を伴う,曇時々晴一時雨、雷を伴う
2024/7/7,28.9,34.4,24.2,0,9.9,薄曇一時晴,薄曇時々晴
2024/7/8,30.9,36.0,26.1,0,11.3,薄曇後晴,晴時々薄曇
2024/7/9,30.1,34.5,26.2,0.0,6.4,曇時々雨一時晴,晴時々曇一時雨
2024/7/10,29.5,33.7,26.6,0.0,4.3,曇,曇一時雨
2024/7/11,27.8,29.6,26.1,0.5,0.0,曇時々雨,曇後一時雨
2024/7/12,24.4,26.9,22.4,13.5,0.0,雨,雨後曇
2024/7/13,26.2,31.3,22.5,0.0,7.0,薄曇後一時雨,雨時々曇
2024/7/14,25.4,28.8,23.7,12.5,0.4,曇時々雨,曇
2024/7/15,24.6,27.7,23.2,0.5,0.4,曇一時雨,曇後一時雨
2024/7/16,23.9,27.3,22.2,11.5,0.1,雨時々曇,雨時々曇
2024/7/17,25.8,31.3,22.1,1.0,2.9,曇,曇
2024/7/18,28.4,33.4,24.4,0.0,7.4,薄曇後一時晴,曇
2024/7/19,30.0,34.5,26.0,0,5.2,曇後一時晴,曇後晴
2024/7/20,30.7,35.8,25.0,45.0,10.2,晴後曇,大雨時々曇、雷を伴う
2024/7/21,29.1,34.6,24.6,20.0,11.0,晴時々薄曇,晴
2024/7/22,30.5,36.6,24.8,9.5,10.4,晴後一時薄曇、雷を伴う,曇一時雨後晴、雷を伴う
2024/7/23,29.5,34.5,24.2,0,13.0,快晴,晴後一時薄曇
2024/7/24,30.1,36.0,24.9,0.0,8.5,曇時々晴、雷を伴う,薄曇
2024/7/25,30.2,34.8,27.0,0.5,7.1,晴時々薄曇一時雨,薄曇時々晴後一時雨、雷を伴う
2024/7/26,30.1,35.6,26.1,0.0,6.9,薄曇,曇一時雨
2024/7/27,30.3,35.6,26.7,0.5,7.1,薄曇後一時雨,薄曇時々晴一時雨
2024/7/28,31.6,36.8,26.5,0,10.5,薄曇,薄曇一時晴
2024/7/29,32.3,37.3,29.3,0,10.7,薄曇後一時晴,晴
2024/7/30,30.8,36.1,27.8,0.5,4.0,曇時々晴後一時雨,曇
2024/7/31,29.4,35.6,24.6,42.5,5.6,曇後一時雨,曇一時大雨後時々晴、雷を伴う
2024/8/1,28.5,33.5,24.5,0,9.3,薄曇一時晴,曇時々晴
2024/8/2,28.7,33.9,25.4,0,6.0,曇後晴,曇時々晴
2024/8/3,29.4,34.6,26.0,0,8.9,晴一時曇,晴後一時曇
2024/8/4,30.0,35.3,25.4,0,10.0,晴,晴
2024/8/5,30.0,35.0,26.1,0,7.8,薄曇一時晴,曇一時晴
2024/8/6,29.9,33.5,26.6,0,1.8,曇,曇、雷を伴う
2024/8/7,28.9,34.6,23.9,76.5,4.6,薄曇後一時晴,大雨時々曇、雷を伴う
2024/8/8,28.1,33.9,24.4,0.0,4.0,晴時々曇,晴
2024/8/9,30.0,35.3,26.6,0,8.6,晴一時曇,晴一時曇
2024/8/10,30.0,34.9,26.8,0,8.6,晴後薄曇,晴時々曇
2024/8/11,31.5,35.9,27.4,0,10.7,晴後薄曇,晴
2024/8/12,31.2,35.5,28.3,0,11.6,晴,晴
2024/8/13,30.8,34.9,27.7,0,10.4,晴,晴一時曇
2024/8/14,30.4,34.7,27.4,0.0,4.9,晴,晴時々曇
2024/8/15,30.3,35.7,26.8,0.0,6.7,晴時々薄曇,曇後雨
2024/8/16,26.7,29.1,25.2,90.0,0.0,大雨、雷を伴う,雨後曇
2024/8/17,30.4,35.9,25.4,0.0,8.5,晴後一時雨,晴後曇
2024/8/18,29.7,34.0,26.9,0.0,4.9,曇後晴,晴一時曇
2024/8/19,29.2,34.5,23.3,22.0,7.0,曇時々晴,雨時々曇、雷を伴う
2024/8/20,28.3,34.7,23.5,0.5,8.2,晴一時雨,曇一時晴
2024/8/21,28.3,33.6,24.6,21.0,5.2,曇時々晴,曇一時雨、雷を伴う
2024/8/22,27.5,30.5,25.1,16.0,2.1,曇時々雨、雷を伴う,曇
2024/8/23,28.9,32.3,27.0,0.0,5.2,曇後晴,曇時々晴
2024/8/24,29.4,34.4,25.4,1.0,7.9,晴時々曇,曇一時雨後一時晴、雷を伴う
2024/8/25,28.6,33.5,25.3,1.5,7.4,晴時々曇一時雨,晴
2024/8/26,29.2,33.6,25.9,0,10.0,晴後一時薄曇,晴時々薄曇一時雨、雷を伴う
2024/8/27,27.7,31.5,24.5,30.0,4.0,曇時々雨,曇
2024/8/28,28.0,31.4,26.2,0.0,2.4,曇,晴後一時薄曇
2024/8/29,27.1,31.4,25.4,23.0,1.5,薄曇時々雨,大雨
2024/8/30,26.0,27.6,25.0,84.0,0.0,大雨後時々曇,雨時々曇
2024/8/31,27.1,31.1,24.7,15.5,1.6,曇時々雨,雨後一時薄曇、雷を伴う
2024/9/1,26.2,30.5,23.7,35.5,0.8,曇後時々雨、雷を伴う,雨一時曇後晴、雷を伴う
2024/9/2,29.3,34.1,25.4,0.0,11.1,晴,晴時々曇
2024/9/3,24.9,27.4,23.3,9.5,0.1,曇時々雨,曇
2024/9/4,25.4,30.0,22.8,0.0,6.8,晴時々曇,晴
2024/9/5,26.7,31.8,22.4,0,9.2,晴,晴一時曇
2024/9/6,28.3,33.5,24.6,0,9.5,晴一時薄曇,晴後一時曇
2024/9/7,28.7,33.8,25.8,0,8.1,晴後一時薄曇,晴
2024/9/8,28.9,33.6,25.5,0,8.6,晴,晴一時曇
2024/9/9,28.3,33.7,25.2,2.5,5.4,晴,晴時々曇一時雨
2024/9/10,28.6,33.7,24.5,0,10.0,晴,晴一時曇
2024/9/11,29.6,34.2,26.3,0,10.5,晴,晴後一時曇
2024/9/12,29.6,34.5,26.8,0,6.9,晴,晴
2024/9/13,29.6,33.9,26.5,0,9.2,晴,晴
2024/9/14,29.5,34.5,26.3,0,10.6,晴,晴後一時曇
2024/9/15,29.9,34.4,25.8,34.0,10.2,晴後一時薄曇,曇時々大雨
2024/9/16,25.7,28.3,23.9,2.0,0.1,曇一時雨,曇
2024/9/17,27.7,33.4,23.3,0,8.7,晴一時曇,晴時々曇
2024/9/18,28.8,35.1,24.8,2.5,7.1,晴後曇一時雨,曇時々雨一時晴、雷を伴う
2024/9/19,27.7,33.6,24.7,0.0,3.5,薄曇一時雨、雷を伴う,曇後一時晴
2024/9/20,29.4,33.9,25.5,0.0,7.2,晴後一時薄曇,晴時々薄曇
2024/9/21,28.5,32.6,24.0,0.0,2.1,薄曇,曇時々雨
2024/9/22,24.6,28.9,22.5,2.5,0.3,曇時々雨,曇後雨
2024/9/23,22.6,27.7,19.7,8.0,4.0,晴時々曇一時雨,晴
2024/9/24,20.9,25.3,17.7,0,4.4,晴時々曇,晴後一時曇
2024/9/25,20.4,23.7,17.9,4.5,0.0,曇時々雨,雨時々曇
2024/9/26,24.1,29.1,19.4,0.5,4.9,晴時々曇,曇後一時雨
2024/9/27,23.3,24.8,22.4,8.0,0.0,雨時々曇,曇時々雨
2024/9/28,24.0,27.4,21.8,0,1.1,曇,曇
2024/9/29,22.6,25.0,21.3,2.0,0.2,曇後時々雨,曇
2024/9/30,22.7,25.3,20.5,0.0,0.2,曇時々雨,曇時々晴
2024/10/1,23.3,26.6,20.1,0.5,2.7,曇一時雨,晴一時曇
2024/10/2,26.5,31.9,22.0,0.0,10.2,晴時々薄曇,曇時々雨一時晴
2024/10/3,23.1,25.4,21.6,11.0,0.2,曇時々雨,曇時々雨
2024/10/4,25.9,30.4,22.3,2.0,3.8,曇一時雨,曇後一時雨
2024/10/5,21.3,24.5,18.9,9.5,0.0,雨一時曇,雨後曇
2024/10/6,21.3,22.9,19.1,0.0,0.0,曇一時雨,曇後一時晴
2024/10/7,25.0,29.9,20.7,0.0,7.3,晴時々曇,雨時々曇一時晴
2024/10/8,18.8,25.3,15.1,33.5,0.0,雨,大雨
2024/10/9,16.0,17.7,14.9,53.5,0.0,雨後一時曇,晴時々曇
2024/10/10,17.8,22.1,15.2,0.0,0.9,曇,晴時々薄曇
2024/10/11,19.0,24.3,14.3,0,9.9,薄曇,晴一時薄曇
2024/10/12,20.6,25.8,16.4,0,8.8,晴,快晴
2024/10/13,20.9,26.6,16.9,0,9.7,晴,快晴
2024/10/14,20.8,26.4,16.8,0,8.7,晴,晴時々曇
2024/10/15,22.1,26.6,17.9,0,9.7,晴,晴後一時薄曇
2024/10/16,22.6,26.4,19.0,0.0,1.0,曇,曇
2024/10/17,22.8,26.0,20.7,0.0,0.9,曇一時雨,薄曇
2024/10/18,21.6,22.9,20.5,2.0,0.0,曇時々雨,雨時々曇
2024/10/19,24.2,30.1,21.2,1.5,4.2,曇,曇時々雨
2024/10/20,17.4,22.7,13.3,0.0,6.5,晴時々曇一時雨,晴
2024/10/21,16.2,20.5,11.5,0.0,4.4,晴時々曇,晴時々曇
2024/10/22,19.7,24.4,14.5,0.0,4.7,晴時々曇,曇
2024/10/23,21.9,24.8,18.8,6.5,0.2,曇時々雨,曇
2024/10/24,22.6,26.3,19.8,0.0,4.2,曇一時晴,曇後一時雨
2024/10/25,20.2,21.8,18.3,0.5,0.0,曇一時雨,曇
2024/10/26,19.0,20.7,17.2,0,0.0,曇,曇後一時晴
2024/10/27,19.7,23.8,16.6,4.0,2.8,曇一時晴後一時雨,雨時々曇
2024/10/28,18.8,20.7,17.2,8.0,0.0,曇一時雨,曇後時々雨
2024/10/29,15.4,18.8,12.4,24.5,0.0,曇後雨,大雨
2024/10/30,16.8,22.4,12.6,17.5,3.9,雨後薄曇,晴時々薄曇
2024/10/31,16.2,20.2,12.9,0,7.0,薄曇,薄曇時々晴
2024/11/1,17.0,21.9,12.1,0.5,3.6,曇一時晴,雨一時曇
2024/11/2,16.0,16.9,14.9,33.5,0.0,雨,雨後曇
2024/11/3,17.5,22.6,14.2,0.0,9.6,快晴,快晴
2024/11/4,17.2,22.9,11.4,0,7.8,晴,快晴
2024/11/5,16.6,19.6,13.5,0.0,2.5,曇一時晴,曇後一時雨
2024/11/6,14.4,16.5,12.2,0.5,0.8,曇後一時晴,晴一時曇
2024/11/7,13.4,18.0,10.7,0,9.5,快晴,晴一時曇
2024/11/8,11.8,15.8,8.2,0,8.0,晴一時曇,快晴
2024/11/9,12.7,17.5,7.8,0,6.9,晴後時々曇,曇
2024/11/10,13.8,16.4,11.4,1.0,0.6,曇,雨時々曇
2024/11/11,16.3,20.7,13.2,0.5,2.7,曇時々晴,快晴
2024/11/12,16.3,21.3,11.8,0,6.0,晴時々曇,晴時々曇
2024/11/13,16.5,20.8,12.6,0,9.1,晴,曇時々晴
2024/11/14,15.8,18.2,11.9,0.0,2.1,曇一時晴,曇後一時雨
2024/11/15,15.9,17.7,13.8,7.5,0.0,曇一時雨,曇後一時晴
2024/11/16,16.7,18.9,14.3,0.0,1.6,曇,曇時々雨
2024/11/17,18.9,23.8,15.1,0.0,6.0,晴一時曇,曇一時晴後一時雨
2024/11/18,13.7,18.9,10.1,0.0,0.2,曇時々雨後一時晴,曇時々晴
2024/11/19,9.7,13.2,7.3,0,8.4,晴,曇時々晴
2024/11/20,7.6,8.8,5.5,5.5,0.0,雨時々曇,雨
2024/11/21,10.5,13.6,8.5,6.5,0.4,雨時々曇一時晴,快晴
2024/11/22,11.9,18.0,7.1,0,9.1,晴,晴一時曇
2024/11/23,12.0,16.0,8.4,0,8.1,晴,曇時々晴
2024/11/24,10.7,14.8,7.4,0,8.4,晴,晴一時曇
2024/11/25,9.9,14.6,5.8,0,9.2,快晴,晴
2024/11/26,10.0,14.5,5.6,8.5,5.5,晴後曇,雨時々曇
2024/11/27,14.5,20.1,9.3,18.0,6.6,晴時々曇,快晴
2024/11/28,13.2,18.3,9.4,0,9.1,快晴,快晴
2024/11/29,11.4,16.5,7.9,0,7.6,晴,快晴
2024/11/30,10.4,16.7,5.7,0,8.7,快晴,快晴
2024/12/1,11.2,16.6,6.7,0,9.0,快晴,晴一時曇
2024/12/2,11.4,16.8,7.6,0,5.3,晴一時曇,晴
2024/12/3,11.9,17.5,7.4,0,8.8,快晴,晴後一時曇
2024/12/4,12.7,17.8,8.4,0,8.7,晴一時薄曇,曇時々晴
2024/12/5,11.5,15.5,8.9,0,6.0,薄曇時々晴,晴
2024/12/6,11.0,16.7,5.2,0,8.8,快晴,晴
2024/12/7,8.9,12.4,5.9,0.0,8.3,晴後一時曇,晴時々薄曇
2024/12/8,7.7,14.2,4.2,0,7.3,晴一時曇,快晴
2024/12/9,7.7,13.0,2.5,0,8.9,快晴,晴後一時曇
2024/12/10,8.5,13.8,4.4,0,8.9,快晴,晴後曇
2024/12/11,8.7,13.5,5.4,0,7.6,薄曇後晴,晴
2024/12/12,7.1,10.8,4.3,0,7.5,晴,晴
2024/12/13,5.3,8.4,1.2,0.0,0.1,薄曇一時晴,曇時々晴
2024/12/14,7.2,12.3,3.5,0.0,8.4,晴,快晴
2024/12/15,6.6,12.2,0.8,0,8.9,快晴,快晴
2024/12/16,7.7,12.7,3.3,0,8.9,快晴,快晴
2024/12/17,8.0,13.8,2.7,0,8.9,快晴,快晴
2024/12/18,7.6,13.2,2.8,0,8.6,晴時々薄曇,晴後曇時々雨、あられを伴う
2024/12/19,5.2,8.3,2.5,0.5,5.0,晴時々雨一時雪、あられを伴う,快晴
2024/12/20,6.5,11.6,1.1,0,6.2,薄曇一時晴,曇後晴
2024/12/21,9.4,16.5,2.8,0.0,8.4,晴,快晴
2024/12/22,6.9,11.6,2.6,0,9.0,晴,快晴
2024/12/23,6.1,11.1,2.4,0,9.0,快晴,快晴
2024/12/24,6.7,12.2,1.8,0,8.9,快晴,快晴
2024/12/25,7.7,11.3,4.5,0,5.5,曇時々晴,薄曇一時晴
2024/12/26,8.9,14.7,3.4,0,7.8,晴,晴
2024/12/27,7.4,12.7,3.8,0,6.1,晴後一時曇,晴
2024/12/28,5.4,11.5,1.4,0.0,7.5,晴後一時曇,快晴
2024/12/29,6.0,12.3,0.5,0,8.9,快晴,晴後一時曇
2024/12/30,6.2,10.3,3.5,0,5.0,薄曇一時晴,薄曇
2024/12/31,8.0,14.6,2.8,0,7.6,晴時々曇,快晴
2025/1/1,7.1,12.2,4.1,0,8.4,快晴,快晴
2025/1/2,7.8,13.9,2.1,0,7.7,晴後一時曇,晴後一時曇
2025/1/3,5.5,7.6,3.7,0.0,1.3,曇時々雨後一時晴,曇時々晴
2025/1/4,5.1,9.6,1.6,0,8.8,快晴,晴一時曇
2025/1/5,4.6,10.0,-0.2,0,7.2,晴後薄曇,晴時々薄曇
2025/1/6,4.5,8.1,1.5,25.0,0.5,曇後雨,雨時々晴一時曇
2025/1/7,8.1,12.9,3.6,0.0,2.9,雨一時曇後晴,快晴
2025/1/8,6.6,12.3,2.7,0,6.7,晴,晴後一時薄曇
2025/1/9,6.7,12.7,2.3,0,8.3,快晴,快晴
2025/1/10,4.6,9.4,0.1,0,8.9,快晴,快晴
2025/1/11,5.3,11.3,0.2,0,9.0,晴,晴後薄曇
2025/1/12,5.4,9.0,2.6,0,1.2,曇,曇後晴
2025/1/13,6.9,13.4,1.1,0,9.0,快晴,快晴
2025/1/14,6.4,12.8,1.2,0,8.9,晴,晴
2025/1/15,7.6,15.6,2.7,0,7.6,晴後一時薄曇,快晴
2025/1/16,4.6,7.7,2.6,0,0.9,曇後一時晴,快晴
2025/1/17,4.9,9.7,1.0,0,9.1,快晴,晴
2025/1/18,4.6,9.7,0.8,0,9.0,晴,晴後曇
2025/1/19,5.9,9.2,1.6,0.0,3.7,曇後一時雨,曇後一時晴
2025/1/20,9.2,13.9,5.0,0.5,6.9,晴一時雨,曇一時雨
2025/1/21,9.4,13.8,7.1,0.0,4.8,晴時々曇,晴時々曇
2025/1/22,8.2,13.4,4.1,0,8.8,快晴,晴時々曇
2025/1/23,8.5,13.9,4.8,0,7.7,曇後晴,快晴
2025/1/24,9.2,14.6,4.4,0.5,9.1,晴後一時曇,曇時々雨
2025/1/25,6.8,9.2,4.4,0.0,2.5,曇時々晴,快晴
2025/1/26,7.0,12.5,3.2,0,9.4,快晴,晴
2025/1/27,6.4,10.2,2.3,0,3.9,曇一時晴,晴後曇一時雨
2025/1/28,8.4,13.6,4.6,0.0,7.3,晴,晴一時曇
2025/1/29,7.0,12.8,2.6,0,9.0,快晴,快晴
2025/1/30,6.5,12.2,1.2,0,9.3,快晴,快晴
2025/1/31,7.1,13.2,2.2,0,8.3,快晴,晴
2025/2/1,7.5,12.2,2.8,0.0,6.2,晴後曇,曇後雨
2025/2/2,4.6,8.8,3.1,6.5,0.0,雨後一時曇,曇
2025/2/3,6.1,9.6,4.0,0.0,0.4,曇,曇時々晴
2025/2/4,6.0,11.2,2.3,0.0,5.4,晴時々曇,快晴
2025/2/5,4.1,9.0,-0.1,0,6.8,晴,快晴
2025/2/6,4.0,9.2,-0.6,0,9.3,晴,晴後一時薄曇
2025/2/7,4.9,10.6,-0.6,0,6.5,晴,快晴
2025/2/8,4.6,9.7,0.3,0,9.5,快晴,快晴
2025/2/9,5.2,11.5,0.7,0,9.5,快晴,快晴
2025/2/10,5.5,11.4,-0.5,0,9.6,快晴,快晴
2025/2/11,5.1,10.5,0.3,0,9.7,快晴,快晴
2025/2/12,7.2,12.7,0.4,0,6.2,晴時々薄曇,晴時々曇
2025/2/13,7.4,13.1,3.4,0.0,9.7,快晴,晴後曇
2025/2/14,7.9,14.5,2.4,0,9.7,晴,晴
2025/2/15,9.6,14.0,5.2,0,9.2,快晴,曇一時晴
2025/2/16,11.3,16.9,7.5,0,4.9,曇一時晴,曇時々晴
2025/2/17,9.3,15.5,3.9,0.0,4.8,晴後時々曇一時雨,快晴
2025/2/18,5.0,9.7,1.9,0,6.4,晴後一時曇,晴一時曇
2025/2/19,3.9,8.9,0.4,0,9.8,快晴,快晴
2025/2/20,4.5,10.6,-1.0,0,8.4,晴,晴
2025/2/21,5.4,10.9,1.0,0,7.9,晴後薄曇,薄曇後晴
2025/2/22,4.4,9.4,1.4,0,8.2,晴後一時曇,快晴
2025/2/23,5.2,11.1,-0.4,0,8.8,晴後一時曇,曇後晴
2025/2/24,4.8,10.8,-0.1,0,10.6,晴,快晴
2025/2/25,7.1,12.7,0.5,0,10.7,快晴,晴時々曇
2025/2/26,10.4,17.6,4.0,0,10.5,快晴,快晴
2025/2/27,10.2,16.5,4.2,0,10.6,快晴,晴後薄曇
2025/2/28,11.0,16.6,5.4,0,7.7,薄曇後晴,晴一時曇
2025/3/1,13.3,19.7,6.5,0,10.2,晴時々薄曇,晴一時薄曇
2025/3/2,14.6,22.1,7.9,0,6.8,晴時々薄曇,曇時々雨一時晴
2025/3/3,5.9,14.4,1.6,30.0,0.0,雨後みぞれ一時雪,曇一時みぞれ
2025/3/4,2.4,5.4,0.4,10.0,0.2,曇後一時雨、みぞれを伴う,雪後雨一時みぞれ
2025/3/5,5.3,8.4,0.8,16.5,0.0,雨後一時霧雨,曇一時霧雨
2025/3/6,9.1,11.7,6.6,0.0,0.0,曇,曇後一時晴
2025/3/7,6.9,12.2,3.2,0,10.7,晴,晴後一時曇
2025/3/8,3.2,6.8,0.5,9.5,0.1,曇後時々雨,曇時々雨一時雪、みぞれを伴う
2025/3/9,6.9,13.5,1.5,0,9.3,晴一時曇,快晴
2025/3/10,9.1,14.9,3.2,0,10.8,晴後一時薄曇,曇
2025/3/11,10.3,13.8,6.3,0.5,0.0,曇時々雨,雨時々曇
2025/3/12,11.6,14.7,8.8,15.5,0.2,雨時々曇,曇時々雨後一時晴
2025/3/13,14.5,20.4,9.1,0,7.4,薄曇時々晴,晴時々曇
2025/3/14,12.8,19.6,8.5,0,10.1,薄曇後晴,晴後一時曇
2025/3/15,8.9,12.0,6.7,0.0,1.0,曇後一時雨,雨時々曇
2025/3/16,6.4,7.8,4.8,29.0,0.0,雨,雨後曇一時晴
2025/3/17,10.0,16.2,6.6,0.0,9.0,晴,晴後曇一時雨
2025/3/18,8.6,12.9,4.6,0.0,7.8,薄曇一時晴,雨一時晴、雷を伴う
2025/3/19,5.6,10.7,0.5,26.5,3.1,晴時々雨一時雪、雷・ひょうを伴う,晴後一時曇
2025/3/20,8.3,13.7,4.3,0,9.1,晴,晴一時曇
2025/3/21,11.2,17.4,3.9,0,11.5,快晴,快晴
2025/3/22,15.8,23.6,6.9,0,11.5,快晴,快晴
2025/3/23,17.3,25.6,11.4,0,10.0,快晴,快晴
2025/3/24,14.8,19.2,10.0,0,2.7,薄曇時々晴,曇後晴
2025/3/25,17.8,25.0,10.1,0,10.5,晴,晴
2025/3/26,20.4,25.9,14.9,0,10.2,晴,薄曇時々晴
2025/3/27,17.9,22.4,12.2,0,5.6,薄曇一時晴,曇
2025/3/28,19.9,25.7,14.1,2.5,4.1,薄曇時々晴一時雨,雨時々曇一時晴
2025/3/29,7.6,14.3,4.3,12.5,0.0,雨,曇時々雨
2025/3/30,9.4,15.6,5.1,0.5,6.1,薄曇時々晴,曇時々雨
2025/3/31,7.0,8.9,5.5,0.0,0.0,曇時々雨,雨一時曇
2025/4/1,5.1,5.8,4.1,41.0,0.0,雨,大雨
2025/4/2,9.5,13.7,5.7,28.5,0.0,雨時々曇,曇後一時雨
2025/4/3,8.4,9.8,6.0,5.5,0.0,雨,曇時々晴
2025/4/4,11.4,18.4,5.3,0,11.2,晴,快晴
2025/4/5,12.0,17.0,6.1,0.0,10.2,晴後薄曇,曇後一時晴
2025/4/6,15.1,20.1,10.6,0.0,6.3,曇時々晴一時雨,曇一時晴
2025/4/7,14.3,19.7,10.5,0.0,4.3,曇時々晴,晴後一時薄曇
2025/4/8,15.0,20.2,7.9,0,8.4,薄曇一時晴,快晴
2025/4/9,16.3,23.8,11.0,0,11.2,晴,曇時々晴
2025/4/10,16.5,22.8,12.0,14.0,3.3,曇,雨時々曇
2025/4/11,15.5,20.0,12.9,2.0,0.3,曇後一時雨、雷を伴う,曇一時雨後晴、雷を伴う
2025/4/12,15.3,20.5,11.2,0,9.2,晴,曇
2025/4/13,13.1,14.1,11.9,12.0,0.0,雨一時曇,雨後一時曇
2025/4/14,16.9,23.0,13.4,10.0,8.0,晴一時薄曇,晴時々曇後一時雨
2025/4/15,16.2,22.0,11.1,0.0,9.7,晴時々曇一時雨,晴時々曇
2025/4/16,14.8,21.1,7.7,0,12.3,快晴,快晴
2025/4/17,17.8,25.2,10.0,0,11.4,薄曇時々晴,薄曇時々晴
2025/4/18,19.2,24.9,13.8,0,7.3,薄曇,晴一時薄曇